Sep 23 21:35:41 ip-172-31-10-147 systemd[1]: Stopping kubelet.service - kubelet: The Kubernetes Node Agent...
Sep 23 21:35:41 ip-172-31-10-147 kubelet[8207]: I0923 21:35:41.074124    8207 volume_manager.go:316] "Shutting down Kubelet Volume Manager"
Sep 23 21:35:41 ip-172-31-10-147 kubelet[8207]: I0923 21:35:41.074166    8207 tlsconfig.go:258] "Shutting down DynamicServingCertificateController"
Sep 23 21:35:41 ip-172-31-10-147 systemd[1]: kubelet.service: Deactivated successfully.
Sep 23 21:35:41 ip-172-31-10-147 systemd[1]: Stopped kubelet.service - kubelet: The Kubernetes Node Agent.
Sep 23 21:35:41 ip-172-31-10-147 systemd[1]: kubelet.service: Consumed 8.811s CPU time.
Sep 23 21:36:06 ip-172-31-10-147 systemd[1]: Started kubelet.service - kubelet: The Kubernetes Node Agent.
Sep 23 21:36:06 ip-172-31-10-147 kubelet[13623]: I0923 21:36:06.578208   13623 server.go:545] "Kubelet version" kubeletVersion="v1.36.5"
Sep 23 21:36:06 ip-172-31-10-147 kubelet[13623]: I0923 21:36:06.578305   13623 server.go:547] "Golang settings" GOGC="" GOMAXPROCS="" GOTRACEBACK=""
Sep 23 21:36:06 ip-172-31-10-147 kubelet[13623]: I0923 21:36:06.578335   13623 watchdog_linux.go:94] "Systemd watchdog is not enabled"
Sep 23 21:36:06 ip-172-31-10-147 kubelet[13623]: I0923 21:36:06.578344   13623 watchdog_linux.go:137] "Systemd watchdog is not enabled or the interval is invalid, so health checking will not be started."
Sep 23 21:36:06 ip-172-31-10-147 kubelet[13623]: I0923 21:36:06.579056   13623 server.go:985] "Client rotation is on, will bootstrap in background"
Sep 23 21:36:06 ip-172-31-10-147 kubelet[13623]: I0923 21:36:06.581724   13623 certificate_store.go:147] "Loading cert/key pair from a file" filePath="/var/lib/kubelet/pki/kubelet-client-current.pem"
Sep 23 21:36:06 ip-172-31-10-147 kubelet[13623]: I0923 21:36:06.586496   13623 dynamic_cafile_content.go:161] "Starting controller" name="client-ca-bundle::/etc/kubernetes/pki/ca.crt"
Sep 23 21:36:06 ip-172-31-10-147 kubelet[13623]: I0923 21:36:06.596598   13623 server.go:1448] "Using cgroup driver setting received from the CRI runtime" cgroupDriver="systemd"
Sep 23 21:36:06 ip-172-31-10-147 kubelet[13623]: I0923 21:36:06.603341   13623 server.go:808] "--cgroups-per-qos enabled, but --cgroup-root was not specified.  Defaulting to /"
Sep 23 21:36:06 ip-172-31-10-147 kubelet[13623]: I0923 21:36:06.603795   13623 container_manager_linux.go:273] "Container manager verified user specified cgroup-root exists" cgroupRoot=[]
Sep 23 21:36:06 ip-172-31-10-147 kubelet[13623]: I0923 21:36:06.603859   13623 container_manager_linux.go:278] "Creating Container Manager object based on Node Config" nodeConfig={"NodeName":"ip-172-31-10-147","RuntimeCgroupsName":"","SystemCgroupsName":"","KubeletCgroupsName":"","KubeletOOMScoreAdj":-999,"ContainerRuntime":"","CgroupsPerQOS":true,"CgroupRoot":"/","CgroupDriver":"systemd","KubeletRootDir":"/var/lib/kubelet","ProtectKernelDefaults":false,"KubeReservedCgroupName":"","SystemReservedCgroupName":"","ReservedSystemCPUs":{},"EnforceNodeAllocatable":{"pods":{}},"KubeReserved":null,"SystemReserved":null,"HardEvictionThresholds":[{"Signal":"memory.available","Operator":"LessThan","Value":{"Quantity":"100Mi","Percentage":0},"GracePeriod":0,"MinReclaim":null},{"Signal":"nodefs.available","Operator":"LessThan","Value":{"Quantity":null,"Percentage":0.1},"GracePeriod":0,"MinReclaim":null},{"Signal":"nodefs.inodesFree","Operator":"LessThan","Value":{"Quantity":null,"Percentage":0.05},"GracePeriod":0,"MinReclaim":null},{"Signal":"imagefs.available","Operator":"LessThan","Value":{"Quantity":null,"Percentage":0.15},"GracePeriod":0,"MinReclaim":null},{"Signal":"imagefs.inodesFree","Operator":"LessThan","Value":{"Quantity":null,"Percentage":0.05},"GracePeriod":0,"MinReclaim":null}],"QOSReserved":{},"CPUManagerPolicy":"none","CPUManagerPolicyOptions":null,"TopologyManagerScope":"container","CPUManagerReconcilePeriod":10000000000,"MemoryManagerPolicy":"None","MemoryManagerReservedMemory":null,"MemoryReservationPolicy":"None","PodPidsLimit":-1,"EnforceCPULimits":true,"CPUCFSQuotaPeriod":100000000,"TopologyManagerPolicy":"none","TopologyManagerPolicyOptions":null,"CgroupVersion":2}
Sep 23 21:36:06 ip-172-31-10-147 kubelet[13623]: I0923 21:36:06.604162   13623 topology_manager.go:172] "Creating topology manager with none policy"
Sep 23 21:36:06 ip-172-31-10-147 kubelet[13623]: I0923 21:36:06.604178   13623 container_manager_linux.go:309] "Creating device plugin manager"
Sep 23 21:36:06 ip-172-31-10-147 kubelet[13623]: I0923 21:36:06.604223   13623 container_manager_linux.go:318] "Creating Dynamic Resource Allocation (DRA) manager"
Sep 23 21:36:06 ip-172-31-10-147 kubelet[13623]: I0923 21:36:06.604589   13623 state_mem.go:45] "Initialized" logger="CPUManager state memory"
Sep 23 21:36:06 ip-172-31-10-147 kubelet[13623]: I0923 21:36:06.604876   13623 kubelet.go:485] "Attempting to sync node with API server"
Sep 23 21:36:06 ip-172-31-10-147 kubelet[13623]: I0923 21:36:06.604895   13623 kubelet.go:386] "Adding static pod path" path="/etc/kubernetes/manifests"
Sep 23 21:36:06 ip-172-31-10-147 kubelet[13623]: I0923 21:36:06.604920   13623 kubelet.go:397] "Adding apiserver pod source"
Sep 23 21:36:06 ip-172-31-10-147 kubelet[13623]: I0923 21:36:06.604935   13623 apiserver.go:41] "Waiting for node sync before watching apiserver pods"
Sep 23 21:36:06 ip-172-31-10-147 kubelet[13623]: I0923 21:36:06.609036   13623 kuberuntime_manager.go:308] "Container runtime initialized" containerRuntime="containerd" version="v2.2.5" apiVersion="v1"
Sep 23 21:36:06 ip-172-31-10-147 kubelet[13623]: I0923 21:36:06.611823   13623 kubelet.go:1002] "Not starting ClusterTrustBundle informer because we are in static kubelet mode or the ClusterTrustBundleProjection featuregate is disabled"
Sep 23 21:36:06 ip-172-31-10-147 kubelet[13623]: I0923 21:36:06.611889   13623 kubelet.go:1029] "Not starting PodCertificateRequest manager because we are in static kubelet mode or the PodCertificateProjection feature gate is disabled"
Sep 23 21:36:06 ip-172-31-10-147 kubelet[13623]: I0923 21:36:06.616395   13623 server.go:1285] "Started kubelet"
Sep 23 21:36:06 ip-172-31-10-147 kubelet[13623]: I0923 21:36:06.621549   13623 server.go:193] "Starting to listen" address="0.0.0.0" port=10250
Sep 23 21:36:06 ip-172-31-10-147 kubelet[13623]: I0923 21:36:06.622674   13623 fs_resource_analyzer.go:69] "Starting FS ResourceAnalyzer"
Sep 23 21:36:06 ip-172-31-10-147 kubelet[13623]: I0923 21:36:06.625701   13623 server.go:354] "Adding debug handlers to kubelet server"
Sep 23 21:36:06 ip-172-31-10-147 kubelet[13623]: I0923 21:36:06.631110   13623 ratelimit.go:56] "Setting rate limiting for endpoint" service="podresources" qps=100 burstTokens=10
Sep 23 21:36:06 ip-172-31-10-147 kubelet[13623]: I0923 21:36:06.632013   13623 dynamic_serving_content.go:135] "Starting controller" name="kubelet-server-cert-files::/var/lib/kubelet/pki/kubelet.crt::/var/lib/kubelet/pki/kubelet.key"
Sep 23 21:36:06 ip-172-31-10-147 kubelet[13623]: I0923 21:36:06.632245   13623 tlsconfig.go:243] "Starting DynamicServingCertificateController"
Sep 23 21:36:06 ip-172-31-10-147 kubelet[13623]: I0923 21:36:06.635536   13623 server_v1.go:49] "podresources" method="list" useActivePods=true
Sep 23 21:36:06 ip-172-31-10-147 kubelet[13623]: I0923 21:36:06.645613   13623 volume_manager.go:310] "Starting Kubelet Volume Manager"
Sep 23 21:36:06 ip-172-31-10-147 kubelet[13623]: E0923 21:36:06.646033   13623 kubelet_node_status.go:396] "Error getting the current node from lister" err="node \"ip-172-31-10-147\" not found"
Sep 23 21:36:06 ip-172-31-10-147 kubelet[13623]: E0923 21:36:06.646453   13623 kubelet.go:3516] "Unable to register mirror pod because node is not registered yet" err="node \"ip-172-31-10-147\" not found" node="ip-172-31-10-147"
Sep 23 21:36:06 ip-172-31-10-147 kubelet[13623]: I0923 21:36:06.649153   13623 desired_state_of_world_populator.go:146] "Desired state populator starts to run"
Sep 23 21:36:06 ip-172-31-10-147 kubelet[13623]: I0923 21:36:06.649450   13623 server.go:264] "Starting to serve the podresources API" endpoint="unix:/var/lib/kubelet/pod-resources/kubelet.sock"
Sep 23 21:36:06 ip-172-31-10-147 kubelet[13623]: I0923 21:36:06.660008   13623 reconciler.go:29] "Reconciler: start to sync state"
Sep 23 21:36:06 ip-172-31-10-147 kubelet[13623]: I0923 21:36:06.671198   13623 factory.go:222] Registration of the systemd container factory successfully
Sep 23 21:36:06 ip-172-31-10-147 kubelet[13623]: I0923 21:36:06.671822   13623 factory.go:220] Registration of the crio container factory failed: Get "http://%2Fvar%2Frun%2Fcrio%2Fcrio.sock/info": dial unix /var/run/crio/crio.sock: connect: no such file or directory
Sep 23 21:36:06 ip-172-31-10-147 kubelet[13623]: I0923 21:36:06.697009   13623 factory.go:222] Registration of the containerd container factory successfully
Sep 23 21:36:06 ip-172-31-10-147 kubelet[13623]: I0923 21:36:06.714872   13623 kubelet_network_linux.go:53] "Initialized iptables rules." protocol="IPv4"
Sep 23 21:36:06 ip-172-31-10-147 kubelet[13623]: I0923 21:36:06.717811   13623 kubelet_network_linux.go:53] "Initialized iptables rules." protocol="IPv6"
Sep 23 21:36:06 ip-172-31-10-147 kubelet[13623]: I0923 21:36:06.718127   13623 status_manager.go:277] "Starting to sync pod status with apiserver"
Sep 23 21:36:06 ip-172-31-10-147 kubelet[13623]: I0923 21:36:06.718280   13623 kubelet.go:2622] "Starting kubelet main sync loop"
Sep 23 21:36:06 ip-172-31-10-147 kubelet[13623]: E0923 21:36:06.718787   13623 kubelet.go:2646] "Skipping pod synchronization" err="[container runtime status check may not have completed yet, PLEG is not healthy: pleg has yet to be successful]"
Sep 23 21:36:06 ip-172-31-10-147 kubelet[13623]: E0923 21:36:06.748186   13623 kubelet_node_status.go:396] "Error getting the current node from lister" err="node \"ip-172-31-10-147\" not found"
Sep 23 21:36:06 ip-172-31-10-147 kubelet[13623]: E0923 21:36:06.748771   13623 kubelet.go:3516] "Unable to register mirror pod because node is not registered yet" err="node \"ip-172-31-10-147\" not found" node="ip-172-31-10-147"
Sep 23 21:36:06 ip-172-31-10-147 kubelet[13623]: E0923 21:36:06.819227   13623 kubelet.go:2646] "Skipping pod synchronization" err="container runtime status check may not have completed yet"
Sep 23 21:36:06 ip-172-31-10-147 kubelet[13623]: E0923 21:36:06.846542   13623 kubelet.go:3516] "Unable to register mirror pod because node is not registered yet" err="node \"ip-172-31-10-147\" not found" node="ip-172-31-10-147"
Sep 23 21:36:06 ip-172-31-10-147 kubelet[13623]: E0923 21:36:06.848254   13623 kubelet_node_status.go:396] "Error getting the current node from lister" err="node \"ip-172-31-10-147\" not found"
Sep 23 21:36:06 ip-172-31-10-147 kubelet[13623]: I0923 21:36:06.893946   13623 cpu_manager.go:235] "Starting" policy="none"
Sep 23 21:36:06 ip-172-31-10-147 kubelet[13623]: I0923 21:36:06.893970   13623 cpu_manager.go:236] "Reconciling" reconcilePeriod="10s"
Sep 23 21:36:06 ip-172-31-10-147 kubelet[13623]: I0923 21:36:06.894010   13623 state_mem.go:45] "Initialized" logger="CPUManager state checkpoint.CPUManager state memory"
Sep 23 21:36:06 ip-172-31-10-147 kubelet[13623]: I0923 21:36:06.895063   13623 state_mem.go:123] "Updated default CPUSet" logger="CPUManager state checkpoint.CPUManager state memory" cpuSet=""
Sep 23 21:36:06 ip-172-31-10-147 kubelet[13623]: I0923 21:36:06.895162   13623 state_mem.go:141] "Updated CPUSet assignments" logger="CPUManager state checkpoint.CPUManager state memory" assignments={}
Sep 23 21:36:06 ip-172-31-10-147 kubelet[13623]: I0923 21:36:06.895196   13623 policy_none.go:50] "Start"
Sep 23 21:36:06 ip-172-31-10-147 kubelet[13623]: I0923 21:36:06.895416   13623 memory_manager.go:190] "Starting memorymanager" policy="None"
Sep 23 21:36:06 ip-172-31-10-147 kubelet[13623]: I0923 21:36:06.895444   13623 state_mem.go:40] "Initializing new in-memory state store" logger="Memory Manager state checkpoint"
Sep 23 21:36:06 ip-172-31-10-147 kubelet[13623]: I0923 21:36:06.896332   13623 state_mem.go:112] "Updated machine memory state" logger="Memory Manager state checkpoint"
Sep 23 21:36:06 ip-172-31-10-147 kubelet[13623]: I0923 21:36:06.896369   13623 policy_none.go:44] "Start"
Sep 23 21:36:06 ip-172-31-10-147 kubelet[13623]: E0923 21:36:06.906749   13623 manager.go:525] "Failed to read data from checkpoint" err="checkpoint is not found" checkpoint="kubelet_internal_checkpoint"
Sep 23 21:36:06 ip-172-31-10-147 kubelet[13623]: I0923 21:36:06.907423   13623 eviction_manager.go:194] "Eviction manager: starting control loop"
Sep 23 21:36:06 ip-172-31-10-147 kubelet[13623]: I0923 21:36:06.907444   13623 container_log_manager.go:146] "Initializing container log rotate workers" workers=1 monitorPeriod="10s"
Sep 23 21:36:06 ip-172-31-10-147 kubelet[13623]: I0923 21:36:06.908225   13623 plugin_manager.go:121] "Starting Kubelet Plugin Manager"
Sep 23 21:36:06 ip-172-31-10-147 kubelet[13623]: E0923 21:36:06.914325   13623 eviction_manager.go:272] "eviction manager: failed to check if we have separate container filesystem. Ignoring." err="no imagefs label for configured runtime"
Sep 23 21:36:06 ip-172-31-10-147 kubelet[13623]: E0923 21:36:06.914446   13623 eviction_manager.go:297] "Eviction manager: failed to get summary stats" err="failed to get node info: node \"ip-172-31-10-147\" not found"
Sep 23 21:36:06 ip-172-31-10-147 kubelet[13623]: E0923 21:36:06.946592   13623 kubelet.go:3516] "Unable to register mirror pod because node is not registered yet" err="node \"ip-172-31-10-147\" not found" node="ip-172-31-10-147"
Sep 23 21:36:07 ip-172-31-10-147 kubelet[13623]: I0923 21:36:07.010041   13623 kubelet_node_status.go:75] "Attempting to register node" node="ip-172-31-10-147"
Sep 23 21:36:07 ip-172-31-10-147 kubelet[13623]: E0923 21:36:07.025860   13623 kubelet.go:3495] "No need to create a mirror pod, since failed to get node info from the cluster" err="node \"ip-172-31-10-147\" not found" node="ip-172-31-10-147"
Sep 23 21:36:07 ip-172-31-10-147 kubelet[13623]: E0923 21:36:07.027677   13623 kubelet.go:3495] "No need to create a mirror pod, since failed to get node info from the cluster" err="node \"ip-172-31-10-147\" not found" node="ip-172-31-10-147"
Sep 23 21:36:07 ip-172-31-10-147 kubelet[13623]: E0923 21:36:07.030878   13623 kubelet.go:3495] "No need to create a mirror pod, since failed to get node info from the cluster" err="node \"ip-172-31-10-147\" not found" node="ip-172-31-10-147"
Sep 23 21:36:07 ip-172-31-10-147 kubelet[13623]: E0923 21:36:07.032319   13623 kubelet.go:3495] "No need to create a mirror pod, since failed to get node info from the cluster" err="node \"ip-172-31-10-147\" not found" node="ip-172-31-10-147"
Sep 23 21:36:07 ip-172-31-10-147 kubelet[13623]: E0923 21:36:07.046771   13623 kubelet.go:3516] "Unable to register mirror pod because node is not registered yet" err="node \"ip-172-31-10-147\" not found" node="ip-172-31-10-147"
Sep 23 21:36:07 ip-172-31-10-147 kubelet[13623]: E0923 21:36:07.147189   13623 kubelet.go:3516] "Unable to register mirror pod because node is not registered yet" err="node \"ip-172-31-10-147\" not found" node="ip-172-31-10-147"
Sep 23 21:36:07 ip-172-31-10-147 kubelet[13623]: E0923 21:36:07.246594   13623 kubelet.go:3516] "Unable to register mirror pod because node is not registered yet" err="node \"ip-172-31-10-147\" not found" node="ip-172-31-10-147"
Sep 23 21:36:07 ip-172-31-10-147 kubelet[13623]: E0923 21:36:07.347170   13623 kubelet.go:3516] "Unable to register mirror pod because node is not registered yet" err="node \"ip-172-31-10-147\" not found" node="ip-172-31-10-147"
Sep 23 21:36:07 ip-172-31-10-147 kubelet[13623]: E0923 21:36:07.446637   13623 kubelet.go:3516] "Unable to register mirror pod because node is not registered yet" err="node \"ip-172-31-10-147\" not found" node="ip-172-31-10-147"
Sep 23 21:36:07 ip-172-31-10-147 kubelet[13623]: E0923 21:36:07.547369   13623 kubelet.go:3516] "Unable to register mirror pod because node is not registered yet" err="node \"ip-172-31-10-147\" not found" node="ip-172-31-10-147"
Sep 23 21:36:07 ip-172-31-10-147 kubelet[13623]: E0923 21:36:07.647450   13623 kubelet.go:3516] "Unable to register mirror pod because node is not registered yet" err="node \"ip-172-31-10-147\" not found" node="ip-172-31-10-147"
Sep 23 21:36:07 ip-172-31-10-147 kubelet[13623]: E0923 21:36:07.747145   13623 kubelet.go:3516] "Unable to register mirror pod because node is not registered yet" err="node \"ip-172-31-10-147\" not found" node="ip-172-31-10-147"
Sep 23 21:36:07 ip-172-31-10-147 kubelet[13623]: E0923 21:36:07.846814   13623 kubelet.go:3516] "Unable to register mirror pod because node is not registered yet" err="node \"ip-172-31-10-147\" not found" node="ip-172-31-10-147"
Sep 23 21:36:07 ip-172-31-10-147 kubelet[13623]: E0923 21:36:07.946790   13623 kubelet.go:3516] "Unable to register mirror pod because node is not registered yet" err="node \"ip-172-31-10-147\" not found" node="ip-172-31-10-147"
Sep 23 21:36:08 ip-172-31-10-147 kubelet[13623]: E0923 21:36:08.046565   13623 kubelet.go:3516] "Unable to register mirror pod because node is not registered yet" err="node \"ip-172-31-10-147\" not found" node="ip-172-31-10-147"
Sep 23 21:36:08 ip-172-31-10-147 kubelet[13623]: E0923 21:36:08.147177   13623 kubelet.go:3516] "Unable to register mirror pod because node is not registered yet" err="node \"ip-172-31-10-147\" not found" node="ip-172-31-10-147"
Sep 23 21:36:08 ip-172-31-10-147 kubelet[13623]: E0923 21:36:08.246995   13623 kubelet.go:3516] "Unable to register mirror pod because node is not registered yet" err="node \"ip-172-31-10-147\" not found" node="ip-172-31-10-147"
Sep 23 21:36:08 ip-172-31-10-147 kubelet[13623]: E0923 21:36:08.346621   13623 kubelet.go:3516] "Unable to register mirror pod because node is not registered yet" err="node \"ip-172-31-10-147\" not found" node="ip-172-31-10-147"
Sep 23 21:36:08 ip-172-31-10-147 kubelet[13623]: E0923 21:36:08.447235   13623 kubelet.go:3516] "Unable to register mirror pod because node is not registered yet" err="node \"ip-172-31-10-147\" not found" node="ip-172-31-10-147"
Sep 23 21:36:08 ip-172-31-10-147 kubelet[13623]: E0923 21:36:08.546826   13623 kubelet.go:3516] "Unable to register mirror pod because node is not registered yet" err="node \"ip-172-31-10-147\" not found" node="ip-172-31-10-147"
Sep 23 21:36:08 ip-172-31-10-147 kubelet[13623]: E0923 21:36:08.646745   13623 kubelet.go:3516] "Unable to register mirror pod because node is not registered yet" err="node \"ip-172-31-10-147\" not found" node="ip-172-31-10-147"
Sep 23 21:36:08 ip-172-31-10-147 kubelet[13623]: E0923 21:36:08.747596   13623 kubelet.go:3516] "Unable to register mirror pod because node is not registered yet" err="node \"ip-172-31-10-147\" not found" node="ip-172-31-10-147"
Sep 23 21:36:08 ip-172-31-10-147 kubelet[13623]: E0923 21:36:08.846805   13623 kubelet.go:3516] "Unable to register mirror pod because node is not registered yet" err="node \"ip-172-31-10-147\" not found" node="ip-172-31-10-147"
Sep 23 21:36:08 ip-172-31-10-147 kubelet[13623]: E0923 21:36:08.946639   13623 kubelet.go:3516] "Unable to register mirror pod because node is not registered yet" err="node \"ip-172-31-10-147\" not found" node="ip-172-31-10-147"
Sep 23 21:36:09 ip-172-31-10-147 kubelet[13623]: E0923 21:36:09.047207   13623 kubelet.go:3516] "Unable to register mirror pod because node is not registered yet" err="node \"ip-172-31-10-147\" not found" node="ip-172-31-10-147"
Sep 23 21:36:09 ip-172-31-10-147 kubelet[13623]: E0923 21:36:09.147314   13623 kubelet.go:3516] "Unable to register mirror pod because node is not registered yet" err="node \"ip-172-31-10-147\" not found" node="ip-172-31-10-147"
Sep 23 21:36:09 ip-172-31-10-147 kubelet[13623]: E0923 21:36:09.247172   13623 kubelet.go:3516] "Unable to register mirror pod because node is not registered yet" err="node \"ip-172-31-10-147\" not found" node="ip-172-31-10-147"
Sep 23 21:36:09 ip-172-31-10-147 kubelet[13623]: E0923 21:36:09.346596   13623 kubelet.go:3516] "Unable to register mirror pod because node is not registered yet" err="node \"ip-172-31-10-147\" not found" node="ip-172-31-10-147"
Sep 23 21:36:09 ip-172-31-10-147 kubelet[13623]: E0923 21:36:09.447374   13623 kubelet.go:3516] "Unable to register mirror pod because node is not registered yet" err="node \"ip-172-31-10-147\" not found" node="ip-172-31-10-147"
Sep 23 21:36:09 ip-172-31-10-147 kubelet[13623]: E0923 21:36:09.547075   13623 kubelet.go:3516] "Unable to register mirror pod because node is not registered yet" err="node \"ip-172-31-10-147\" not found" node="ip-172-31-10-147"
Sep 23 21:36:09 ip-172-31-10-147 kubelet[13623]: E0923 21:36:09.646766   13623 kubelet.go:3516] "Unable to register mirror pod because node is not registered yet" err="node \"ip-172-31-10-147\" not found" node="ip-172-31-10-147"
Sep 23 21:36:09 ip-172-31-10-147 kubelet[13623]: E0923 21:36:09.746907   13623 kubelet.go:3516] "Unable to register mirror pod because node is not registered yet" err="node \"ip-172-31-10-147\" not found" node="ip-172-31-10-147"
Sep 23 21:36:09 ip-172-31-10-147 kubelet[13623]: E0923 21:36:09.846997   13623 kubelet.go:3516] "Unable to register mirror pod because node is not registered yet" err="node \"ip-172-31-10-147\" not found" node="ip-172-31-10-147"
Sep 23 21:36:09 ip-172-31-10-147 kubelet[13623]: E0923 21:36:09.946874   13623 kubelet.go:3516] "Unable to register mirror pod because node is not registered yet" err="node \"ip-172-31-10-147\" not found" node="ip-172-31-10-147"
Sep 23 21:36:10 ip-172-31-10-147 kubelet[13623]: E0923 21:36:10.047588   13623 kubelet.go:3516] "Unable to register mirror pod because node is not registered yet" err="node \"ip-172-31-10-147\" not found" node="ip-172-31-10-147"
Sep 23 21:36:10 ip-172-31-10-147 kubelet[13623]: E0923 21:36:10.147246   13623 kubelet.go:3516] "Unable to register mirror pod because node is not registered yet" err="node \"ip-172-31-10-147\" not found" node="ip-172-31-10-147"
Sep 23 21:36:10 ip-172-31-10-147 kubelet[13623]: E0923 21:36:10.246903   13623 kubelet.go:3516] "Unable to register mirror pod because node is not registered yet" err="node \"ip-172-31-10-147\" not found" node="ip-172-31-10-147"
Sep 23 21:36:10 ip-172-31-10-147 kubelet[13623]: E0923 21:36:10.347305   13623 kubelet.go:3516] "Unable to register mirror pod because node is not registered yet" err="node \"ip-172-31-10-147\" not found" node="ip-172-31-10-147"
Sep 23 21:36:10 ip-172-31-10-147 kubelet[13623]: E0923 21:36:10.446953   13623 kubelet.go:3516] "Unable to register mirror pod because node is not registered yet" err="node \"ip-172-31-10-147\" not found" node="ip-172-31-10-147"
Sep 23 21:36:10 ip-172-31-10-147 kubelet[13623]: E0923 21:36:10.546525   13623 kubelet.go:3516] "Unable to register mirror pod because node is not registered yet" err="node \"ip-172-31-10-147\" not found" node="ip-172-31-10-147"
Sep 23 21:36:10 ip-172-31-10-147 kubelet[13623]: E0923 21:36:10.646900   13623 kubelet.go:3516] "Unable to register mirror pod because node is not registered yet" err="node \"ip-172-31-10-147\" not found" node="ip-172-31-10-147"
Sep 23 21:36:10 ip-172-31-10-147 kubelet[13623]: E0923 21:36:10.746796   13623 kubelet.go:3516] "Unable to register mirror pod because node is not registered yet" err="node \"ip-172-31-10-147\" not found" node="ip-172-31-10-147"
Sep 23 21:36:10 ip-172-31-10-147 kubelet[13623]: E0923 21:36:10.846560   13623 kubelet.go:3516] "Unable to register mirror pod because node is not registered yet" err="node \"ip-172-31-10-147\" not found" node="ip-172-31-10-147"
Sep 23 21:36:10 ip-172-31-10-147 kubelet[13623]: E0923 21:36:10.947482   13623 kubelet.go:3516] "Unable to register mirror pod because node is not registered yet" err="node \"ip-172-31-10-147\" not found" node="ip-172-31-10-147"
Sep 23 21:36:11 ip-172-31-10-147 kubelet[13623]: E0923 21:36:11.047368   13623 kubelet.go:3516] "Unable to register mirror pod because node is not registered yet" err="node \"ip-172-31-10-147\" not found" node="ip-172-31-10-147"
Sep 23 21:36:11 ip-172-31-10-147 kubelet[13623]: E0923 21:36:11.147529   13623 kubelet.go:3516] "Unable to register mirror pod because node is not registered yet" err="node \"ip-172-31-10-147\" not found" node="ip-172-31-10-147"
Sep 23 21:36:11 ip-172-31-10-147 kubelet[13623]: E0923 21:36:11.247413   13623 kubelet.go:3516] "Unable to register mirror pod because node is not registered yet" err="node \"ip-172-31-10-147\" not found" node="ip-172-31-10-147"
Sep 23 21:36:11 ip-172-31-10-147 kubelet[13623]: E0923 21:36:11.347057   13623 kubelet.go:3516] "Unable to register mirror pod because node is not registered yet" err="node \"ip-172-31-10-147\" not found" node="ip-172-31-10-147"
Sep 23 21:36:11 ip-172-31-10-147 kubelet[13623]: E0923 21:36:11.447578   13623 kubelet.go:3516] "Unable to register mirror pod because node is not registered yet" err="node \"ip-172-31-10-147\" not found" node="ip-172-31-10-147"
Sep 23 21:36:11 ip-172-31-10-147 kubelet[13623]: E0923 21:36:11.547384   13623 kubelet.go:3516] "Unable to register mirror pod because node is not registered yet" err="node \"ip-172-31-10-147\" not found" node="ip-172-31-10-147"
Sep 23 21:36:11 ip-172-31-10-147 kubelet[13623]: E0923 21:36:11.647426   13623 kubelet.go:3516] "Unable to register mirror pod because node is not registered yet" err="node \"ip-172-31-10-147\" not found" node="ip-172-31-10-147"
Sep 23 21:36:11 ip-172-31-10-147 kubelet[13623]: E0923 21:36:11.747269   13623 kubelet.go:3516] "Unable to register mirror pod because node is not registered yet" err="node \"ip-172-31-10-147\" not found" node="ip-172-31-10-147"
Sep 23 21:36:11 ip-172-31-10-147 kubelet[13623]: E0923 21:36:11.847281   13623 kubelet.go:3516] "Unable to register mirror pod because node is not registered yet" err="node \"ip-172-31-10-147\" not found" node="ip-172-31-10-147"
Sep 23 21:36:11 ip-172-31-10-147 kubelet[13623]: E0923 21:36:11.947575   13623 kubelet.go:3516] "Unable to register mirror pod because node is not registered yet" err="node \"ip-172-31-10-147\" not found" node="ip-172-31-10-147"
Sep 23 21:36:12 ip-172-31-10-147 kubelet[13623]: E0923 21:36:12.047404   13623 kubelet.go:3516] "Unable to register mirror pod because node is not registered yet" err="node \"ip-172-31-10-147\" not found" node="ip-172-31-10-147"
Sep 23 21:36:12 ip-172-31-10-147 kubelet[13623]: E0923 21:36:12.146562   13623 kubelet.go:3516] "Unable to register mirror pod because node is not registered yet" err="node \"ip-172-31-10-147\" not found" node="ip-172-31-10-147"
Sep 23 21:36:12 ip-172-31-10-147 kubelet[13623]: E0923 21:36:12.247118   13623 kubelet.go:3516] "Unable to register mirror pod because node is not registered yet" err="node \"ip-172-31-10-147\" not found" node="ip-172-31-10-147"
Sep 23 21:36:12 ip-172-31-10-147 kubelet[13623]: E0923 21:36:12.346547   13623 kubelet.go:3516] "Unable to register mirror pod because node is not registered yet" err="node \"ip-172-31-10-147\" not found" node="ip-172-31-10-147"
Sep 23 21:36:12 ip-172-31-10-147 kubelet[13623]: E0923 21:36:12.447260   13623 kubelet.go:3516] "Unable to register mirror pod because node is not registered yet" err="node \"ip-172-31-10-147\" not found" node="ip-172-31-10-147"
Sep 23 21:36:12 ip-172-31-10-147 kubelet[13623]: E0923 21:36:12.546875   13623 kubelet.go:3516] "Unable to register mirror pod because node is not registered yet" err="node \"ip-172-31-10-147\" not found" node="ip-172-31-10-147"
Sep 23 21:36:12 ip-172-31-10-147 kubelet[13623]: E0923 21:36:12.647321   13623 kubelet.go:3516] "Unable to register mirror pod because node is not registered yet" err="node \"ip-172-31-10-147\" not found" node="ip-172-31-10-147"
Sep 23 21:36:12 ip-172-31-10-147 kubelet[13623]: E0923 21:36:12.747324   13623 kubelet.go:3516] "Unable to register mirror pod because node is not registered yet" err="node \"ip-172-31-10-147\" not found" node="ip-172-31-10-147"
Sep 23 21:36:12 ip-172-31-10-147 kubelet[13623]: E0923 21:36:12.847229   13623 kubelet.go:3516] "Unable to register mirror pod because node is not registered yet" err="node \"ip-172-31-10-147\" not found" node="ip-172-31-10-147"
Sep 23 21:36:12 ip-172-31-10-147 kubelet[13623]: E0923 21:36:12.947249   13623 kubelet.go:3516] "Unable to register mirror pod because node is not registered yet" err="node \"ip-172-31-10-147\" not found" node="ip-172-31-10-147"
Sep 23 21:36:13 ip-172-31-10-147 kubelet[13623]: E0923 21:36:13.046666   13623 kubelet.go:3516] "Unable to register mirror pod because node is not registered yet" err="node \"ip-172-31-10-147\" not found" node="ip-172-31-10-147"
Sep 23 21:36:13 ip-172-31-10-147 kubelet[13623]: E0923 21:36:13.147229   13623 kubelet.go:3516] "Unable to register mirror pod because node is not registered yet" err="node \"ip-172-31-10-147\" not found" node="ip-172-31-10-147"
Sep 23 21:36:13 ip-172-31-10-147 kubelet[13623]: E0923 21:36:13.247130   13623 kubelet.go:3516] "Unable to register mirror pod because node is not registered yet" err="node \"ip-172-31-10-147\" not found" node="ip-172-31-10-147"
Sep 23 21:36:13 ip-172-31-10-147 kubelet[13623]: E0923 21:36:13.347235   13623 kubelet.go:3516] "Unable to register mirror pod because node is not registered yet" err="node \"ip-172-31-10-147\" not found" node="ip-172-31-10-147"
Sep 23 21:36:13 ip-172-31-10-147 kubelet[13623]: E0923 21:36:13.446871   13623 kubelet.go:3516] "Unable to register mirror pod because node is not registered yet" err="node \"ip-172-31-10-147\" not found" node="ip-172-31-10-147"
Sep 23 21:36:13 ip-172-31-10-147 kubelet[13623]: E0923 21:36:13.547501   13623 kubelet.go:3516] "Unable to register mirror pod because node is not registered yet" err="node \"ip-172-31-10-147\" not found" node="ip-172-31-10-147"
Sep 23 21:36:13 ip-172-31-10-147 kubelet[13623]: E0923 21:36:13.647338   13623 kubelet.go:3516] "Unable to register mirror pod because node is not registered yet" err="node \"ip-172-31-10-147\" not found" node="ip-172-31-10-147"
Sep 23 21:36:13 ip-172-31-10-147 kubelet[13623]: E0923 21:36:13.746601   13623 kubelet.go:3516] "Unable to register mirror pod because node is not registered yet" err="node \"ip-172-31-10-147\" not found" node="ip-172-31-10-147"
Sep 23 21:36:13 ip-172-31-10-147 kubelet[13623]: E0923 21:36:13.847600   13623 kubelet.go:3516] "Unable to register mirror pod because node is not registered yet" err="node \"ip-172-31-10-147\" not found" node="ip-172-31-10-147"
Sep 23 21:36:13 ip-172-31-10-147 kubelet[13623]: E0923 21:36:13.947116   13623 kubelet.go:3516] "Unable to register mirror pod because node is not registered yet" err="node \"ip-172-31-10-147\" not found" node="ip-172-31-10-147"
Sep 23 21:36:14 ip-172-31-10-147 kubelet[13623]: E0923 21:36:14.046802   13623 kubelet.go:3516] "Unable to register mirror pod because node is not registered yet" err="node \"ip-172-31-10-147\" not found" node="ip-172-31-10-147"
Sep 23 21:36:14 ip-172-31-10-147 kubelet[13623]: E0923 21:36:14.147128   13623 kubelet.go:3516] "Unable to register mirror pod because node is not registered yet" err="node \"ip-172-31-10-147\" not found" node="ip-172-31-10-147"
Sep 23 21:36:14 ip-172-31-10-147 kubelet[13623]: E0923 21:36:14.246611   13623 kubelet.go:3516] "Unable to register mirror pod because node is not registered yet" err="node \"ip-172-31-10-147\" not found" node="ip-172-31-10-147"
Sep 23 21:36:14 ip-172-31-10-147 kubelet[13623]: E0923 21:36:14.347223   13623 kubelet.go:3516] "Unable to register mirror pod because node is not registered yet" err="node \"ip-172-31-10-147\" not found" node="ip-172-31-10-147"
Sep 23 21:36:14 ip-172-31-10-147 kubelet[13623]: E0923 21:36:14.446776   13623 kubelet.go:3516] "Unable to register mirror pod because node is not registered yet" err="node \"ip-172-31-10-147\" not found" node="ip-172-31-10-147"
Sep 23 21:36:14 ip-172-31-10-147 kubelet[13623]: E0923 21:36:14.547403   13623 kubelet.go:3516] "Unable to register mirror pod because node is not registered yet" err="node \"ip-172-31-10-147\" not found" node="ip-172-31-10-147"
Sep 23 21:36:14 ip-172-31-10-147 kubelet[13623]: E0923 21:36:14.646996   13623 kubelet.go:3516] "Unable to register mirror pod because node is not registered yet" err="node \"ip-172-31-10-147\" not found" node="ip-172-31-10-147"
Sep 23 21:36:14 ip-172-31-10-147 kubelet[13623]: E0923 21:36:14.746817   13623 kubelet.go:3516] "Unable to register mirror pod because node is not registered yet" err="node \"ip-172-31-10-147\" not found" node="ip-172-31-10-147"
Sep 23 21:36:14 ip-172-31-10-147 kubelet[13623]: E0923 21:36:14.846929   13623 kubelet.go:3516] "Unable to register mirror pod because node is not registered yet" err="node \"ip-172-31-10-147\" not found" node="ip-172-31-10-147"
Sep 23 21:36:14 ip-172-31-10-147 kubelet[13623]: E0923 21:36:14.946828   13623 kubelet.go:3516] "Unable to register mirror pod because node is not registered yet" err="node \"ip-172-31-10-147\" not found" node="ip-172-31-10-147"
Sep 23 21:36:15 ip-172-31-10-147 kubelet[13623]: E0923 21:36:15.047496   13623 kubelet.go:3516] "Unable to register mirror pod because node is not registered yet" err="node \"ip-172-31-10-147\" not found" node="ip-172-31-10-147"
Sep 23 21:36:15 ip-172-31-10-147 kubelet[13623]: E0923 21:36:15.147346   13623 kubelet.go:3516] "Unable to register mirror pod because node is not registered yet" err="node \"ip-172-31-10-147\" not found" node="ip-172-31-10-147"
Sep 23 21:36:15 ip-172-31-10-147 kubelet[13623]: E0923 21:36:15.246995   13623 kubelet.go:3516] "Unable to register mirror pod because node is not registered yet" err="node \"ip-172-31-10-147\" not found" node="ip-172-31-10-147"
Sep 23 21:36:15 ip-172-31-10-147 kubelet[13623]: E0923 21:36:15.347544   13623 kubelet.go:3516] "Unable to register mirror pod because node is not registered yet" err="node \"ip-172-31-10-147\" not found" node="ip-172-31-10-147"
Sep 23 21:36:15 ip-172-31-10-147 kubelet[13623]: E0923 21:36:15.447323   13623 kubelet.go:3516] "Unable to register mirror pod because node is not registered yet" err="node \"ip-172-31-10-147\" not found" node="ip-172-31-10-147"
Sep 23 21:36:15 ip-172-31-10-147 kubelet[13623]: E0923 21:36:15.547015   13623 kubelet.go:3516] "Unable to register mirror pod because node is not registered yet" err="node \"ip-172-31-10-147\" not found" node="ip-172-31-10-147"
Sep 23 21:36:15 ip-172-31-10-147 kubelet[13623]: E0923 21:36:15.646852   13623 kubelet.go:3516] "Unable to register mirror pod because node is not registered yet" err="node \"ip-172-31-10-147\" not found" node="ip-172-31-10-147"
Sep 23 21:36:15 ip-172-31-10-147 kubelet[13623]: E0923 21:36:15.747294   13623 kubelet.go:3516] "Unable to register mirror pod because node is not registered yet" err="node \"ip-172-31-10-147\" not found" node="ip-172-31-10-147"
Sep 23 21:36:15 ip-172-31-10-147 kubelet[13623]: E0923 21:36:15.847383   13623 kubelet.go:3516] "Unable to register mirror pod because node is not registered yet" err="node \"ip-172-31-10-147\" not found" node="ip-172-31-10-147"
Sep 23 21:36:15 ip-172-31-10-147 kubelet[13623]: E0923 21:36:15.947242   13623 kubelet.go:3516] "Unable to register mirror pod because node is not registered yet" err="node \"ip-172-31-10-147\" not found" node="ip-172-31-10-147"
Sep 23 21:36:16 ip-172-31-10-147 kubelet[13623]: E0923 21:36:16.046785   13623 kubelet.go:3516] "Unable to register mirror pod because node is not registered yet" err="node \"ip-172-31-10-147\" not found" node="ip-172-31-10-147"
Sep 23 21:36:16 ip-172-31-10-147 kubelet[13623]: E0923 21:36:16.147065   13623 kubelet.go:3516] "Unable to register mirror pod because node is not registered yet" err="node \"ip-172-31-10-147\" not found" node="ip-172-31-10-147"
Sep 23 21:36:16 ip-172-31-10-147 kubelet[13623]: E0923 21:36:16.246649   13623 kubelet.go:3516] "Unable to register mirror pod because node is not registered yet" err="node \"ip-172-31-10-147\" not found" node="ip-172-31-10-147"
Sep 23 21:36:16 ip-172-31-10-147 kubelet[13623]: E0923 21:36:16.347216   13623 kubelet.go:3516] "Unable to register mirror pod because node is not registered yet" err="node \"ip-172-31-10-147\" not found" node="ip-172-31-10-147"
Sep 23 21:36:16 ip-172-31-10-147 kubelet[13623]: E0923 21:36:16.447152   13623 kubelet.go:3516] "Unable to register mirror pod because node is not registered yet" err="node \"ip-172-31-10-147\" not found" node="ip-172-31-10-147"
Sep 23 21:36:16 ip-172-31-10-147 kubelet[13623]: E0923 21:36:16.546616   13623 kubelet.go:3516] "Unable to register mirror pod because node is not registered yet" err="node \"ip-172-31-10-147\" not found" node="ip-172-31-10-147"
Sep 23 21:36:16 ip-172-31-10-147 kubelet[13623]: E0923 21:36:16.646528   13623 kubelet.go:3516] "Unable to register mirror pod because node is not registered yet" err="node \"ip-172-31-10-147\" not found" node="ip-172-31-10-147"
Sep 23 21:36:16 ip-172-31-10-147 kubelet[13623]: E0923 21:36:16.646671   13623 controller.go:201] "Failed to ensure lease exists, will retry" err="Get \"https://172.31.10.147:6443/apis/coordination.k8s.io/v1/namespaces/kube-node-lease/leases/ip-172-31-10-147?timeout=10s\": net/http: request canceled (Client.Timeout exceeded while awaiting headers)" interval="200ms"
Sep 23 21:36:16 ip-172-31-10-147 kubelet[13623]: E0923 21:36:16.747445   13623 kubelet.go:3516] "Unable to register mirror pod because node is not registered yet" err="node \"ip-172-31-10-147\" not found" node="ip-172-31-10-147"
Sep 23 21:36:16 ip-172-31-10-147 kubelet[13623]: E0923 21:36:16.847266   13623 kubelet.go:3516] "Unable to register mirror pod because node is not registered yet" err="node \"ip-172-31-10-147\" not found" node="ip-172-31-10-147"
Sep 23 21:36:16 ip-172-31-10-147 kubelet[13623]: E0923 21:36:16.914730   13623 eviction_manager.go:297] "Eviction manager: failed to get summary stats" err="failed to get node info: node \"ip-172-31-10-147\" not found"
Sep 23 21:36:16 ip-172-31-10-147 kubelet[13623]: E0923 21:36:16.947042   13623 kubelet.go:3516] "Unable to register mirror pod because node is not registered yet" err="node \"ip-172-31-10-147\" not found" node="ip-172-31-10-147"
Sep 23 21:36:17 ip-172-31-10-147 kubelet[13623]: E0923 21:36:17.046611   13623 kubelet.go:3516] "Unable to register mirror pod because node is not registered yet" err="node \"ip-172-31-10-147\" not found" node="ip-172-31-10-147"
Sep 23 21:36:17 ip-172-31-10-147 kubelet[13623]: E0923 21:36:17.146821   13623 kubelet.go:3516] "Unable to register mirror pod because node is not registered yet" err="node \"ip-172-31-10-147\" not found" node="ip-172-31-10-147"
Sep 23 21:36:17 ip-172-31-10-147 kubelet[13623]: E0923 21:36:17.246539   13623 kubelet.go:3516] "Unable to register mirror pod because node is not registered yet" err="node \"ip-172-31-10-147\" not found" node="ip-172-31-10-147"
Sep 23 21:36:17 ip-172-31-10-147 kubelet[13623]: E0923 21:36:17.347291   13623 kubelet.go:3516] "Unable to register mirror pod because node is not registered yet" err="node \"ip-172-31-10-147\" not found" node="ip-172-31-10-147"
Sep 23 21:36:17 ip-172-31-10-147 kubelet[13623]: E0923 21:36:17.446899   13623 kubelet.go:3516] "Unable to register mirror pod because node is not registered yet" err="node \"ip-172-31-10-147\" not found" node="ip-172-31-10-147"
Sep 23 21:36:17 ip-172-31-10-147 kubelet[13623]: E0923 21:36:17.546632   13623 kubelet.go:3516] "Unable to register mirror pod because node is not registered yet" err="node \"ip-172-31-10-147\" not found" node="ip-172-31-10-147"
Sep 23 21:36:17 ip-172-31-10-147 kubelet[13623]: E0923 21:36:17.647030   13623 kubelet.go:3516] "Unable to register mirror pod because node is not registered yet" err="node \"ip-172-31-10-147\" not found" node="ip-172-31-10-147"
Sep 23 21:36:17 ip-172-31-10-147 kubelet[13623]: E0923 21:36:17.747488   13623 kubelet.go:3516] "Unable to register mirror pod because node is not registered yet" err="node \"ip-172-31-10-147\" not found" node="ip-172-31-10-147"
Sep 23 21:36:17 ip-172-31-10-147 kubelet[13623]: E0923 21:36:17.846868   13623 kubelet.go:3516] "Unable to register mirror pod because node is not registered yet" err="node \"ip-172-31-10-147\" not found" node="ip-172-31-10-147"
Sep 23 21:36:17 ip-172-31-10-147 kubelet[13623]: E0923 21:36:17.946578   13623 kubelet.go:3516] "Unable to register mirror pod because node is not registered yet" err="node \"ip-172-31-10-147\" not found" node="ip-172-31-10-147"
Sep 23 21:36:18 ip-172-31-10-147 kubelet[13623]: E0923 21:36:18.047157   13623 kubelet.go:3516] "Unable to register mirror pod because node is not registered yet" err="node \"ip-172-31-10-147\" not found" node="ip-172-31-10-147"
Sep 23 21:36:18 ip-172-31-10-147 kubelet[13623]: E0923 21:36:18.146995   13623 kubelet.go:3516] "Unable to register mirror pod because node is not registered yet" err="node \"ip-172-31-10-147\" not found" node="ip-172-31-10-147"
Sep 23 21:36:18 ip-172-31-10-147 kubelet[13623]: E0923 21:36:18.246587   13623 kubelet.go:3516] "Unable to register mirror pod because node is not registered yet" err="node \"ip-172-31-10-147\" not found" node="ip-172-31-10-147"
Sep 23 21:36:18 ip-172-31-10-147 kubelet[13623]: E0923 21:36:18.347147   13623 kubelet.go:3516] "Unable to register mirror pod because node is not registered yet" err="node \"ip-172-31-10-147\" not found" node="ip-172-31-10-147"
Sep 23 21:36:18 ip-172-31-10-147 kubelet[13623]: E0923 21:36:18.446566   13623 kubelet.go:3516] "Unable to register mirror pod because node is not registered yet" err="node \"ip-172-31-10-147\" not found" node="ip-172-31-10-147"
Sep 23 21:36:18 ip-172-31-10-147 kubelet[13623]: E0923 21:36:18.547217   13623 kubelet.go:3516] "Unable to register mirror pod because node is not registered yet" err="node \"ip-172-31-10-147\" not found" node="ip-172-31-10-147"
Sep 23 21:36:18 ip-172-31-10-147 kubelet[13623]: E0923 21:36:18.647085   13623 kubelet.go:3516] "Unable to register mirror pod because node is not registered yet" err="node \"ip-172-31-10-147\" not found" node="ip-172-31-10-147"
Sep 23 21:36:18 ip-172-31-10-147 kubelet[13623]: E0923 21:36:18.747554   13623 kubelet.go:3516] "Unable to register mirror pod because node is not registered yet" err="node \"ip-172-31-10-147\" not found" node="ip-172-31-10-147"
Sep 23 21:36:18 ip-172-31-10-147 kubelet[13623]: E0923 21:36:18.847144   13623 kubelet.go:3516] "Unable to register mirror pod because node is not registered yet" err="node \"ip-172-31-10-147\" not found" node="ip-172-31-10-147"
Sep 23 21:36:18 ip-172-31-10-147 kubelet[13623]: E0923 21:36:18.946740   13623 kubelet.go:3516] "Unable to register mirror pod because node is not registered yet" err="node \"ip-172-31-10-147\" not found" node="ip-172-31-10-147"
Sep 23 21:36:19 ip-172-31-10-147 kubelet[13623]: E0923 21:36:19.047299   13623 kubelet.go:3516] "Unable to register mirror pod because node is not registered yet" err="node \"ip-172-31-10-147\" not found" node="ip-172-31-10-147"
Sep 23 21:36:19 ip-172-31-10-147 kubelet[13623]: E0923 21:36:19.146952   13623 kubelet.go:3516] "Unable to register mirror pod because node is not registered yet" err="node \"ip-172-31-10-147\" not found" node="ip-172-31-10-147"
Sep 23 21:36:19 ip-172-31-10-147 kubelet[13623]: E0923 21:36:19.246551   13623 kubelet.go:3516] "Unable to register mirror pod because node is not registered yet" err="node \"ip-172-31-10-147\" not found" node="ip-172-31-10-147"
Sep 23 21:36:19 ip-172-31-10-147 kubelet[13623]: E0923 21:36:19.347010   13623 kubelet.go:3516] "Unable to register mirror pod because node is not registered yet" err="node \"ip-172-31-10-147\" not found" node="ip-172-31-10-147"
Sep 23 21:36:19 ip-172-31-10-147 kubelet[13623]: E0923 21:36:19.446570   13623 kubelet.go:3516] "Unable to register mirror pod because node is not registered yet" err="node \"ip-172-31-10-147\" not found" node="ip-172-31-10-147"
Sep 23 21:36:19 ip-172-31-10-147 kubelet[13623]: E0923 21:36:19.547244   13623 kubelet.go:3516] "Unable to register mirror pod because node is not registered yet" err="node \"ip-172-31-10-147\" not found" node="ip-172-31-10-147"
Sep 23 21:36:19 ip-172-31-10-147 kubelet[13623]: E0923 21:36:19.646964   13623 kubelet.go:3516] "Unable to register mirror pod because node is not registered yet" err="node \"ip-172-31-10-147\" not found" node="ip-172-31-10-147"
Sep 23 21:36:19 ip-172-31-10-147 kubelet[13623]: E0923 21:36:19.747071   13623 kubelet.go:3516] "Unable to register mirror pod because node is not registered yet" err="node \"ip-172-31-10-147\" not found" node="ip-172-31-10-147"
Sep 23 21:36:19 ip-172-31-10-147 kubelet[13623]: E0923 21:36:19.847261   13623 kubelet.go:3516] "Unable to register mirror pod because node is not registered yet" err="node \"ip-172-31-10-147\" not found" node="ip-172-31-10-147"
Sep 23 21:36:19 ip-172-31-10-147 kubelet[13623]: E0923 21:36:19.947306   13623 kubelet.go:3516] "Unable to register mirror pod because node is not registered yet" err="node \"ip-172-31-10-147\" not found" node="ip-172-31-10-147"
Sep 23 21:36:20 ip-172-31-10-147 kubelet[13623]: E0923 21:36:20.047399   13623 kubelet.go:3516] "Unable to register mirror pod because node is not registered yet" err="node \"ip-172-31-10-147\" not found" node="ip-172-31-10-147"
Sep 23 21:36:20 ip-172-31-10-147 kubelet[13623]: E0923 21:36:20.146783   13623 kubelet.go:3516] "Unable to register mirror pod because node is not registered yet" err="node \"ip-172-31-10-147\" not found" node="ip-172-31-10-147"
Sep 23 21:36:20 ip-172-31-10-147 kubelet[13623]: E0923 21:36:20.247423   13623 kubelet.go:3516] "Unable to register mirror pod because node is not registered yet" err="node \"ip-172-31-10-147\" not found" node="ip-172-31-10-147"
Sep 23 21:36:20 ip-172-31-10-147 kubelet[13623]: E0923 21:36:20.347100   13623 kubelet.go:3516] "Unable to register mirror pod because node is not registered yet" err="node \"ip-172-31-10-147\" not found" node="ip-172-31-10-147"
Sep 23 21:36:20 ip-172-31-10-147 kubelet[13623]: E0923 21:36:20.446587   13623 kubelet.go:3516] "Unable to register mirror pod because node is not registered yet" err="node \"ip-172-31-10-147\" not found" node="ip-172-31-10-147"
Sep 23 21:36:20 ip-172-31-10-147 kubelet[13623]: E0923 21:36:20.547556   13623 kubelet.go:3516] "Unable to register mirror pod because node is not registered yet" err="node \"ip-172-31-10-147\" not found" node="ip-172-31-10-147"
Sep 23 21:36:20 ip-172-31-10-147 kubelet[13623]: E0923 21:36:20.647541   13623 kubelet.go:3516] "Unable to register mirror pod because node is not registered yet" err="node \"ip-172-31-10-147\" not found" node="ip-172-31-10-147"
Sep 23 21:36:20 ip-172-31-10-147 kubelet[13623]: E0923 21:36:20.747595   13623 kubelet.go:3516] "Unable to register mirror pod because node is not registered yet" err="node \"ip-172-31-10-147\" not found" node="ip-172-31-10-147"
Sep 23 21:36:20 ip-172-31-10-147 kubelet[13623]: E0923 21:36:20.846952   13623 kubelet.go:3516] "Unable to register mirror pod because node is not registered yet" err="node \"ip-172-31-10-147\" not found" node="ip-172-31-10-147"
Sep 23 21:36:20 ip-172-31-10-147 kubelet[13623]: E0923 21:36:20.946724   13623 kubelet.go:3516] "Unable to register mirror pod because node is not registered yet" err="node \"ip-172-31-10-147\" not found" node="ip-172-31-10-147"
Sep 23 21:36:21 ip-172-31-10-147 kubelet[13623]: E0923 21:36:21.047030   13623 kubelet.go:3516] "Unable to register mirror pod because node is not registered yet" err="node \"ip-172-31-10-147\" not found" node="ip-172-31-10-147"
Sep 23 21:36:21 ip-172-31-10-147 kubelet[13623]: E0923 21:36:21.146581   13623 kubelet.go:3516] "Unable to register mirror pod because node is not registered yet" err="node \"ip-172-31-10-147\" not found" node="ip-172-31-10-147"
Sep 23 21:36:21 ip-172-31-10-147 kubelet[13623]: E0923 21:36:21.247314   13623 kubelet.go:3516] "Unable to register mirror pod because node is not registered yet" err="node \"ip-172-31-10-147\" not found" node="ip-172-31-10-147"
Sep 23 21:36:21 ip-172-31-10-147 kubelet[13623]: E0923 21:36:21.346905   13623 kubelet.go:3516] "Unable to register mirror pod because node is not registered yet" err="node \"ip-172-31-10-147\" not found" node="ip-172-31-10-147"
Sep 23 21:36:21 ip-172-31-10-147 kubelet[13623]: E0923 21:36:21.447120   13623 kubelet.go:3516] "Unable to register mirror pod because node is not registered yet" err="node \"ip-172-31-10-147\" not found" node="ip-172-31-10-147"
Sep 23 21:36:21 ip-172-31-10-147 kubelet[13623]: E0923 21:36:21.546534   13623 kubelet.go:3516] "Unable to register mirror pod because node is not registered yet" err="node \"ip-172-31-10-147\" not found" node="ip-172-31-10-147"
Sep 23 21:36:21 ip-172-31-10-147 kubelet[13623]: E0923 21:36:21.647336   13623 kubelet.go:3516] "Unable to register mirror pod because node is not registered yet" err="node \"ip-172-31-10-147\" not found" node="ip-172-31-10-147"
Sep 23 21:36:21 ip-172-31-10-147 kubelet[13623]: E0923 21:36:21.747591   13623 kubelet.go:3516] "Unable to register mirror pod because node is not registered yet" err="node \"ip-172-31-10-147\" not found" node="ip-172-31-10-147"
Sep 23 21:36:21 ip-172-31-10-147 kubelet[13623]: E0923 21:36:21.846978   13623 kubelet.go:3516] "Unable to register mirror pod because node is not registered yet" err="node \"ip-172-31-10-147\" not found" node="ip-172-31-10-147"
Sep 23 21:36:21 ip-172-31-10-147 kubelet[13623]: E0923 21:36:21.947596   13623 kubelet.go:3516] "Unable to register mirror pod because node is not registered yet" err="node \"ip-172-31-10-147\" not found" node="ip-172-31-10-147"
Sep 23 21:36:22 ip-172-31-10-147 kubelet[13623]: E0923 21:36:22.047172   13623 kubelet.go:3516] "Unable to register mirror pod because node is not registered yet" err="node \"ip-172-31-10-147\" not found" node="ip-172-31-10-147"
Sep 23 21:36:22 ip-172-31-10-147 kubelet[13623]: E0923 21:36:22.147535   13623 kubelet.go:3516] "Unable to register mirror pod because node is not registered yet" err="node \"ip-172-31-10-147\" not found" node="ip-172-31-10-147"
Sep 23 21:36:22 ip-172-31-10-147 kubelet[13623]: E0923 21:36:22.247039   13623 kubelet.go:3516] "Unable to register mirror pod because node is not registered yet" err="node \"ip-172-31-10-147\" not found" node="ip-172-31-10-147"
Sep 23 21:36:22 ip-172-31-10-147 kubelet[13623]: E0923 21:36:22.346651   13623 kubelet.go:3516] "Unable to register mirror pod because node is not registered yet" err="node \"ip-172-31-10-147\" not found" node="ip-172-31-10-147"
Sep 23 21:36:22 ip-172-31-10-147 kubelet[13623]: E0923 21:36:22.446866   13623 kubelet.go:3516] "Unable to register mirror pod because node is not registered yet" err="node \"ip-172-31-10-147\" not found" node="ip-172-31-10-147"
Sep 23 21:36:22 ip-172-31-10-147 kubelet[13623]: E0923 21:36:22.547565   13623 kubelet.go:3516] "Unable to register mirror pod because node is not registered yet" err="node \"ip-172-31-10-147\" not found" node="ip-172-31-10-147"
Sep 23 21:36:22 ip-172-31-10-147 kubelet[13623]: E0923 21:36:22.646904   13623 kubelet.go:3516] "Unable to register mirror pod because node is not registered yet" err="node \"ip-172-31-10-147\" not found" node="ip-172-31-10-147"
Sep 23 21:36:22 ip-172-31-10-147 kubelet[13623]: E0923 21:36:22.746762   13623 kubelet.go:3516] "Unable to register mirror pod because node is not registered yet" err="node \"ip-172-31-10-147\" not found" node="ip-172-31-10-147"
Sep 23 21:36:22 ip-172-31-10-147 kubelet[13623]: E0923 21:36:22.846566   13623 kubelet.go:3516] "Unable to register mirror pod because node is not registered yet" err="node \"ip-172-31-10-147\" not found" node="ip-172-31-10-147"
Sep 23 21:36:22 ip-172-31-10-147 kubelet[13623]: E0923 21:36:22.947160   13623 kubelet.go:3516] "Unable to register mirror pod because node is not registered yet" err="node \"ip-172-31-10-147\" not found" node="ip-172-31-10-147"
Sep 23 21:36:23 ip-172-31-10-147 kubelet[13623]: E0923 21:36:23.046561   13623 kubelet.go:3516] "Unable to register mirror pod because node is not registered yet" err="node \"ip-172-31-10-147\" not found" node="ip-172-31-10-147"
Sep 23 21:36:23 ip-172-31-10-147 kubelet[13623]: E0923 21:36:23.146868   13623 kubelet.go:3516] "Unable to register mirror pod because node is not registered yet" err="node \"ip-172-31-10-147\" not found" node="ip-172-31-10-147"
Sep 23 21:36:23 ip-172-31-10-147 kubelet[13623]: E0923 21:36:23.246940   13623 kubelet.go:3516] "Unable to register mirror pod because node is not registered yet" err="node \"ip-172-31-10-147\" not found" node="ip-172-31-10-147"
Sep 23 21:36:23 ip-172-31-10-147 kubelet[13623]: E0923 21:36:23.346565   13623 kubelet.go:3516] "Unable to register mirror pod because node is not registered yet" err="node \"ip-172-31-10-147\" not found" node="ip-172-31-10-147"
Sep 23 21:36:23 ip-172-31-10-147 kubelet[13623]: E0923 21:36:23.447227   13623 kubelet.go:3516] "Unable to register mirror pod because node is not registered yet" err="node \"ip-172-31-10-147\" not found" node="ip-172-31-10-147"
Sep 23 21:36:23 ip-172-31-10-147 kubelet[13623]: E0923 21:36:23.547241   13623 kubelet.go:3516] "Unable to register mirror pod because node is not registered yet" err="node \"ip-172-31-10-147\" not found" node="ip-172-31-10-147"
Sep 23 21:36:23 ip-172-31-10-147 kubelet[13623]: E0923 21:36:23.647074   13623 kubelet.go:3516] "Unable to register mirror pod because node is not registered yet" err="node \"ip-172-31-10-147\" not found" node="ip-172-31-10-147"
Sep 23 21:36:23 ip-172-31-10-147 kubelet[13623]: E0923 21:36:23.746789   13623 kubelet.go:3516] "Unable to register mirror pod because node is not registered yet" err="node \"ip-172-31-10-147\" not found" node="ip-172-31-10-147"
Sep 23 21:36:23 ip-172-31-10-147 kubelet[13623]: E0923 21:36:23.847312   13623 kubelet.go:3516] "Unable to register mirror pod because node is not registered yet" err="node \"ip-172-31-10-147\" not found" node="ip-172-31-10-147"
Sep 23 21:36:23 ip-172-31-10-147 kubelet[13623]: E0923 21:36:23.947073   13623 kubelet.go:3516] "Unable to register mirror pod because node is not registered yet" err="node \"ip-172-31-10-147\" not found" node="ip-172-31-10-147"
Sep 23 21:36:24 ip-172-31-10-147 kubelet[13623]: E0923 21:36:24.046539   13623 kubelet.go:3516] "Unable to register mirror pod because node is not registered yet" err="node \"ip-172-31-10-147\" not found" node="ip-172-31-10-147"
Sep 23 21:36:24 ip-172-31-10-147 kubelet[13623]: E0923 21:36:24.146729   13623 kubelet.go:3516] "Unable to register mirror pod because node is not registered yet" err="node \"ip-172-31-10-147\" not found" node="ip-172-31-10-147"
Sep 23 21:36:24 ip-172-31-10-147 kubelet[13623]: E0923 21:36:24.248619   13623 kubelet.go:3516] "Unable to register mirror pod because node is not registered yet" err="node \"ip-172-31-10-147\" not found" node="ip-172-31-10-147"
Sep 23 21:36:24 ip-172-31-10-147 kubelet[13623]: E0923 21:36:24.347493   13623 kubelet.go:3516] "Unable to register mirror pod because node is not registered yet" err="node \"ip-172-31-10-147\" not found" node="ip-172-31-10-147"
Sep 23 21:36:24 ip-172-31-10-147 kubelet[13623]: E0923 21:36:24.446786   13623 kubelet.go:3516] "Unable to register mirror pod because node is not registered yet" err="node \"ip-172-31-10-147\" not found" node="ip-172-31-10-147"
Sep 23 21:36:24 ip-172-31-10-147 kubelet[13623]: E0923 21:36:24.547296   13623 kubelet.go:3516] "Unable to register mirror pod because node is not registered yet" err="node \"ip-172-31-10-147\" not found" node="ip-172-31-10-147"
Sep 23 21:36:24 ip-172-31-10-147 kubelet[13623]: E0923 21:36:24.646894   13623 kubelet.go:3516] "Unable to register mirror pod because node is not registered yet" err="node \"ip-172-31-10-147\" not found" node="ip-172-31-10-147"
Sep 23 21:36:24 ip-172-31-10-147 kubelet[13623]: E0923 21:36:24.747130   13623 kubelet.go:3516] "Unable to register mirror pod because node is not registered yet" err="node \"ip-172-31-10-147\" not found" node="ip-172-31-10-147"
Sep 23 21:36:24 ip-172-31-10-147 kubelet[13623]: E0923 21:36:24.847546   13623 kubelet.go:3516] "Unable to register mirror pod because node is not registered yet" err="node \"ip-172-31-10-147\" not found" node="ip-172-31-10-147"
Sep 23 21:36:24 ip-172-31-10-147 kubelet[13623]: E0923 21:36:24.947001   13623 kubelet.go:3516] "Unable to register mirror pod because node is not registered yet" err="node \"ip-172-31-10-147\" not found" node="ip-172-31-10-147"
Sep 23 21:36:25 ip-172-31-10-147 kubelet[13623]: E0923 21:36:25.046564   13623 kubelet.go:3516] "Unable to register mirror pod because node is not registered yet" err="node \"ip-172-31-10-147\" not found" node="ip-172-31-10-147"
Sep 23 21:36:25 ip-172-31-10-147 kubelet[13623]: E0923 21:36:25.147141   13623 kubelet.go:3516] "Unable to register mirror pod because node is not registered yet" err="node \"ip-172-31-10-147\" not found" node="ip-172-31-10-147"
Sep 23 21:36:25 ip-172-31-10-147 kubelet[13623]: E0923 21:36:25.246568   13623 kubelet.go:3516] "Unable to register mirror pod because node is not registered yet" err="node \"ip-172-31-10-147\" not found" node="ip-172-31-10-147"
Sep 23 21:36:25 ip-172-31-10-147 kubelet[13623]: E0923 21:36:25.347256   13623 kubelet.go:3516] "Unable to register mirror pod because node is not registered yet" err="node \"ip-172-31-10-147\" not found" node="ip-172-31-10-147"
Sep 23 21:36:25 ip-172-31-10-147 kubelet[13623]: E0923 21:36:25.447088   13623 kubelet.go:3516] "Unable to register mirror pod because node is not registered yet" err="node \"ip-172-31-10-147\" not found" node="ip-172-31-10-147"
Sep 23 21:36:25 ip-172-31-10-147 kubelet[13623]: E0923 21:36:25.546869   13623 kubelet.go:3516] "Unable to register mirror pod because node is not registered yet" err="node \"ip-172-31-10-147\" not found" node="ip-172-31-10-147"
Sep 23 21:36:25 ip-172-31-10-147 kubelet[13623]: E0923 21:36:25.647233   13623 kubelet.go:3516] "Unable to register mirror pod because node is not registered yet" err="node \"ip-172-31-10-147\" not found" node="ip-172-31-10-147"
Sep 23 21:36:25 ip-172-31-10-147 kubelet[13623]: E0923 21:36:25.746824   13623 kubelet.go:3516] "Unable to register mirror pod because node is not registered yet" err="node \"ip-172-31-10-147\" not found" node="ip-172-31-10-147"
Sep 23 21:36:25 ip-172-31-10-147 kubelet[13623]: E0923 21:36:25.847521   13623 kubelet.go:3516] "Unable to register mirror pod because node is not registered yet" err="node \"ip-172-31-10-147\" not found" node="ip-172-31-10-147"
Sep 23 21:36:25 ip-172-31-10-147 kubelet[13623]: E0923 21:36:25.947146   13623 kubelet.go:3516] "Unable to register mirror pod because node is not registered yet" err="node \"ip-172-31-10-147\" not found" node="ip-172-31-10-147"
Sep 23 21:36:26 ip-172-31-10-147 kubelet[13623]: E0923 21:36:26.046646   13623 kubelet.go:3516] "Unable to register mirror pod because node is not registered yet" err="node \"ip-172-31-10-147\" not found" node="ip-172-31-10-147"
Sep 23 21:36:26 ip-172-31-10-147 kubelet[13623]: E0923 21:36:26.147079   13623 kubelet.go:3516] "Unable to register mirror pod because node is not registered yet" err="node \"ip-172-31-10-147\" not found" node="ip-172-31-10-147"
Sep 23 21:36:26 ip-172-31-10-147 kubelet[13623]: E0923 21:36:26.246830   13623 kubelet.go:3516] "Unable to register mirror pod because node is not registered yet" err="node \"ip-172-31-10-147\" not found" node="ip-172-31-10-147"
Sep 23 21:36:26 ip-172-31-10-147 kubelet[13623]: E0923 21:36:26.347535   13623 kubelet.go:3516] "Unable to register mirror pod because node is not registered yet" err="node \"ip-172-31-10-147\" not found" node="ip-172-31-10-147"
Sep 23 21:36:26 ip-172-31-10-147 kubelet[13623]: E0923 21:36:26.447107   13623 kubelet.go:3516] "Unable to register mirror pod because node is not registered yet" err="node \"ip-172-31-10-147\" not found" node="ip-172-31-10-147"
Sep 23 21:36:26 ip-172-31-10-147 kubelet[13623]: E0923 21:36:26.546966   13623 kubelet.go:3516] "Unable to register mirror pod because node is not registered yet" err="node \"ip-172-31-10-147\" not found" node="ip-172-31-10-147"
Sep 23 21:36:26 ip-172-31-10-147 kubelet[13623]: E0923 21:36:26.646868   13623 kubelet.go:3516] "Unable to register mirror pod because node is not registered yet" err="node \"ip-172-31-10-147\" not found" node="ip-172-31-10-147"
Sep 23 21:36:26 ip-172-31-10-147 kubelet[13623]: E0923 21:36:26.747179   13623 kubelet.go:3516] "Unable to register mirror pod because node is not registered yet" err="node \"ip-172-31-10-147\" not found" node="ip-172-31-10-147"
Sep 23 21:36:26 ip-172-31-10-147 kubelet[13623]: E0923 21:36:26.846583   13623 kubelet.go:3516] "Unable to register mirror pod because node is not registered yet" err="node \"ip-172-31-10-147\" not found" node="ip-172-31-10-147"
Sep 23 21:36:26 ip-172-31-10-147 kubelet[13623]: E0923 21:36:26.847828   13623 controller.go:201] "Failed to ensure lease exists, will retry" err="Get \"https://172.31.10.147:6443/apis/coordination.k8s.io/v1/namespaces/kube-node-lease/leases/ip-172-31-10-147?timeout=10s\": net/http: request canceled (Client.Timeout exceeded while awaiting headers)" interval="400ms"
Sep 23 21:36:26 ip-172-31-10-147 kubelet[13623]: E0923 21:36:26.915046   13623 eviction_manager.go:297] "Eviction manager: failed to get summary stats" err="failed to get node info: node \"ip-172-31-10-147\" not found"
Sep 23 21:36:26 ip-172-31-10-147 kubelet[13623]: E0923 21:36:26.947249   13623 kubelet.go:3516] "Unable to register mirror pod because node is not registered yet" err="node \"ip-172-31-10-147\" not found" node="ip-172-31-10-147"
Sep 23 21:36:27 ip-172-31-10-147 kubelet[13623]: E0923 21:36:27.046820   13623 kubelet.go:3516] "Unable to register mirror pod because node is not registered yet" err="node \"ip-172-31-10-147\" not found" node="ip-172-31-10-147"
Sep 23 21:36:27 ip-172-31-10-147 kubelet[13623]: E0923 21:36:27.147160   13623 kubelet.go:3516] "Unable to register mirror pod because node is not registered yet" err="node \"ip-172-31-10-147\" not found" node="ip-172-31-10-147"
Sep 23 21:36:27 ip-172-31-10-147 kubelet[13623]: E0923 21:36:27.246654   13623 kubelet.go:3516] "Unable to register mirror pod because node is not registered yet" err="node \"ip-172-31-10-147\" not found" node="ip-172-31-10-147"
Sep 23 21:36:27 ip-172-31-10-147 kubelet[13623]: E0923 21:36:27.347301   13623 kubelet.go:3516] "Unable to register mirror pod because node is not registered yet" err="node \"ip-172-31-10-147\" not found" node="ip-172-31-10-147"
Sep 23 21:36:27 ip-172-31-10-147 kubelet[13623]: E0923 21:36:27.447213   13623 kubelet.go:3516] "Unable to register mirror pod because node is not registered yet" err="node \"ip-172-31-10-147\" not found" node="ip-172-31-10-147"
Sep 23 21:36:27 ip-172-31-10-147 kubelet[13623]: E0923 21:36:27.547414   13623 kubelet.go:3516] "Unable to register mirror pod because node is not registered yet" err="node \"ip-172-31-10-147\" not found" node="ip-172-31-10-147"
Sep 23 21:36:27 ip-172-31-10-147 kubelet[13623]: E0923 21:36:27.647292   13623 kubelet.go:3516] "Unable to register mirror pod because node is not registered yet" err="node \"ip-172-31-10-147\" not found" node="ip-172-31-10-147"
Sep 23 21:36:27 ip-172-31-10-147 kubelet[13623]: E0923 21:36:27.747074   13623 kubelet.go:3516] "Unable to register mirror pod because node is not registered yet" err="node \"ip-172-31-10-147\" not found" node="ip-172-31-10-147"
Sep 23 21:36:27 ip-172-31-10-147 kubelet[13623]: E0923 21:36:27.846613   13623 kubelet.go:3516] "Unable to register mirror pod because node is not registered yet" err="node \"ip-172-31-10-147\" not found" node="ip-172-31-10-147"
Sep 23 21:36:27 ip-172-31-10-147 kubelet[13623]: E0923 21:36:27.946854   13623 kubelet.go:3516] "Unable to register mirror pod because node is not registered yet" err="node \"ip-172-31-10-147\" not found" node="ip-172-31-10-147"
Sep 23 21:36:28 ip-172-31-10-147 kubelet[13623]: E0923 21:36:28.046827   13623 kubelet.go:3516] "Unable to register mirror pod because node is not registered yet" err="node \"ip-172-31-10-147\" not found" node="ip-172-31-10-147"
Sep 23 21:36:28 ip-172-31-10-147 kubelet[13623]: E0923 21:36:28.147519   13623 kubelet.go:3516] "Unable to register mirror pod because node is not registered yet" err="node \"ip-172-31-10-147\" not found" node="ip-172-31-10-147"
Sep 23 21:36:28 ip-172-31-10-147 kubelet[13623]: E0923 21:36:28.247060   13623 kubelet.go:3516] "Unable to register mirror pod because node is not registered yet" err="node \"ip-172-31-10-147\" not found" node="ip-172-31-10-147"
Sep 23 21:36:28 ip-172-31-10-147 kubelet[13623]: E0923 21:36:28.346813   13623 kubelet.go:3516] "Unable to register mirror pod because node is not registered yet" err="node \"ip-172-31-10-147\" not found" node="ip-172-31-10-147"
Sep 23 21:36:28 ip-172-31-10-147 kubelet[13623]: E0923 21:36:28.447397   13623 kubelet.go:3516] "Unable to register mirror pod because node is not registered yet" err="node \"ip-172-31-10-147\" not found" node="ip-172-31-10-147"
Sep 23 21:36:28 ip-172-31-10-147 kubelet[13623]: E0923 21:36:28.547048   13623 kubelet.go:3516] "Unable to register mirror pod because node is not registered yet" err="node \"ip-172-31-10-147\" not found" node="ip-172-31-10-147"
Sep 23 21:36:28 ip-172-31-10-147 kubelet[13623]: E0923 21:36:28.647586   13623 kubelet.go:3516] "Unable to register mirror pod because node is not registered yet" err="node \"ip-172-31-10-147\" not found" node="ip-172-31-10-147"
Sep 23 21:36:28 ip-172-31-10-147 kubelet[13623]: E0923 21:36:28.747491   13623 kubelet.go:3516] "Unable to register mirror pod because node is not registered yet" err="node \"ip-172-31-10-147\" not found" node="ip-172-31-10-147"
Sep 23 21:36:28 ip-172-31-10-147 kubelet[13623]: E0923 21:36:28.847042   13623 kubelet.go:3516] "Unable to register mirror pod because node is not registered yet" err="node \"ip-172-31-10-147\" not found" node="ip-172-31-10-147"
Sep 23 21:36:28 ip-172-31-10-147 kubelet[13623]: E0923 21:36:28.946557   13623 kubelet.go:3516] "Unable to register mirror pod because node is not registered yet" err="node \"ip-172-31-10-147\" not found" node="ip-172-31-10-147"
Sep 23 21:36:29 ip-172-31-10-147 kubelet[13623]: E0923 21:36:29.047330   13623 kubelet.go:3516] "Unable to register mirror pod because node is not registered yet" err="node \"ip-172-31-10-147\" not found" node="ip-172-31-10-147"
Sep 23 21:36:29 ip-172-31-10-147 kubelet[13623]: E0923 21:36:29.146998   13623 kubelet.go:3516] "Unable to register mirror pod because node is not registered yet" err="node \"ip-172-31-10-147\" not found" node="ip-172-31-10-147"
Sep 23 21:36:29 ip-172-31-10-147 kubelet[13623]: E0923 21:36:29.247433   13623 kubelet.go:3516] "Unable to register mirror pod because node is not registered yet" err="node \"ip-172-31-10-147\" not found" node="ip-172-31-10-147"
Sep 23 21:36:29 ip-172-31-10-147 kubelet[13623]: E0923 21:36:29.346978   13623 kubelet.go:3516] "Unable to register mirror pod because node is not registered yet" err="node \"ip-172-31-10-147\" not found" node="ip-172-31-10-147"
Sep 23 21:36:29 ip-172-31-10-147 kubelet[13623]: E0923 21:36:29.447556   13623 kubelet.go:3516] "Unable to register mirror pod because node is not registered yet" err="node \"ip-172-31-10-147\" not found" node="ip-172-31-10-147"
Sep 23 21:36:29 ip-172-31-10-147 kubelet[13623]: E0923 21:36:29.547286   13623 kubelet.go:3516] "Unable to register mirror pod because node is not registered yet" err="node \"ip-172-31-10-147\" not found" node="ip-172-31-10-147"
Sep 23 21:36:29 ip-172-31-10-147 kubelet[13623]: E0923 21:36:29.646918   13623 kubelet.go:3516] "Unable to register mirror pod because node is not registered yet" err="node \"ip-172-31-10-147\" not found" node="ip-172-31-10-147"
Sep 23 21:36:29 ip-172-31-10-147 kubelet[13623]: E0923 21:36:29.747026   13623 kubelet.go:3516] "Unable to register mirror pod because node is not registered yet" err="node \"ip-172-31-10-147\" not found" node="ip-172-31-10-147"
Sep 23 21:36:29 ip-172-31-10-147 kubelet[13623]: E0923 21:36:29.847521   13623 kubelet.go:3516] "Unable to register mirror pod because node is not registered yet" err="node \"ip-172-31-10-147\" not found" node="ip-172-31-10-147"
Sep 23 21:36:29 ip-172-31-10-147 kubelet[13623]: E0923 21:36:29.947519   13623 kubelet.go:3516] "Unable to register mirror pod because node is not registered yet" err="node \"ip-172-31-10-147\" not found" node="ip-172-31-10-147"
Sep 23 21:36:30 ip-172-31-10-147 kubelet[13623]: E0923 21:36:30.047090   13623 kubelet.go:3516] "Unable to register mirror pod because node is not registered yet" err="node \"ip-172-31-10-147\" not found" node="ip-172-31-10-147"
Sep 23 21:36:30 ip-172-31-10-147 kubelet[13623]: E0923 21:36:30.147437   13623 kubelet.go:3516] "Unable to register mirror pod because node is not registered yet" err="node \"ip-172-31-10-147\" not found" node="ip-172-31-10-147"
Sep 23 21:36:30 ip-172-31-10-147 kubelet[13623]: E0923 21:36:30.247251   13623 kubelet.go:3516] "Unable to register mirror pod because node is not registered yet" err="node \"ip-172-31-10-147\" not found" node="ip-172-31-10-147"
Sep 23 21:36:30 ip-172-31-10-147 kubelet[13623]: E0923 21:36:30.346829   13623 kubelet.go:3516] "Unable to register mirror pod because node is not registered yet" err="node \"ip-172-31-10-147\" not found" node="ip-172-31-10-147"
Sep 23 21:36:30 ip-172-31-10-147 kubelet[13623]: E0923 21:36:30.447434   13623 kubelet.go:3516] "Unable to register mirror pod because node is not registered yet" err="node \"ip-172-31-10-147\" not found" node="ip-172-31-10-147"
Sep 23 21:36:30 ip-172-31-10-147 kubelet[13623]: E0923 21:36:30.547163   13623 kubelet.go:3516] "Unable to register mirror pod because node is not registered yet" err="node \"ip-172-31-10-147\" not found" node="ip-172-31-10-147"
Sep 23 21:36:30 ip-172-31-10-147 kubelet[13623]: E0923 21:36:30.647294   13623 kubelet.go:3516] "Unable to register mirror pod because node is not registered yet" err="node \"ip-172-31-10-147\" not found" node="ip-172-31-10-147"
Sep 23 21:36:30 ip-172-31-10-147 kubelet[13623]: E0923 21:36:30.747049   13623 kubelet.go:3516] "Unable to register mirror pod because node is not registered yet" err="node \"ip-172-31-10-147\" not found" node="ip-172-31-10-147"
Sep 23 21:36:30 ip-172-31-10-147 kubelet[13623]: E0923 21:36:30.846522   13623 kubelet.go:3516] "Unable to register mirror pod because node is not registered yet" err="node \"ip-172-31-10-147\" not found" node="ip-172-31-10-147"
Sep 23 21:36:30 ip-172-31-10-147 kubelet[13623]: E0923 21:36:30.947397   13623 kubelet.go:3516] "Unable to register mirror pod because node is not registered yet" err="node \"ip-172-31-10-147\" not found" node="ip-172-31-10-147"
Sep 23 21:36:31 ip-172-31-10-147 kubelet[13623]: E0923 21:36:31.047312   13623 kubelet.go:3516] "Unable to register mirror pod because node is not registered yet" err="node \"ip-172-31-10-147\" not found" node="ip-172-31-10-147"
Sep 23 21:36:31 ip-172-31-10-147 kubelet[13623]: E0923 21:36:31.147062   13623 kubelet.go:3516] "Unable to register mirror pod because node is not registered yet" err="node \"ip-172-31-10-147\" not found" node="ip-172-31-10-147"
Sep 23 21:36:31 ip-172-31-10-147 kubelet[13623]: E0923 21:36:31.246569   13623 kubelet.go:3516] "Unable to register mirror pod because node is not registered yet" err="node \"ip-172-31-10-147\" not found" node="ip-172-31-10-147"
Sep 23 21:36:31 ip-172-31-10-147 kubelet[13623]: E0923 21:36:31.347207   13623 kubelet.go:3516] "Unable to register mirror pod because node is not registered yet" err="node \"ip-172-31-10-147\" not found" node="ip-172-31-10-147"
Sep 23 21:36:31 ip-172-31-10-147 kubelet[13623]: E0923 21:36:31.446927   13623 kubelet.go:3516] "Unable to register mirror pod because node is not registered yet" err="node \"ip-172-31-10-147\" not found" node="ip-172-31-10-147"
Sep 23 21:36:31 ip-172-31-10-147 kubelet[13623]: E0923 21:36:31.546588   13623 kubelet.go:3516] "Unable to register mirror pod because node is not registered yet" err="node \"ip-172-31-10-147\" not found" node="ip-172-31-10-147"
Sep 23 21:36:31 ip-172-31-10-147 kubelet[13623]: E0923 21:36:31.647561   13623 kubelet.go:3516] "Unable to register mirror pod because node is not registered yet" err="node \"ip-172-31-10-147\" not found" node="ip-172-31-10-147"
Sep 23 21:36:31 ip-172-31-10-147 kubelet[13623]: E0923 21:36:31.747540   13623 kubelet.go:3516] "Unable to register mirror pod because node is not registered yet" err="node \"ip-172-31-10-147\" not found" node="ip-172-31-10-147"
Sep 23 21:36:31 ip-172-31-10-147 kubelet[13623]: E0923 21:36:31.847199   13623 kubelet.go:3516] "Unable to register mirror pod because node is not registered yet" err="node \"ip-172-31-10-147\" not found" node="ip-172-31-10-147"
Sep 23 21:36:31 ip-172-31-10-147 kubelet[13623]: E0923 21:36:31.947502   13623 kubelet.go:3516] "Unable to register mirror pod because node is not registered yet" err="node \"ip-172-31-10-147\" not found" node="ip-172-31-10-147"
Sep 23 21:36:32 ip-172-31-10-147 kubelet[13623]: E0923 21:36:32.047065   13623 kubelet.go:3516] "Unable to register mirror pod because node is not registered yet" err="node \"ip-172-31-10-147\" not found" node="ip-172-31-10-147"
Sep 23 21:36:32 ip-172-31-10-147 kubelet[13623]: E0923 21:36:32.147449   13623 kubelet.go:3516] "Unable to register mirror pod because node is not registered yet" err="node \"ip-172-31-10-147\" not found" node="ip-172-31-10-147"
Sep 23 21:36:32 ip-172-31-10-147 kubelet[13623]: E0923 21:36:32.247394   13623 kubelet.go:3516] "Unable to register mirror pod because node is not registered yet" err="node \"ip-172-31-10-147\" not found" node="ip-172-31-10-147"
Sep 23 21:36:32 ip-172-31-10-147 kubelet[13623]: E0923 21:36:32.346983   13623 kubelet.go:3516] "Unable to register mirror pod because node is not registered yet" err="node \"ip-172-31-10-147\" not found" node="ip-172-31-10-147"
Sep 23 21:36:32 ip-172-31-10-147 kubelet[13623]: E0923 21:36:32.447588   13623 kubelet.go:3516] "Unable to register mirror pod because node is not registered yet" err="node \"ip-172-31-10-147\" not found" node="ip-172-31-10-147"
Sep 23 21:36:32 ip-172-31-10-147 kubelet[13623]: E0923 21:36:32.547427   13623 kubelet.go:3516] "Unable to register mirror pod because node is not registered yet" err="node \"ip-172-31-10-147\" not found" node="ip-172-31-10-147"
Sep 23 21:36:32 ip-172-31-10-147 kubelet[13623]: E0923 21:36:32.647053   13623 kubelet.go:3516] "Unable to register mirror pod because node is not registered yet" err="node \"ip-172-31-10-147\" not found" node="ip-172-31-10-147"
Sep 23 21:36:32 ip-172-31-10-147 kubelet[13623]: E0923 21:36:32.746884   13623 kubelet.go:3516] "Unable to register mirror pod because node is not registered yet" err="node \"ip-172-31-10-147\" not found" node="ip-172-31-10-147"
Sep 23 21:36:32 ip-172-31-10-147 kubelet[13623]: E0923 21:36:32.847506   13623 kubelet.go:3516] "Unable to register mirror pod because node is not registered yet" err="node \"ip-172-31-10-147\" not found" node="ip-172-31-10-147"
Sep 23 21:36:32 ip-172-31-10-147 kubelet[13623]: E0923 21:36:32.947520   13623 kubelet.go:3516] "Unable to register mirror pod because node is not registered yet" err="node \"ip-172-31-10-147\" not found" node="ip-172-31-10-147"
Sep 23 21:36:33 ip-172-31-10-147 kubelet[13623]: E0923 21:36:33.047313   13623 kubelet.go:3516] "Unable to register mirror pod because node is not registered yet" err="node \"ip-172-31-10-147\" not found" node="ip-172-31-10-147"
Sep 23 21:36:33 ip-172-31-10-147 kubelet[13623]: E0923 21:36:33.146578   13623 kubelet.go:3516] "Unable to register mirror pod because node is not registered yet" err="node \"ip-172-31-10-147\" not found" node="ip-172-31-10-147"
Sep 23 21:36:33 ip-172-31-10-147 kubelet[13623]: E0923 21:36:33.247237   13623 kubelet.go:3516] "Unable to register mirror pod because node is not registered yet" err="node \"ip-172-31-10-147\" not found" node="ip-172-31-10-147"
Sep 23 21:36:33 ip-172-31-10-147 kubelet[13623]: E0923 21:36:33.346828   13623 kubelet.go:3516] "Unable to register mirror pod because node is not registered yet" err="node \"ip-172-31-10-147\" not found" node="ip-172-31-10-147"
Sep 23 21:36:33 ip-172-31-10-147 kubelet[13623]: E0923 21:36:33.447275   13623 kubelet.go:3516] "Unable to register mirror pod because node is not registered yet" err="node \"ip-172-31-10-147\" not found" node="ip-172-31-10-147"
Sep 23 21:36:33 ip-172-31-10-147 kubelet[13623]: E0923 21:36:33.546869   13623 kubelet.go:3516] "Unable to register mirror pod because node is not registered yet" err="node \"ip-172-31-10-147\" not found" node="ip-172-31-10-147"
Sep 23 21:36:33 ip-172-31-10-147 kubelet[13623]: E0923 21:36:33.647398   13623 kubelet.go:3516] "Unable to register mirror pod because node is not registered yet" err="node \"ip-172-31-10-147\" not found" node="ip-172-31-10-147"
Sep 23 21:36:33 ip-172-31-10-147 kubelet[13623]: E0923 21:36:33.747333   13623 kubelet.go:3516] "Unable to register mirror pod because node is not registered yet" err="node \"ip-172-31-10-147\" not found" node="ip-172-31-10-147"
Sep 23 21:36:33 ip-172-31-10-147 kubelet[13623]: E0923 21:36:33.846981   13623 kubelet.go:3516] "Unable to register mirror pod because node is not registered yet" err="node \"ip-172-31-10-147\" not found" node="ip-172-31-10-147"
Sep 23 21:36:33 ip-172-31-10-147 kubelet[13623]: E0923 21:36:33.947422   13623 kubelet.go:3516] "Unable to register mirror pod because node is not registered yet" err="node \"ip-172-31-10-147\" not found" node="ip-172-31-10-147"
Sep 23 21:36:34 ip-172-31-10-147 kubelet[13623]: E0923 21:36:34.046885   13623 kubelet.go:3516] "Unable to register mirror pod because node is not registered yet" err="node \"ip-172-31-10-147\" not found" node="ip-172-31-10-147"
Sep 23 21:36:34 ip-172-31-10-147 kubelet[13623]: E0923 21:36:34.147421   13623 kubelet.go:3516] "Unable to register mirror pod because node is not registered yet" err="node \"ip-172-31-10-147\" not found" node="ip-172-31-10-147"
Sep 23 21:36:34 ip-172-31-10-147 kubelet[13623]: E0923 21:36:34.247067   13623 kubelet.go:3516] "Unable to register mirror pod because node is not registered yet" err="node \"ip-172-31-10-147\" not found" node="ip-172-31-10-147"
Sep 23 21:36:34 ip-172-31-10-147 kubelet[13623]: E0923 21:36:34.346579   13623 kubelet.go:3516] "Unable to register mirror pod because node is not registered yet" err="node \"ip-172-31-10-147\" not found" node="ip-172-31-10-147"
Sep 23 21:36:34 ip-172-31-10-147 kubelet[13623]: E0923 21:36:34.446735   13623 kubelet.go:3516] "Unable to register mirror pod because node is not registered yet" err="node \"ip-172-31-10-147\" not found" node="ip-172-31-10-147"
Sep 23 21:36:34 ip-172-31-10-147 kubelet[13623]: E0923 21:36:34.547412   13623 kubelet.go:3516] "Unable to register mirror pod because node is not registered yet" err="node \"ip-172-31-10-147\" not found" node="ip-172-31-10-147"
Sep 23 21:36:34 ip-172-31-10-147 kubelet[13623]: E0923 21:36:34.646952   13623 kubelet.go:3516] "Unable to register mirror pod because node is not registered yet" err="node \"ip-172-31-10-147\" not found" node="ip-172-31-10-147"
Sep 23 21:36:34 ip-172-31-10-147 kubelet[13623]: E0923 21:36:34.746720   13623 kubelet.go:3516] "Unable to register mirror pod because node is not registered yet" err="node \"ip-172-31-10-147\" not found" node="ip-172-31-10-147"
Sep 23 21:36:34 ip-172-31-10-147 kubelet[13623]: E0923 21:36:34.847285   13623 kubelet.go:3516] "Unable to register mirror pod because node is not registered yet" err="node \"ip-172-31-10-147\" not found" node="ip-172-31-10-147"
Sep 23 21:36:34 ip-172-31-10-147 kubelet[13623]: E0923 21:36:34.947255   13623 kubelet.go:3516] "Unable to register mirror pod because node is not registered yet" err="node \"ip-172-31-10-147\" not found" node="ip-172-31-10-147"
Sep 23 21:36:35 ip-172-31-10-147 kubelet[13623]: E0923 21:36:35.047017   13623 kubelet.go:3516] "Unable to register mirror pod because node is not registered yet" err="node \"ip-172-31-10-147\" not found" node="ip-172-31-10-147"
Sep 23 21:36:35 ip-172-31-10-147 kubelet[13623]: E0923 21:36:35.146760   13623 kubelet.go:3516] "Unable to register mirror pod because node is not registered yet" err="node \"ip-172-31-10-147\" not found" node="ip-172-31-10-147"
Sep 23 21:36:35 ip-172-31-10-147 kubelet[13623]: E0923 21:36:35.246813   13623 kubelet.go:3516] "Unable to register mirror pod because node is not registered yet" err="node \"ip-172-31-10-147\" not found" node="ip-172-31-10-147"
Sep 23 21:36:35 ip-172-31-10-147 kubelet[13623]: E0923 21:36:35.347385   13623 kubelet.go:3516] "Unable to register mirror pod because node is not registered yet" err="node \"ip-172-31-10-147\" not found" node="ip-172-31-10-147"
Sep 23 21:36:35 ip-172-31-10-147 kubelet[13623]: E0923 21:36:35.446983   13623 kubelet.go:3516] "Unable to register mirror pod because node is not registered yet" err="node \"ip-172-31-10-147\" not found" node="ip-172-31-10-147"
Sep 23 21:36:35 ip-172-31-10-147 kubelet[13623]: E0923 21:36:35.546901   13623 kubelet.go:3516] "Unable to register mirror pod because node is not registered yet" err="node \"ip-172-31-10-147\" not found" node="ip-172-31-10-147"
Sep 23 21:36:35 ip-172-31-10-147 kubelet[13623]: E0923 21:36:35.646783   13623 kubelet.go:3516] "Unable to register mirror pod because node is not registered yet" err="node \"ip-172-31-10-147\" not found" node="ip-172-31-10-147"
Sep 23 21:36:35 ip-172-31-10-147 kubelet[13623]: E0923 21:36:35.746552   13623 kubelet.go:3516] "Unable to register mirror pod because node is not registered yet" err="node \"ip-172-31-10-147\" not found" node="ip-172-31-10-147"
Sep 23 21:36:35 ip-172-31-10-147 kubelet[13623]: E0923 21:36:35.847502   13623 kubelet.go:3516] "Unable to register mirror pod because node is not registered yet" err="node \"ip-172-31-10-147\" not found" node="ip-172-31-10-147"
Sep 23 21:36:35 ip-172-31-10-147 kubelet[13623]: E0923 21:36:35.946646   13623 kubelet.go:3516] "Unable to register mirror pod because node is not registered yet" err="node \"ip-172-31-10-147\" not found" node="ip-172-31-10-147"
Sep 23 21:36:36 ip-172-31-10-147 kubelet[13623]: E0923 21:36:36.047273   13623 kubelet.go:3516] "Unable to register mirror pod because node is not registered yet" err="node \"ip-172-31-10-147\" not found" node="ip-172-31-10-147"
Sep 23 21:36:36 ip-172-31-10-147 kubelet[13623]: E0923 21:36:36.146839   13623 kubelet.go:3516] "Unable to register mirror pod because node is not registered yet" err="node \"ip-172-31-10-147\" not found" node="ip-172-31-10-147"
Sep 23 21:36:36 ip-172-31-10-147 kubelet[13623]: E0923 21:36:36.246585   13623 kubelet.go:3516] "Unable to register mirror pod because node is not registered yet" err="node \"ip-172-31-10-147\" not found" node="ip-172-31-10-147"
Sep 23 21:36:36 ip-172-31-10-147 kubelet[13623]: E0923 21:36:36.347313   13623 kubelet.go:3516] "Unable to register mirror pod because node is not registered yet" err="node \"ip-172-31-10-147\" not found" node="ip-172-31-10-147"
Sep 23 21:36:36 ip-172-31-10-147 kubelet[13623]: E0923 21:36:36.446870   13623 kubelet.go:3516] "Unable to register mirror pod because node is not registered yet" err="node \"ip-172-31-10-147\" not found" node="ip-172-31-10-147"
Sep 23 21:36:36 ip-172-31-10-147 kubelet[13623]: E0923 21:36:36.547575   13623 kubelet.go:3516] "Unable to register mirror pod because node is not registered yet" err="node \"ip-172-31-10-147\" not found" node="ip-172-31-10-147"
Sep 23 21:36:36 ip-172-31-10-147 kubelet[13623]: E0923 21:36:36.647008   13623 kubelet.go:3516] "Unable to register mirror pod because node is not registered yet" err="node \"ip-172-31-10-147\" not found" node="ip-172-31-10-147"
Sep 23 21:36:36 ip-172-31-10-147 kubelet[13623]: E0923 21:36:36.747292   13623 kubelet.go:3516] "Unable to register mirror pod because node is not registered yet" err="node \"ip-172-31-10-147\" not found" node="ip-172-31-10-147"
Sep 23 21:36:36 ip-172-31-10-147 kubelet[13623]: E0923 21:36:36.846886   13623 kubelet.go:3516] "Unable to register mirror pod because node is not registered yet" err="node \"ip-172-31-10-147\" not found" node="ip-172-31-10-147"
Sep 23 21:36:36 ip-172-31-10-147 kubelet[13623]: E0923 21:36:36.915658   13623 eviction_manager.go:297] "Eviction manager: failed to get summary stats" err="failed to get node info: node \"ip-172-31-10-147\" not found"
Sep 23 21:36:36 ip-172-31-10-147 kubelet[13623]: E0923 21:36:36.946546   13623 kubelet.go:3516] "Unable to register mirror pod because node is not registered yet" err="node \"ip-172-31-10-147\" not found" node="ip-172-31-10-147"
Sep 23 21:36:37 ip-172-31-10-147 kubelet[13623]: E0923 21:36:37.046982   13623 kubelet.go:3516] "Unable to register mirror pod because node is not registered yet" err="node \"ip-172-31-10-147\" not found" node="ip-172-31-10-147"
Sep 23 21:36:37 ip-172-31-10-147 kubelet[13623]: E0923 21:36:37.146691   13623 kubelet.go:3516] "Unable to register mirror pod because node is not registered yet" err="node \"ip-172-31-10-147\" not found" node="ip-172-31-10-147"
Sep 23 21:36:37 ip-172-31-10-147 kubelet[13623]: E0923 21:36:37.247311   13623 kubelet.go:3516] "Unable to register mirror pod because node is not registered yet" err="node \"ip-172-31-10-147\" not found" node="ip-172-31-10-147"
Sep 23 21:36:37 ip-172-31-10-147 kubelet[13623]: E0923 21:36:37.249855   13623 controller.go:201] "Failed to ensure lease exists, will retry" err="Get \"https://172.31.10.147:6443/apis/coordination.k8s.io/v1/namespaces/kube-node-lease/leases/ip-172-31-10-147?timeout=10s\": net/http: request canceled (Client.Timeout exceeded while awaiting headers)" interval="800ms"
Sep 23 21:36:37 ip-172-31-10-147 kubelet[13623]: E0923 21:36:37.347008   13623 kubelet.go:3516] "Unable to register mirror pod because node is not registered yet" err="node \"ip-172-31-10-147\" not found" node="ip-172-31-10-147"
Sep 23 21:36:37 ip-172-31-10-147 kubelet[13623]: E0923 21:36:37.447577   13623 kubelet.go:3516] "Unable to register mirror pod because node is not registered yet" err="node \"ip-172-31-10-147\" not found" node="ip-172-31-10-147"
Sep 23 21:36:37 ip-172-31-10-147 kubelet[13623]: E0923 21:36:37.547355   13623 kubelet.go:3516] "Unable to register mirror pod because node is not registered yet" err="node \"ip-172-31-10-147\" not found" node="ip-172-31-10-147"
Sep 23 21:36:37 ip-172-31-10-147 kubelet[13623]: E0923 21:36:37.647038   13623 kubelet.go:3516] "Unable to register mirror pod because node is not registered yet" err="node \"ip-172-31-10-147\" not found" node="ip-172-31-10-147"
Sep 23 21:36:37 ip-172-31-10-147 kubelet[13623]: E0923 21:36:37.746842   13623 kubelet.go:3516] "Unable to register mirror pod because node is not registered yet" err="node \"ip-172-31-10-147\" not found" node="ip-172-31-10-147"
Sep 23 21:36:37 ip-172-31-10-147 kubelet[13623]: E0923 21:36:37.846665   13623 kubelet.go:3516] "Unable to register mirror pod because node is not registered yet" err="node \"ip-172-31-10-147\" not found" node="ip-172-31-10-147"
Sep 23 21:36:37 ip-172-31-10-147 kubelet[13623]: E0923 21:36:37.946562   13623 kubelet.go:3516] "Unable to register mirror pod because node is not registered yet" err="node \"ip-172-31-10-147\" not found" node="ip-172-31-10-147"
Sep 23 21:36:38 ip-172-31-10-147 kubelet[13623]: E0923 21:36:38.047763   13623 kubelet.go:3516] "Unable to register mirror pod because node is not registered yet" err="node \"ip-172-31-10-147\" not found" node="ip-172-31-10-147"
Sep 23 21:36:38 ip-172-31-10-147 kubelet[13623]: E0923 21:36:38.146599   13623 kubelet.go:3516] "Unable to register mirror pod because node is not registered yet" err="node \"ip-172-31-10-147\" not found" node="ip-172-31-10-147"
Sep 23 21:36:38 ip-172-31-10-147 kubelet[13623]: E0923 21:36:38.247553   13623 kubelet.go:3516] "Unable to register mirror pod because node is not registered yet" err="node \"ip-172-31-10-147\" not found" node="ip-172-31-10-147"
Sep 23 21:36:38 ip-172-31-10-147 kubelet[13623]: E0923 21:36:38.347527   13623 kubelet.go:3516] "Unable to register mirror pod because node is not registered yet" err="node \"ip-172-31-10-147\" not found" node="ip-172-31-10-147"
Sep 23 21:36:38 ip-172-31-10-147 kubelet[13623]: E0923 21:36:38.447437   13623 kubelet.go:3516] "Unable to register mirror pod because node is not registered yet" err="node \"ip-172-31-10-147\" not found" node="ip-172-31-10-147"
Sep 23 21:36:38 ip-172-31-10-147 kubelet[13623]: E0923 21:36:38.547047   13623 kubelet.go:3516] "Unable to register mirror pod because node is not registered yet" err="node \"ip-172-31-10-147\" not found" node="ip-172-31-10-147"
Sep 23 21:36:38 ip-172-31-10-147 kubelet[13623]: E0923 21:36:38.647210   13623 kubelet.go:3516] "Unable to register mirror pod because node is not registered yet" err="node \"ip-172-31-10-147\" not found" node="ip-172-31-10-147"
Sep 23 21:36:38 ip-172-31-10-147 kubelet[13623]: E0923 21:36:38.747235   13623 kubelet.go:3516] "Unable to register mirror pod because node is not registered yet" err="node \"ip-172-31-10-147\" not found" node="ip-172-31-10-147"
Sep 23 21:36:38 ip-172-31-10-147 kubelet[13623]: E0923 21:36:38.846547   13623 kubelet.go:3516] "Unable to register mirror pod because node is not registered yet" err="node \"ip-172-31-10-147\" not found" node="ip-172-31-10-147"
Sep 23 21:36:38 ip-172-31-10-147 kubelet[13623]: E0923 21:36:38.947452   13623 kubelet.go:3516] "Unable to register mirror pod because node is not registered yet" err="node \"ip-172-31-10-147\" not found" node="ip-172-31-10-147"
Sep 23 21:36:39 ip-172-31-10-147 kubelet[13623]: E0923 21:36:39.047157   13623 kubelet.go:3516] "Unable to register mirror pod because node is not registered yet" err="node \"ip-172-31-10-147\" not found" node="ip-172-31-10-147"
Sep 23 21:36:39 ip-172-31-10-147 kubelet[13623]: E0923 21:36:39.147059   13623 kubelet.go:3516] "Unable to register mirror pod because node is not registered yet" err="node \"ip-172-31-10-147\" not found" node="ip-172-31-10-147"
Sep 23 21:36:39 ip-172-31-10-147 kubelet[13623]: E0923 21:36:39.246573   13623 kubelet.go:3516] "Unable to register mirror pod because node is not registered yet" err="node \"ip-172-31-10-147\" not found" node="ip-172-31-10-147"
Sep 23 21:36:39 ip-172-31-10-147 kubelet[13623]: E0923 21:36:39.347231   13623 kubelet.go:3516] "Unable to register mirror pod because node is not registered yet" err="node \"ip-172-31-10-147\" not found" node="ip-172-31-10-147"
Sep 23 21:36:39 ip-172-31-10-147 kubelet[13623]: E0923 21:36:39.447220   13623 kubelet.go:3516] "Unable to register mirror pod because node is not registered yet" err="node \"ip-172-31-10-147\" not found" node="ip-172-31-10-147"
Sep 23 21:36:39 ip-172-31-10-147 kubelet[13623]: E0923 21:36:39.546954   13623 kubelet.go:3516] "Unable to register mirror pod because node is not registered yet" err="node \"ip-172-31-10-147\" not found" node="ip-172-31-10-147"
Sep 23 21:36:39 ip-172-31-10-147 kubelet[13623]: E0923 21:36:39.647326   13623 kubelet.go:3516] "Unable to register mirror pod because node is not registered yet" err="node \"ip-172-31-10-147\" not found" node="ip-172-31-10-147"
Sep 23 21:36:39 ip-172-31-10-147 kubelet[13623]: E0923 21:36:39.746805   13623 kubelet.go:3516] "Unable to register mirror pod because node is not registered yet" err="node \"ip-172-31-10-147\" not found" node="ip-172-31-10-147"
Sep 23 21:36:39 ip-172-31-10-147 kubelet[13623]: E0923 21:36:39.847413   13623 kubelet.go:3516] "Unable to register mirror pod because node is not registered yet" err="node \"ip-172-31-10-147\" not found" node="ip-172-31-10-147"
Sep 23 21:36:39 ip-172-31-10-147 kubelet[13623]: E0923 21:36:39.946823   13623 kubelet.go:3516] "Unable to register mirror pod because node is not registered yet" err="node \"ip-172-31-10-147\" not found" node="ip-172-31-10-147"
Sep 23 21:36:40 ip-172-31-10-147 kubelet[13623]: E0923 21:36:40.047223   13623 kubelet.go:3516] "Unable to register mirror pod because node is not registered yet" err="node \"ip-172-31-10-147\" not found" node="ip-172-31-10-147"
Sep 23 21:36:40 ip-172-31-10-147 kubelet[13623]: E0923 21:36:40.146571   13623 kubelet.go:3516] "Unable to register mirror pod because node is not registered yet" err="node \"ip-172-31-10-147\" not found" node="ip-172-31-10-147"
Sep 23 21:36:40 ip-172-31-10-147 kubelet[13623]: E0923 21:36:40.247326   13623 kubelet.go:3516] "Unable to register mirror pod because node is not registered yet" err="node \"ip-172-31-10-147\" not found" node="ip-172-31-10-147"
Sep 23 21:36:40 ip-172-31-10-147 kubelet[13623]: E0923 21:36:40.346783   13623 kubelet.go:3516] "Unable to register mirror pod because node is not registered yet" err="node \"ip-172-31-10-147\" not found" node="ip-172-31-10-147"
Sep 23 21:36:40 ip-172-31-10-147 kubelet[13623]: E0923 21:36:40.447391   13623 kubelet.go:3516] "Unable to register mirror pod because node is not registered yet" err="node \"ip-172-31-10-147\" not found" node="ip-172-31-10-147"
Sep 23 21:36:40 ip-172-31-10-147 kubelet[13623]: E0923 21:36:40.547358   13623 kubelet.go:3516] "Unable to register mirror pod because node is not registered yet" err="node \"ip-172-31-10-147\" not found" node="ip-172-31-10-147"
Sep 23 21:36:40 ip-172-31-10-147 kubelet[13623]: E0923 21:36:40.646820   13623 kubelet.go:3516] "Unable to register mirror pod because node is not registered yet" err="node \"ip-172-31-10-147\" not found" node="ip-172-31-10-147"
Sep 23 21:36:40 ip-172-31-10-147 kubelet[13623]: E0923 21:36:40.696702   13623 event.go:359] "Server rejected event (will not retry!)" err="Timeout: request did not complete within requested timeout - context deadline exceeded" event="&Event{ObjectMeta:{ip-172-31-10-147.18d810d6cc4c08aa  default    0 0001-01-01 00:00:00 +0000 UTC <nil> <nil> map[] map[] [] [] []},InvolvedObject:ObjectReference{Kind:Node,Namespace:,Name:ip-172-31-10-147,UID:,APIVersion:v1,ResourceVersion:,FieldPath:,},Reason:Starting,Message:Starting kubelet.,Source:EventSource{Component:kubelet,Host:ip-172-31-10-147,},FirstTimestamp:2026-09-23 21:36:06.616352938 +0000 UTC m=+0.136922163,LastTimestamp:2026-09-23 21:36:06.616352938 +0000 UTC m=+0.136922163,Count:1,Type:Normal,EventTime:0001-01-01 00:00:00 +0000 UTC,Series:nil,Action:,Related:nil,ReportingController:kubelet,ReportingInstance:ip-172-31-10-147,}"
Sep 23 21:36:40 ip-172-31-10-147 kubelet[13623]: E0923 21:36:40.747261   13623 kubelet.go:3516] "Unable to register mirror pod because node is not registered yet" err="node \"ip-172-31-10-147\" not found" node="ip-172-31-10-147"
Sep 23 21:36:40 ip-172-31-10-147 kubelet[13623]: E0923 21:36:40.846885   13623 kubelet.go:3516] "Unable to register mirror pod because node is not registered yet" err="node \"ip-172-31-10-147\" not found" node="ip-172-31-10-147"
Sep 23 21:36:40 ip-172-31-10-147 kubelet[13623]: E0923 21:36:40.946790   13623 kubelet.go:3516] "Unable to register mirror pod because node is not registered yet" err="node \"ip-172-31-10-147\" not found" node="ip-172-31-10-147"
Sep 23 21:36:41 ip-172-31-10-147 kubelet[13623]: E0923 21:36:41.016351   13623 kubelet_node_status.go:108] "Unable to register node with API server" err="Timeout: request did not complete within requested timeout - context deadline exceeded" node="ip-172-31-10-147"
Sep 23 21:36:41 ip-172-31-10-147 kubelet[13623]: E0923 21:36:41.046649   13623 kubelet.go:3516] "Unable to register mirror pod because node is not registered yet" err="node \"ip-172-31-10-147\" not found" node="ip-172-31-10-147"
Sep 23 21:36:41 ip-172-31-10-147 kubelet[13623]: E0923 21:36:41.146657   13623 kubelet.go:3516] "Unable to register mirror pod because node is not registered yet" err="node \"ip-172-31-10-147\" not found" node="ip-172-31-10-147"
Sep 23 21:36:41 ip-172-31-10-147 kubelet[13623]: I0923 21:36:41.219936   13623 kubelet_node_status.go:75] "Attempting to register node" node="ip-172-31-10-147"
Sep 23 21:36:41 ip-172-31-10-147 kubelet[13623]: E0923 21:36:41.247532   13623 kubelet.go:3516] "Unable to register mirror pod because node is not registered yet" err="node \"ip-172-31-10-147\" not found" node="ip-172-31-10-147"
Sep 23 21:36:41 ip-172-31-10-147 kubelet[13623]: E0923 21:36:41.347003   13623 kubelet.go:3516] "Unable to register mirror pod because node is not registered yet" err="node \"ip-172-31-10-147\" not found" node="ip-172-31-10-147"
Sep 23 21:36:41 ip-172-31-10-147 kubelet[13623]: E0923 21:36:41.446987   13623 kubelet.go:3516] "Unable to register mirror pod because node is not registered yet" err="node \"ip-172-31-10-147\" not found" node="ip-172-31-10-147"
Sep 23 21:36:41 ip-172-31-10-147 kubelet[13623]: E0923 21:36:41.547531   13623 kubelet.go:3516] "Unable to register mirror pod because node is not registered yet" err="node \"ip-172-31-10-147\" not found" node="ip-172-31-10-147"
Sep 23 21:36:41 ip-172-31-10-147 kubelet[13623]: E0923 21:36:41.647437   13623 kubelet.go:3516] "Unable to register mirror pod because node is not registered yet" err="node \"ip-172-31-10-147\" not found" node="ip-172-31-10-147"
Sep 23 21:36:41 ip-172-31-10-147 kubelet[13623]: E0923 21:36:41.747314   13623 kubelet.go:3516] "Unable to register mirror pod because node is not registered yet" err="node \"ip-172-31-10-147\" not found" node="ip-172-31-10-147"
Sep 23 21:36:41 ip-172-31-10-147 kubelet[13623]: E0923 21:36:41.846790   13623 kubelet.go:3516] "Unable to register mirror pod because node is not registered yet" err="node \"ip-172-31-10-147\" not found" node="ip-172-31-10-147"
Sep 23 21:36:41 ip-172-31-10-147 kubelet[13623]: E0923 21:36:41.946743   13623 kubelet.go:3516] "Unable to register mirror pod because node is not registered yet" err="node \"ip-172-31-10-147\" not found" node="ip-172-31-10-147"
Sep 23 21:36:42 ip-172-31-10-147 kubelet[13623]: E0923 21:36:42.047506   13623 kubelet.go:3516] "Unable to register mirror pod because node is not registered yet" err="node \"ip-172-31-10-147\" not found" node="ip-172-31-10-147"
Sep 23 21:36:42 ip-172-31-10-147 kubelet[13623]: E0923 21:36:42.146626   13623 kubelet.go:3516] "Unable to register mirror pod because node is not registered yet" err="node \"ip-172-31-10-147\" not found" node="ip-172-31-10-147"
Sep 23 21:36:42 ip-172-31-10-147 kubelet[13623]: E0923 21:36:42.247285   13623 kubelet.go:3516] "Unable to register mirror pod because node is not registered yet" err="node \"ip-172-31-10-147\" not found" node="ip-172-31-10-147"
Sep 23 21:36:42 ip-172-31-10-147 kubelet[13623]: E0923 21:36:42.346859   13623 kubelet.go:3516] "Unable to register mirror pod because node is not registered yet" err="node \"ip-172-31-10-147\" not found" node="ip-172-31-10-147"
Sep 23 21:36:42 ip-172-31-10-147 kubelet[13623]: E0923 21:36:42.447535   13623 kubelet.go:3516] "Unable to register mirror pod because node is not registered yet" err="node \"ip-172-31-10-147\" not found" node="ip-172-31-10-147"
Sep 23 21:36:42 ip-172-31-10-147 kubelet[13623]: E0923 21:36:42.547251   13623 kubelet.go:3516] "Unable to register mirror pod because node is not registered yet" err="node \"ip-172-31-10-147\" not found" node="ip-172-31-10-147"
Sep 23 21:36:42 ip-172-31-10-147 kubelet[13623]: E0923 21:36:42.647027   13623 kubelet.go:3516] "Unable to register mirror pod because node is not registered yet" err="node \"ip-172-31-10-147\" not found" node="ip-172-31-10-147"
Sep 23 21:36:42 ip-172-31-10-147 kubelet[13623]: E0923 21:36:42.747752   13623 kubelet.go:3516] "Unable to register mirror pod because node is not registered yet" err="node \"ip-172-31-10-147\" not found" node="ip-172-31-10-147"
Sep 23 21:36:42 ip-172-31-10-147 kubelet[13623]: E0923 21:36:42.847282   13623 kubelet.go:3516] "Unable to register mirror pod because node is not registered yet" err="node \"ip-172-31-10-147\" not found" node="ip-172-31-10-147"
Sep 23 21:36:42 ip-172-31-10-147 kubelet[13623]: E0923 21:36:42.947579   13623 kubelet.go:3516] "Unable to register mirror pod because node is not registered yet" err="node \"ip-172-31-10-147\" not found" node="ip-172-31-10-147"
Sep 23 21:36:43 ip-172-31-10-147 kubelet[13623]: E0923 21:36:43.047180   13623 kubelet.go:3516] "Unable to register mirror pod because node is not registered yet" err="node \"ip-172-31-10-147\" not found" node="ip-172-31-10-147"
Sep 23 21:36:43 ip-172-31-10-147 kubelet[13623]: E0923 21:36:43.146950   13623 kubelet.go:3516] "Unable to register mirror pod because node is not registered yet" err="node \"ip-172-31-10-147\" not found" node="ip-172-31-10-147"
Sep 23 21:36:43 ip-172-31-10-147 kubelet[13623]: E0923 21:36:43.246540   13623 kubelet.go:3516] "Unable to register mirror pod because node is not registered yet" err="node \"ip-172-31-10-147\" not found" node="ip-172-31-10-147"
Sep 23 21:36:43 ip-172-31-10-147 kubelet[13623]: E0923 21:36:43.347165   13623 kubelet.go:3516] "Unable to register mirror pod because node is not registered yet" err="node \"ip-172-31-10-147\" not found" node="ip-172-31-10-147"
Sep 23 21:36:43 ip-172-31-10-147 kubelet[13623]: E0923 21:36:43.447014   13623 kubelet.go:3516] "Unable to register mirror pod because node is not registered yet" err="node \"ip-172-31-10-147\" not found" node="ip-172-31-10-147"
Sep 23 21:36:43 ip-172-31-10-147 kubelet[13623]: E0923 21:36:43.546674   13623 kubelet.go:3516] "Unable to register mirror pod because node is not registered yet" err="node \"ip-172-31-10-147\" not found" node="ip-172-31-10-147"
Sep 23 21:36:43 ip-172-31-10-147 kubelet[13623]: E0923 21:36:43.647103   13623 kubelet.go:3516] "Unable to register mirror pod because node is not registered yet" err="node \"ip-172-31-10-147\" not found" node="ip-172-31-10-147"
Sep 23 21:36:43 ip-172-31-10-147 kubelet[13623]: E0923 21:36:43.746881   13623 kubelet.go:3516] "Unable to register mirror pod because node is not registered yet" err="node \"ip-172-31-10-147\" not found" node="ip-172-31-10-147"
Sep 23 21:36:43 ip-172-31-10-147 kubelet[13623]: E0923 21:36:43.846572   13623 kubelet.go:3516] "Unable to register mirror pod because node is not registered yet" err="node \"ip-172-31-10-147\" not found" node="ip-172-31-10-147"
Sep 23 21:36:43 ip-172-31-10-147 kubelet[13623]: E0923 21:36:43.946604   13623 kubelet.go:3516] "Unable to register mirror pod because node is not registered yet" err="node \"ip-172-31-10-147\" not found" node="ip-172-31-10-147"
Sep 23 21:36:44 ip-172-31-10-147 kubelet[13623]: E0923 21:36:44.047552   13623 kubelet.go:3516] "Unable to register mirror pod because node is not registered yet" err="node \"ip-172-31-10-147\" not found" node="ip-172-31-10-147"
Sep 23 21:36:44 ip-172-31-10-147 kubelet[13623]: E0923 21:36:44.147270   13623 kubelet.go:3516] "Unable to register mirror pod because node is not registered yet" err="node \"ip-172-31-10-147\" not found" node="ip-172-31-10-147"
Sep 23 21:36:44 ip-172-31-10-147 kubelet[13623]: E0923 21:36:44.247241   13623 kubelet.go:3516] "Unable to register mirror pod because node is not registered yet" err="node \"ip-172-31-10-147\" not found" node="ip-172-31-10-147"
Sep 23 21:36:44 ip-172-31-10-147 kubelet[13623]: E0923 21:36:44.346801   13623 kubelet.go:3516] "Unable to register mirror pod because node is not registered yet" err="node \"ip-172-31-10-147\" not found" node="ip-172-31-10-147"
Sep 23 21:36:44 ip-172-31-10-147 kubelet[13623]: E0923 21:36:44.447548   13623 kubelet.go:3516] "Unable to register mirror pod because node is not registered yet" err="node \"ip-172-31-10-147\" not found" node="ip-172-31-10-147"
Sep 23 21:36:44 ip-172-31-10-147 kubelet[13623]: E0923 21:36:44.547040   13623 kubelet.go:3516] "Unable to register mirror pod because node is not registered yet" err="node \"ip-172-31-10-147\" not found" node="ip-172-31-10-147"
Sep 23 21:36:44 ip-172-31-10-147 kubelet[13623]: E0923 21:36:44.646610   13623 kubelet.go:3516] "Unable to register mirror pod because node is not registered yet" err="node \"ip-172-31-10-147\" not found" node="ip-172-31-10-147"
Sep 23 21:36:44 ip-172-31-10-147 kubelet[13623]: E0923 21:36:44.747452   13623 kubelet.go:3516] "Unable to register mirror pod because node is not registered yet" err="node \"ip-172-31-10-147\" not found" node="ip-172-31-10-147"
Sep 23 21:36:44 ip-172-31-10-147 kubelet[13623]: E0923 21:36:44.847055   13623 kubelet.go:3516] "Unable to register mirror pod because node is not registered yet" err="node \"ip-172-31-10-147\" not found" node="ip-172-31-10-147"
Sep 23 21:36:44 ip-172-31-10-147 kubelet[13623]: E0923 21:36:44.947364   13623 kubelet.go:3516] "Unable to register mirror pod because node is not registered yet" err="node \"ip-172-31-10-147\" not found" node="ip-172-31-10-147"
Sep 23 21:36:45 ip-172-31-10-147 kubelet[13623]: E0923 21:36:45.047006   13623 kubelet.go:3516] "Unable to register mirror pod because node is not registered yet" err="node \"ip-172-31-10-147\" not found" node="ip-172-31-10-147"
Sep 23 21:36:45 ip-172-31-10-147 kubelet[13623]: E0923 21:36:45.146782   13623 kubelet.go:3516] "Unable to register mirror pod because node is not registered yet" err="node \"ip-172-31-10-147\" not found" node="ip-172-31-10-147"
Sep 23 21:36:45 ip-172-31-10-147 kubelet[13623]: E0923 21:36:45.246677   13623 kubelet.go:3516] "Unable to register mirror pod because node is not registered yet" err="node \"ip-172-31-10-147\" not found" node="ip-172-31-10-147"
Sep 23 21:36:45 ip-172-31-10-147 kubelet[13623]: E0923 21:36:45.347203   13623 kubelet.go:3516] "Unable to register mirror pod because node is not registered yet" err="node \"ip-172-31-10-147\" not found" node="ip-172-31-10-147"
Sep 23 21:36:45 ip-172-31-10-147 kubelet[13623]: E0923 21:36:45.447402   13623 kubelet.go:3516] "Unable to register mirror pod because node is not registered yet" err="node \"ip-172-31-10-147\" not found" node="ip-172-31-10-147"
Sep 23 21:36:45 ip-172-31-10-147 kubelet[13623]: E0923 21:36:45.547324   13623 kubelet.go:3516] "Unable to register mirror pod because node is not registered yet" err="node \"ip-172-31-10-147\" not found" node="ip-172-31-10-147"
Sep 23 21:36:45 ip-172-31-10-147 kubelet[13623]: E0923 21:36:45.646846   13623 kubelet.go:3516] "Unable to register mirror pod because node is not registered yet" err="node \"ip-172-31-10-147\" not found" node="ip-172-31-10-147"
Sep 23 21:36:45 ip-172-31-10-147 kubelet[13623]: E0923 21:36:45.747526   13623 kubelet.go:3516] "Unable to register mirror pod because node is not registered yet" err="node \"ip-172-31-10-147\" not found" node="ip-172-31-10-147"
Sep 23 21:36:45 ip-172-31-10-147 kubelet[13623]: E0923 21:36:45.847077   13623 kubelet.go:3516] "Unable to register mirror pod because node is not registered yet" err="node \"ip-172-31-10-147\" not found" node="ip-172-31-10-147"
Sep 23 21:36:45 ip-172-31-10-147 kubelet[13623]: E0923 21:36:45.947333   13623 kubelet.go:3516] "Unable to register mirror pod because node is not registered yet" err="node \"ip-172-31-10-147\" not found" node="ip-172-31-10-147"
Sep 23 21:36:46 ip-172-31-10-147 kubelet[13623]: E0923 21:36:46.047197   13623 kubelet.go:3516] "Unable to register mirror pod because node is not registered yet" err="node \"ip-172-31-10-147\" not found" node="ip-172-31-10-147"
Sep 23 21:36:46 ip-172-31-10-147 kubelet[13623]: E0923 21:36:46.147531   13623 kubelet.go:3516] "Unable to register mirror pod because node is not registered yet" err="node \"ip-172-31-10-147\" not found" node="ip-172-31-10-147"
Sep 23 21:36:46 ip-172-31-10-147 kubelet[13623]: E0923 21:36:46.246797   13623 kubelet.go:3516] "Unable to register mirror pod because node is not registered yet" err="node \"ip-172-31-10-147\" not found" node="ip-172-31-10-147"
Sep 23 21:36:46 ip-172-31-10-147 kubelet[13623]: E0923 21:36:46.346605   13623 kubelet.go:3516] "Unable to register mirror pod because node is not registered yet" err="node \"ip-172-31-10-147\" not found" node="ip-172-31-10-147"
Sep 23 21:36:46 ip-172-31-10-147 kubelet[13623]: E0923 21:36:46.447298   13623 kubelet.go:3516] "Unable to register mirror pod because node is not registered yet" err="node \"ip-172-31-10-147\" not found" node="ip-172-31-10-147"
Sep 23 21:36:46 ip-172-31-10-147 kubelet[13623]: E0923 21:36:46.546865   13623 kubelet.go:3516] "Unable to register mirror pod because node is not registered yet" err="node \"ip-172-31-10-147\" not found" node="ip-172-31-10-147"
Sep 23 21:36:46 ip-172-31-10-147 kubelet[13623]: E0923 21:36:46.647160   13623 kubelet.go:3516] "Unable to register mirror pod because node is not registered yet" err="node \"ip-172-31-10-147\" not found" node="ip-172-31-10-147"
Sep 23 21:36:46 ip-172-31-10-147 kubelet[13623]: E0923 21:36:46.747045   13623 kubelet.go:3516] "Unable to register mirror pod because node is not registered yet" err="node \"ip-172-31-10-147\" not found" node="ip-172-31-10-147"
Sep 23 21:36:46 ip-172-31-10-147 kubelet[13623]: E0923 21:36:46.847607   13623 kubelet.go:3516] "Unable to register mirror pod because node is not registered yet" err="node \"ip-172-31-10-147\" not found" node="ip-172-31-10-147"
Sep 23 21:36:46 ip-172-31-10-147 kubelet[13623]: E0923 21:36:46.916233   13623 eviction_manager.go:297] "Eviction manager: failed to get summary stats" err="failed to get node info: node \"ip-172-31-10-147\" not found"
Sep 23 21:36:46 ip-172-31-10-147 kubelet[13623]: E0923 21:36:46.947516   13623 kubelet.go:3516] "Unable to register mirror pod because node is not registered yet" err="node \"ip-172-31-10-147\" not found" node="ip-172-31-10-147"
Sep 23 21:36:47 ip-172-31-10-147 kubelet[13623]: E0923 21:36:47.047146   13623 kubelet.go:3516] "Unable to register mirror pod because node is not registered yet" err="node \"ip-172-31-10-147\" not found" node="ip-172-31-10-147"
Sep 23 21:36:47 ip-172-31-10-147 kubelet[13623]: E0923 21:36:47.147408   13623 kubelet.go:3516] "Unable to register mirror pod because node is not registered yet" err="node \"ip-172-31-10-147\" not found" node="ip-172-31-10-147"
Sep 23 21:36:47 ip-172-31-10-147 kubelet[13623]: E0923 21:36:47.246993   13623 kubelet.go:3516] "Unable to register mirror pod because node is not registered yet" err="node \"ip-172-31-10-147\" not found" node="ip-172-31-10-147"
Sep 23 21:36:47 ip-172-31-10-147 kubelet[13623]: E0923 21:36:47.347564   13623 kubelet.go:3516] "Unable to register mirror pod because node is not registered yet" err="node \"ip-172-31-10-147\" not found" node="ip-172-31-10-147"
Sep 23 21:36:47 ip-172-31-10-147 kubelet[13623]: E0923 21:36:47.447193   13623 kubelet.go:3516] "Unable to register mirror pod because node is not registered yet" err="node \"ip-172-31-10-147\" not found" node="ip-172-31-10-147"
Sep 23 21:36:47 ip-172-31-10-147 kubelet[13623]: E0923 21:36:47.546675   13623 kubelet.go:3516] "Unable to register mirror pod because node is not registered yet" err="node \"ip-172-31-10-147\" not found" node="ip-172-31-10-147"
Sep 23 21:36:47 ip-172-31-10-147 kubelet[13623]: E0923 21:36:47.646537   13623 kubelet.go:3516] "Unable to register mirror pod because node is not registered yet" err="node \"ip-172-31-10-147\" not found" node="ip-172-31-10-147"
Sep 23 21:36:47 ip-172-31-10-147 kubelet[13623]: E0923 21:36:47.747547   13623 kubelet.go:3516] "Unable to register mirror pod because node is not registered yet" err="node \"ip-172-31-10-147\" not found" node="ip-172-31-10-147"
Sep 23 21:36:47 ip-172-31-10-147 kubelet[13623]: E0923 21:36:47.846987   13623 kubelet.go:3516] "Unable to register mirror pod because node is not registered yet" err="node \"ip-172-31-10-147\" not found" node="ip-172-31-10-147"
Sep 23 21:36:47 ip-172-31-10-147 kubelet[13623]: E0923 21:36:47.947366   13623 kubelet.go:3516] "Unable to register mirror pod because node is not registered yet" err="node \"ip-172-31-10-147\" not found" node="ip-172-31-10-147"
Sep 23 21:36:48 ip-172-31-10-147 kubelet[13623]: E0923 21:36:48.047232   13623 kubelet.go:3516] "Unable to register mirror pod because node is not registered yet" err="node \"ip-172-31-10-147\" not found" node="ip-172-31-10-147"
Sep 23 21:36:48 ip-172-31-10-147 kubelet[13623]: E0923 21:36:48.051068   13623 controller.go:201] "Failed to ensure lease exists, will retry" err="Get \"https://172.31.10.147:6443/apis/coordination.k8s.io/v1/namespaces/kube-node-lease/leases/ip-172-31-10-147?timeout=10s\": context deadline exceeded (Client.Timeout exceeded while awaiting headers)" interval="1.6s"
Sep 23 21:36:48 ip-172-31-10-147 kubelet[13623]: E0923 21:36:48.147491   13623 kubelet.go:3516] "Unable to register mirror pod because node is not registered yet" err="node \"ip-172-31-10-147\" not found" node="ip-172-31-10-147"
Sep 23 21:36:48 ip-172-31-10-147 kubelet[13623]: E0923 21:36:48.247110   13623 kubelet.go:3516] "Unable to register mirror pod because node is not registered yet" err="node \"ip-172-31-10-147\" not found" node="ip-172-31-10-147"
Sep 23 21:36:48 ip-172-31-10-147 kubelet[13623]: E0923 21:36:48.346665   13623 kubelet.go:3516] "Unable to register mirror pod because node is not registered yet" err="node \"ip-172-31-10-147\" not found" node="ip-172-31-10-147"
Sep 23 21:36:48 ip-172-31-10-147 kubelet[13623]: E0923 21:36:48.446618   13623 kubelet.go:3516] "Unable to register mirror pod because node is not registered yet" err="node \"ip-172-31-10-147\" not found" node="ip-172-31-10-147"
Sep 23 21:36:48 ip-172-31-10-147 kubelet[13623]: E0923 21:36:48.547197   13623 kubelet.go:3516] "Unable to register mirror pod because node is not registered yet" err="node \"ip-172-31-10-147\" not found" node="ip-172-31-10-147"
Sep 23 21:36:48 ip-172-31-10-147 kubelet[13623]: E0923 21:36:48.646940   13623 kubelet.go:3516] "Unable to register mirror pod because node is not registered yet" err="node \"ip-172-31-10-147\" not found" node="ip-172-31-10-147"
Sep 23 21:36:48 ip-172-31-10-147 kubelet[13623]: E0923 21:36:48.747095   13623 kubelet.go:3516] "Unable to register mirror pod because node is not registered yet" err="node \"ip-172-31-10-147\" not found" node="ip-172-31-10-147"
Sep 23 21:36:48 ip-172-31-10-147 kubelet[13623]: E0923 21:36:48.846587   13623 kubelet.go:3516] "Unable to register mirror pod because node is not registered yet" err="node \"ip-172-31-10-147\" not found" node="ip-172-31-10-147"
Sep 23 21:36:48 ip-172-31-10-147 kubelet[13623]: E0923 21:36:48.946592   13623 kubelet.go:3516] "Unable to register mirror pod because node is not registered yet" err="node \"ip-172-31-10-147\" not found" node="ip-172-31-10-147"
Sep 23 21:36:49 ip-172-31-10-147 kubelet[13623]: E0923 21:36:49.046998   13623 kubelet.go:3516] "Unable to register mirror pod because node is not registered yet" err="node \"ip-172-31-10-147\" not found" node="ip-172-31-10-147"
Sep 23 21:36:49 ip-172-31-10-147 kubelet[13623]: E0923 21:36:49.146596   13623 kubelet.go:3516] "Unable to register mirror pod because node is not registered yet" err="node \"ip-172-31-10-147\" not found" node="ip-172-31-10-147"
Sep 23 21:36:49 ip-172-31-10-147 kubelet[13623]: E0923 21:36:49.247618   13623 kubelet.go:3516] "Unable to register mirror pod because node is not registered yet" err="node \"ip-172-31-10-147\" not found" node="ip-172-31-10-147"
Sep 23 21:36:49 ip-172-31-10-147 kubelet[13623]: E0923 21:36:49.347559   13623 kubelet.go:3516] "Unable to register mirror pod because node is not registered yet" err="node \"ip-172-31-10-147\" not found" node="ip-172-31-10-147"
Sep 23 21:36:49 ip-172-31-10-147 kubelet[13623]: E0923 21:36:49.447274   13623 kubelet.go:3516] "Unable to register mirror pod because node is not registered yet" err="node \"ip-172-31-10-147\" not found" node="ip-172-31-10-147"
Sep 23 21:36:49 ip-172-31-10-147 kubelet[13623]: E0923 21:36:49.546832   13623 kubelet.go:3516] "Unable to register mirror pod because node is not registered yet" err="node \"ip-172-31-10-147\" not found" node="ip-172-31-10-147"
Sep 23 21:36:49 ip-172-31-10-147 kubelet[13623]: E0923 21:36:49.647042   13623 kubelet.go:3516] "Unable to register mirror pod because node is not registered yet" err="node \"ip-172-31-10-147\" not found" node="ip-172-31-10-147"
Sep 23 21:36:49 ip-172-31-10-147 kubelet[13623]: E0923 21:36:49.747058   13623 kubelet.go:3516] "Unable to register mirror pod because node is not registered yet" err="node \"ip-172-31-10-147\" not found" node="ip-172-31-10-147"
Sep 23 21:36:49 ip-172-31-10-147 kubelet[13623]: E0923 21:36:49.846629   13623 kubelet.go:3516] "Unable to register mirror pod because node is not registered yet" err="node \"ip-172-31-10-147\" not found" node="ip-172-31-10-147"
Sep 23 21:36:49 ip-172-31-10-147 kubelet[13623]: E0923 21:36:49.947531   13623 kubelet.go:3516] "Unable to register mirror pod because node is not registered yet" err="node \"ip-172-31-10-147\" not found" node="ip-172-31-10-147"
Sep 23 21:36:50 ip-172-31-10-147 kubelet[13623]: E0923 21:36:50.047374   13623 kubelet.go:3516] "Unable to register mirror pod because node is not registered yet" err="node \"ip-172-31-10-147\" not found" node="ip-172-31-10-147"
Sep 23 21:36:50 ip-172-31-10-147 kubelet[13623]: E0923 21:36:50.147217   13623 kubelet.go:3516] "Unable to register mirror pod because node is not registered yet" err="node \"ip-172-31-10-147\" not found" node="ip-172-31-10-147"
Sep 23 21:36:50 ip-172-31-10-147 kubelet[13623]: E0923 21:36:50.246566   13623 kubelet.go:3516] "Unable to register mirror pod because node is not registered yet" err="node \"ip-172-31-10-147\" not found" node="ip-172-31-10-147"
Sep 23 21:36:50 ip-172-31-10-147 kubelet[13623]: E0923 21:36:50.347107   13623 kubelet.go:3516] "Unable to register mirror pod because node is not registered yet" err="node \"ip-172-31-10-147\" not found" node="ip-172-31-10-147"
Sep 23 21:36:50 ip-172-31-10-147 kubelet[13623]: E0923 21:36:50.446532   13623 kubelet.go:3516] "Unable to register mirror pod because node is not registered yet" err="node \"ip-172-31-10-147\" not found" node="ip-172-31-10-147"
Sep 23 21:36:50 ip-172-31-10-147 kubelet[13623]: E0923 21:36:50.546994   13623 kubelet.go:3516] "Unable to register mirror pod because node is not registered yet" err="node \"ip-172-31-10-147\" not found" node="ip-172-31-10-147"
Sep 23 21:36:50 ip-172-31-10-147 kubelet[13623]: E0923 21:36:50.647522   13623 kubelet.go:3516] "Unable to register mirror pod because node is not registered yet" err="node \"ip-172-31-10-147\" not found" node="ip-172-31-10-147"
Sep 23 21:36:50 ip-172-31-10-147 kubelet[13623]: E0923 21:36:50.747315   13623 kubelet.go:3516] "Unable to register mirror pod because node is not registered yet" err="node \"ip-172-31-10-147\" not found" node="ip-172-31-10-147"
Sep 23 21:36:50 ip-172-31-10-147 kubelet[13623]: E0923 21:36:50.846995   13623 kubelet.go:3516] "Unable to register mirror pod because node is not registered yet" err="node \"ip-172-31-10-147\" not found" node="ip-172-31-10-147"
Sep 23 21:36:50 ip-172-31-10-147 kubelet[13623]: E0923 21:36:50.947270   13623 kubelet.go:3516] "Unable to register mirror pod because node is not registered yet" err="node \"ip-172-31-10-147\" not found" node="ip-172-31-10-147"
Sep 23 21:36:51 ip-172-31-10-147 kubelet[13623]: E0923 21:36:51.046896   13623 kubelet.go:3516] "Unable to register mirror pod because node is not registered yet" err="node \"ip-172-31-10-147\" not found" node="ip-172-31-10-147"
Sep 23 21:36:51 ip-172-31-10-147 kubelet[13623]: E0923 21:36:51.147587   13623 kubelet.go:3516] "Unable to register mirror pod because node is not registered yet" err="node \"ip-172-31-10-147\" not found" node="ip-172-31-10-147"
Sep 23 21:36:51 ip-172-31-10-147 kubelet[13623]: E0923 21:36:51.247311   13623 kubelet.go:3516] "Unable to register mirror pod because node is not registered yet" err="node \"ip-172-31-10-147\" not found" node="ip-172-31-10-147"
Sep 23 21:36:51 ip-172-31-10-147 kubelet[13623]: E0923 21:36:51.346860   13623 kubelet.go:3516] "Unable to register mirror pod because node is not registered yet" err="node \"ip-172-31-10-147\" not found" node="ip-172-31-10-147"
Sep 23 21:36:51 ip-172-31-10-147 kubelet[13623]: E0923 21:36:51.447500   13623 kubelet.go:3516] "Unable to register mirror pod because node is not registered yet" err="node \"ip-172-31-10-147\" not found" node="ip-172-31-10-147"
Sep 23 21:36:51 ip-172-31-10-147 kubelet[13623]: E0923 21:36:51.547334   13623 kubelet.go:3516] "Unable to register mirror pod because node is not registered yet" err="node \"ip-172-31-10-147\" not found" node="ip-172-31-10-147"
Sep 23 21:36:51 ip-172-31-10-147 kubelet[13623]: E0923 21:36:51.647540   13623 kubelet.go:3516] "Unable to register mirror pod because node is not registered yet" err="node \"ip-172-31-10-147\" not found" node="ip-172-31-10-147"
Sep 23 21:36:51 ip-172-31-10-147 kubelet[13623]: E0923 21:36:51.747399   13623 kubelet.go:3516] "Unable to register mirror pod because node is not registered yet" err="node \"ip-172-31-10-147\" not found" node="ip-172-31-10-147"
Sep 23 21:36:51 ip-172-31-10-147 kubelet[13623]: E0923 21:36:51.847022   13623 kubelet.go:3516] "Unable to register mirror pod because node is not registered yet" err="node \"ip-172-31-10-147\" not found" node="ip-172-31-10-147"
Sep 23 21:36:51 ip-172-31-10-147 kubelet[13623]: E0923 21:36:51.946735   13623 kubelet.go:3516] "Unable to register mirror pod because node is not registered yet" err="node \"ip-172-31-10-147\" not found" node="ip-172-31-10-147"
Sep 23 21:36:52 ip-172-31-10-147 kubelet[13623]: E0923 21:36:52.047709   13623 kubelet.go:3516] "Unable to register mirror pod because node is not registered yet" err="node \"ip-172-31-10-147\" not found" node="ip-172-31-10-147"
Sep 23 21:36:52 ip-172-31-10-147 kubelet[13623]: E0923 21:36:52.147517   13623 kubelet.go:3516] "Unable to register mirror pod because node is not registered yet" err="node \"ip-172-31-10-147\" not found" node="ip-172-31-10-147"
Sep 23 21:36:52 ip-172-31-10-147 kubelet[13623]: E0923 21:36:52.247251   13623 kubelet.go:3516] "Unable to register mirror pod because node is not registered yet" err="node \"ip-172-31-10-147\" not found" node="ip-172-31-10-147"
Sep 23 21:36:52 ip-172-31-10-147 kubelet[13623]: E0923 21:36:52.348588   13623 kubelet.go:3516] "Unable to register mirror pod because node is not registered yet" err="node \"ip-172-31-10-147\" not found" node="ip-172-31-10-147"
Sep 23 21:36:52 ip-172-31-10-147 kubelet[13623]: E0923 21:36:52.447097   13623 kubelet.go:3516] "Unable to register mirror pod because node is not registered yet" err="node \"ip-172-31-10-147\" not found" node="ip-172-31-10-147"
Sep 23 21:36:52 ip-172-31-10-147 kubelet[13623]: E0923 21:36:52.546879   13623 kubelet.go:3516] "Unable to register mirror pod because node is not registered yet" err="node \"ip-172-31-10-147\" not found" node="ip-172-31-10-147"
Sep 23 21:36:52 ip-172-31-10-147 kubelet[13623]: E0923 21:36:52.647770   13623 kubelet.go:3516] "Unable to register mirror pod because node is not registered yet" err="node \"ip-172-31-10-147\" not found" node="ip-172-31-10-147"
Sep 23 21:36:52 ip-172-31-10-147 kubelet[13623]: E0923 21:36:52.746810   13623 kubelet.go:3516] "Unable to register mirror pod because node is not registered yet" err="node \"ip-172-31-10-147\" not found" node="ip-172-31-10-147"
Sep 23 21:36:52 ip-172-31-10-147 kubelet[13623]: E0923 21:36:52.847497   13623 kubelet.go:3516] "Unable to register mirror pod because node is not registered yet" err="node \"ip-172-31-10-147\" not found" node="ip-172-31-10-147"
Sep 23 21:36:52 ip-172-31-10-147 kubelet[13623]: E0923 21:36:52.947160   13623 kubelet.go:3516] "Unable to register mirror pod because node is not registered yet" err="node \"ip-172-31-10-147\" not found" node="ip-172-31-10-147"
Sep 23 21:36:53 ip-172-31-10-147 kubelet[13623]: E0923 21:36:53.046602   13623 kubelet.go:3516] "Unable to register mirror pod because node is not registered yet" err="node \"ip-172-31-10-147\" not found" node="ip-172-31-10-147"
Sep 23 21:36:53 ip-172-31-10-147 kubelet[13623]: E0923 21:36:53.147157   13623 kubelet.go:3516] "Unable to register mirror pod because node is not registered yet" err="node \"ip-172-31-10-147\" not found" node="ip-172-31-10-147"
Sep 23 21:36:53 ip-172-31-10-147 kubelet[13623]: E0923 21:36:53.247032   13623 kubelet.go:3516] "Unable to register mirror pod because node is not registered yet" err="node \"ip-172-31-10-147\" not found" node="ip-172-31-10-147"
Sep 23 21:36:53 ip-172-31-10-147 kubelet[13623]: E0923 21:36:53.346602   13623 kubelet.go:3516] "Unable to register mirror pod because node is not registered yet" err="node \"ip-172-31-10-147\" not found" node="ip-172-31-10-147"
Sep 23 21:36:53 ip-172-31-10-147 kubelet[13623]: E0923 21:36:53.447426   13623 kubelet.go:3516] "Unable to register mirror pod because node is not registered yet" err="node \"ip-172-31-10-147\" not found" node="ip-172-31-10-147"
Sep 23 21:36:53 ip-172-31-10-147 kubelet[13623]: E0923 21:36:53.547232   13623 kubelet.go:3516] "Unable to register mirror pod because node is not registered yet" err="node \"ip-172-31-10-147\" not found" node="ip-172-31-10-147"
Sep 23 21:36:53 ip-172-31-10-147 kubelet[13623]: E0923 21:36:53.647180   13623 kubelet.go:3516] "Unable to register mirror pod because node is not registered yet" err="node \"ip-172-31-10-147\" not found" node="ip-172-31-10-147"
Sep 23 21:36:53 ip-172-31-10-147 kubelet[13623]: E0923 21:36:53.746830   13623 kubelet.go:3516] "Unable to register mirror pod because node is not registered yet" err="node \"ip-172-31-10-147\" not found" node="ip-172-31-10-147"
Sep 23 21:36:53 ip-172-31-10-147 kubelet[13623]: E0923 21:36:53.847585   13623 kubelet.go:3516] "Unable to register mirror pod because node is not registered yet" err="node \"ip-172-31-10-147\" not found" node="ip-172-31-10-147"
Sep 23 21:36:53 ip-172-31-10-147 kubelet[13623]: E0923 21:36:53.947558   13623 kubelet.go:3516] "Unable to register mirror pod because node is not registered yet" err="node \"ip-172-31-10-147\" not found" node="ip-172-31-10-147"
Sep 23 21:36:54 ip-172-31-10-147 kubelet[13623]: E0923 21:36:54.047570   13623 kubelet.go:3516] "Unable to register mirror pod because node is not registered yet" err="node \"ip-172-31-10-147\" not found" node="ip-172-31-10-147"
Sep 23 21:36:54 ip-172-31-10-147 kubelet[13623]: E0923 21:36:54.147492   13623 kubelet.go:3516] "Unable to register mirror pod because node is not registered yet" err="node \"ip-172-31-10-147\" not found" node="ip-172-31-10-147"
Sep 23 21:36:54 ip-172-31-10-147 kubelet[13623]: E0923 21:36:54.247132   13623 kubelet.go:3516] "Unable to register mirror pod because node is not registered yet" err="node \"ip-172-31-10-147\" not found" node="ip-172-31-10-147"
Sep 23 21:36:54 ip-172-31-10-147 kubelet[13623]: E0923 21:36:54.346553   13623 kubelet.go:3516] "Unable to register mirror pod because node is not registered yet" err="node \"ip-172-31-10-147\" not found" node="ip-172-31-10-147"
Sep 23 21:36:54 ip-172-31-10-147 kubelet[13623]: E0923 21:36:54.447257   13623 kubelet.go:3516] "Unable to register mirror pod because node is not registered yet" err="node \"ip-172-31-10-147\" not found" node="ip-172-31-10-147"
Sep 23 21:36:54 ip-172-31-10-147 kubelet[13623]: E0923 21:36:54.547332   13623 kubelet.go:3516] "Unable to register mirror pod because node is not registered yet" err="node \"ip-172-31-10-147\" not found" node="ip-172-31-10-147"
Sep 23 21:36:54 ip-172-31-10-147 kubelet[13623]: E0923 21:36:54.647351   13623 kubelet.go:3516] "Unable to register mirror pod because node is not registered yet" err="node \"ip-172-31-10-147\" not found" node="ip-172-31-10-147"
Sep 23 21:36:54 ip-172-31-10-147 kubelet[13623]: E0923 21:36:54.747276   13623 kubelet.go:3516] "Unable to register mirror pod because node is not registered yet" err="node \"ip-172-31-10-147\" not found" node="ip-172-31-10-147"
Sep 23 21:36:54 ip-172-31-10-147 kubelet[13623]: E0923 21:36:54.847119   13623 kubelet.go:3516] "Unable to register mirror pod because node is not registered yet" err="node \"ip-172-31-10-147\" not found" node="ip-172-31-10-147"
Sep 23 21:36:54 ip-172-31-10-147 kubelet[13623]: E0923 21:36:54.947331   13623 kubelet.go:3516] "Unable to register mirror pod because node is not registered yet" err="node \"ip-172-31-10-147\" not found" node="ip-172-31-10-147"
Sep 23 21:36:55 ip-172-31-10-147 kubelet[13623]: E0923 21:36:55.046980   13623 kubelet.go:3516] "Unable to register mirror pod because node is not registered yet" err="node \"ip-172-31-10-147\" not found" node="ip-172-31-10-147"
Sep 23 21:36:55 ip-172-31-10-147 kubelet[13623]: E0923 21:36:55.147449   13623 kubelet.go:3516] "Unable to register mirror pod because node is not registered yet" err="node \"ip-172-31-10-147\" not found" node="ip-172-31-10-147"
Sep 23 21:36:55 ip-172-31-10-147 kubelet[13623]: E0923 21:36:55.247085   13623 kubelet.go:3516] "Unable to register mirror pod because node is not registered yet" err="node \"ip-172-31-10-147\" not found" node="ip-172-31-10-147"
Sep 23 21:36:55 ip-172-31-10-147 kubelet[13623]: E0923 21:36:55.346584   13623 kubelet.go:3516] "Unable to register mirror pod because node is not registered yet" err="node \"ip-172-31-10-147\" not found" node="ip-172-31-10-147"
Sep 23 21:36:55 ip-172-31-10-147 kubelet[13623]: E0923 21:36:55.447085   13623 kubelet.go:3516] "Unable to register mirror pod because node is not registered yet" err="node \"ip-172-31-10-147\" not found" node="ip-172-31-10-147"
Sep 23 21:36:55 ip-172-31-10-147 kubelet[13623]: E0923 21:36:55.546575   13623 kubelet.go:3516] "Unable to register mirror pod because node is not registered yet" err="node \"ip-172-31-10-147\" not found" node="ip-172-31-10-147"
Sep 23 21:36:55 ip-172-31-10-147 kubelet[13623]: E0923 21:36:55.647553   13623 kubelet.go:3516] "Unable to register mirror pod because node is not registered yet" err="node \"ip-172-31-10-147\" not found" node="ip-172-31-10-147"
Sep 23 21:36:55 ip-172-31-10-147 kubelet[13623]: E0923 21:36:55.747367   13623 kubelet.go:3516] "Unable to register mirror pod because node is not registered yet" err="node \"ip-172-31-10-147\" not found" node="ip-172-31-10-147"
Sep 23 21:36:55 ip-172-31-10-147 kubelet[13623]: E0923 21:36:55.847056   13623 kubelet.go:3516] "Unable to register mirror pod because node is not registered yet" err="node \"ip-172-31-10-147\" not found" node="ip-172-31-10-147"
Sep 23 21:36:55 ip-172-31-10-147 kubelet[13623]: E0923 21:36:55.947509   13623 kubelet.go:3516] "Unable to register mirror pod because node is not registered yet" err="node \"ip-172-31-10-147\" not found" node="ip-172-31-10-147"
Sep 23 21:36:56 ip-172-31-10-147 kubelet[13623]: E0923 21:36:56.047380   13623 kubelet.go:3516] "Unable to register mirror pod because node is not registered yet" err="node \"ip-172-31-10-147\" not found" node="ip-172-31-10-147"
Sep 23 21:36:56 ip-172-31-10-147 kubelet[13623]: E0923 21:36:56.147261   13623 kubelet.go:3516] "Unable to register mirror pod because node is not registered yet" err="node \"ip-172-31-10-147\" not found" node="ip-172-31-10-147"
Sep 23 21:36:56 ip-172-31-10-147 kubelet[13623]: E0923 21:36:56.246916   13623 kubelet.go:3516] "Unable to register mirror pod because node is not registered yet" err="node \"ip-172-31-10-147\" not found" node="ip-172-31-10-147"
Sep 23 21:36:56 ip-172-31-10-147 kubelet[13623]: E0923 21:36:56.346577   13623 kubelet.go:3516] "Unable to register mirror pod because node is not registered yet" err="node \"ip-172-31-10-147\" not found" node="ip-172-31-10-147"
Sep 23 21:36:56 ip-172-31-10-147 kubelet[13623]: E0923 21:36:56.447247   13623 kubelet.go:3516] "Unable to register mirror pod because node is not registered yet" err="node \"ip-172-31-10-147\" not found" node="ip-172-31-10-147"
Sep 23 21:36:56 ip-172-31-10-147 kubelet[13623]: E0923 21:36:56.546865   13623 kubelet.go:3516] "Unable to register mirror pod because node is not registered yet" err="node \"ip-172-31-10-147\" not found" node="ip-172-31-10-147"
Sep 23 21:36:56 ip-172-31-10-147 kubelet[13623]: E0923 21:36:56.647179   13623 kubelet.go:3516] "Unable to register mirror pod because node is not registered yet" err="node \"ip-172-31-10-147\" not found" node="ip-172-31-10-147"
Sep 23 21:36:56 ip-172-31-10-147 kubelet[13623]: E0923 21:36:56.746896   13623 kubelet.go:3516] "Unable to register mirror pod because node is not registered yet" err="node \"ip-172-31-10-147\" not found" node="ip-172-31-10-147"
Sep 23 21:36:56 ip-172-31-10-147 kubelet[13623]: E0923 21:36:56.847516   13623 kubelet.go:3516] "Unable to register mirror pod because node is not registered yet" err="node \"ip-172-31-10-147\" not found" node="ip-172-31-10-147"
Sep 23 21:36:56 ip-172-31-10-147 kubelet[13623]: E0923 21:36:56.917177   13623 eviction_manager.go:297] "Eviction manager: failed to get summary stats" err="failed to get node info: node \"ip-172-31-10-147\" not found"
Sep 23 21:36:56 ip-172-31-10-147 kubelet[13623]: E0923 21:36:56.946844   13623 kubelet.go:3516] "Unable to register mirror pod because node is not registered yet" err="node \"ip-172-31-10-147\" not found" node="ip-172-31-10-147"
Sep 23 21:36:57 ip-172-31-10-147 kubelet[13623]: E0923 21:36:57.046637   13623 kubelet.go:3516] "Unable to register mirror pod because node is not registered yet" err="node \"ip-172-31-10-147\" not found" node="ip-172-31-10-147"
Sep 23 21:36:57 ip-172-31-10-147 kubelet[13623]: E0923 21:36:57.147132   13623 kubelet.go:3516] "Unable to register mirror pod because node is not registered yet" err="node \"ip-172-31-10-147\" not found" node="ip-172-31-10-147"
Sep 23 21:36:57 ip-172-31-10-147 kubelet[13623]: E0923 21:36:57.246579   13623 kubelet.go:3516] "Unable to register mirror pod because node is not registered yet" err="node \"ip-172-31-10-147\" not found" node="ip-172-31-10-147"
Sep 23 21:36:57 ip-172-31-10-147 kubelet[13623]: E0923 21:36:57.347271   13623 kubelet.go:3516] "Unable to register mirror pod because node is not registered yet" err="node \"ip-172-31-10-147\" not found" node="ip-172-31-10-147"
Sep 23 21:36:57 ip-172-31-10-147 kubelet[13623]: E0923 21:36:57.446820   13623 kubelet.go:3516] "Unable to register mirror pod because node is not registered yet" err="node \"ip-172-31-10-147\" not found" node="ip-172-31-10-147"
Sep 23 21:36:57 ip-172-31-10-147 kubelet[13623]: E0923 21:36:57.547533   13623 kubelet.go:3516] "Unable to register mirror pod because node is not registered yet" err="node \"ip-172-31-10-147\" not found" node="ip-172-31-10-147"
Sep 23 21:36:57 ip-172-31-10-147 kubelet[13623]: E0923 21:36:57.647542   13623 kubelet.go:3516] "Unable to register mirror pod because node is not registered yet" err="node \"ip-172-31-10-147\" not found" node="ip-172-31-10-147"
Sep 23 21:36:57 ip-172-31-10-147 kubelet[13623]: E0923 21:36:57.747302   13623 kubelet.go:3516] "Unable to register mirror pod because node is not registered yet" err="node \"ip-172-31-10-147\" not found" node="ip-172-31-10-147"
Sep 23 21:36:57 ip-172-31-10-147 kubelet[13623]: E0923 21:36:57.847018   13623 kubelet.go:3516] "Unable to register mirror pod because node is not registered yet" err="node \"ip-172-31-10-147\" not found" node="ip-172-31-10-147"
Sep 23 21:36:57 ip-172-31-10-147 kubelet[13623]: E0923 21:36:57.946938   13623 kubelet.go:3516] "Unable to register mirror pod because node is not registered yet" err="node \"ip-172-31-10-147\" not found" node="ip-172-31-10-147"
Sep 23 21:36:58 ip-172-31-10-147 kubelet[13623]: E0923 21:36:58.047406   13623 kubelet.go:3516] "Unable to register mirror pod because node is not registered yet" err="node \"ip-172-31-10-147\" not found" node="ip-172-31-10-147"
Sep 23 21:36:58 ip-172-31-10-147 kubelet[13623]: E0923 21:36:58.147031   13623 kubelet.go:3516] "Unable to register mirror pod because node is not registered yet" err="node \"ip-172-31-10-147\" not found" node="ip-172-31-10-147"
Sep 23 21:36:58 ip-172-31-10-147 kubelet[13623]: E0923 21:36:58.246566   13623 kubelet.go:3516] "Unable to register mirror pod because node is not registered yet" err="node \"ip-172-31-10-147\" not found" node="ip-172-31-10-147"
Sep 23 21:36:58 ip-172-31-10-147 kubelet[13623]: E0923 21:36:58.347187   13623 kubelet.go:3516] "Unable to register mirror pod because node is not registered yet" err="node \"ip-172-31-10-147\" not found" node="ip-172-31-10-147"
Sep 23 21:36:58 ip-172-31-10-147 kubelet[13623]: E0923 21:36:58.446642   13623 kubelet.go:3516] "Unable to register mirror pod because node is not registered yet" err="node \"ip-172-31-10-147\" not found" node="ip-172-31-10-147"
Sep 23 21:36:58 ip-172-31-10-147 kubelet[13623]: E0923 21:36:58.547285   13623 kubelet.go:3516] "Unable to register mirror pod because node is not registered yet" err="node \"ip-172-31-10-147\" not found" node="ip-172-31-10-147"
Sep 23 21:36:58 ip-172-31-10-147 kubelet[13623]: E0923 21:36:58.647058   13623 kubelet.go:3516] "Unable to register mirror pod because node is not registered yet" err="node \"ip-172-31-10-147\" not found" node="ip-172-31-10-147"
Sep 23 21:36:58 ip-172-31-10-147 kubelet[13623]: E0923 21:36:58.746751   13623 kubelet.go:3516] "Unable to register mirror pod because node is not registered yet" err="node \"ip-172-31-10-147\" not found" node="ip-172-31-10-147"
Sep 23 21:36:58 ip-172-31-10-147 kubelet[13623]: E0923 21:36:58.847332   13623 kubelet.go:3516] "Unable to register mirror pod because node is not registered yet" err="node \"ip-172-31-10-147\" not found" node="ip-172-31-10-147"
Sep 23 21:36:58 ip-172-31-10-147 kubelet[13623]: E0923 21:36:58.946575   13623 kubelet.go:3516] "Unable to register mirror pod because node is not registered yet" err="node \"ip-172-31-10-147\" not found" node="ip-172-31-10-147"
Sep 23 21:36:59 ip-172-31-10-147 kubelet[13623]: E0923 21:36:59.047264   13623 kubelet.go:3516] "Unable to register mirror pod because node is not registered yet" err="node \"ip-172-31-10-147\" not found" node="ip-172-31-10-147"
Sep 23 21:36:59 ip-172-31-10-147 kubelet[13623]: E0923 21:36:59.146808   13623 kubelet.go:3516] "Unable to register mirror pod because node is not registered yet" err="node \"ip-172-31-10-147\" not found" node="ip-172-31-10-147"
Sep 23 21:36:59 ip-172-31-10-147 kubelet[13623]: E0923 21:36:59.247406   13623 kubelet.go:3516] "Unable to register mirror pod because node is not registered yet" err="node \"ip-172-31-10-147\" not found" node="ip-172-31-10-147"
Sep 23 21:36:59 ip-172-31-10-147 kubelet[13623]: E0923 21:36:59.347036   13623 kubelet.go:3516] "Unable to register mirror pod because node is not registered yet" err="node \"ip-172-31-10-147\" not found" node="ip-172-31-10-147"
Sep 23 21:36:59 ip-172-31-10-147 kubelet[13623]: E0923 21:36:59.446964   13623 kubelet.go:3516] "Unable to register mirror pod because node is not registered yet" err="node \"ip-172-31-10-147\" not found" node="ip-172-31-10-147"
Sep 23 21:36:59 ip-172-31-10-147 kubelet[13623]: E0923 21:36:59.547407   13623 kubelet.go:3516] "Unable to register mirror pod because node is not registered yet" err="node \"ip-172-31-10-147\" not found" node="ip-172-31-10-147"
Sep 23 21:36:59 ip-172-31-10-147 kubelet[13623]: E0923 21:36:59.647203   13623 kubelet.go:3516] "Unable to register mirror pod because node is not registered yet" err="node \"ip-172-31-10-147\" not found" node="ip-172-31-10-147"
Sep 23 21:36:59 ip-172-31-10-147 kubelet[13623]: E0923 21:36:59.653033   13623 controller.go:201] "Failed to ensure lease exists, will retry" err="the server was unable to return a response in the time allotted, but may still be processing the request (get leases.coordination.k8s.io ip-172-31-10-147)" interval="3.2s"
Sep 23 21:36:59 ip-172-31-10-147 kubelet[13623]: E0923 21:36:59.747516   13623 kubelet.go:3516] "Unable to register mirror pod because node is not registered yet" err="node \"ip-172-31-10-147\" not found" node="ip-172-31-10-147"
Sep 23 21:36:59 ip-172-31-10-147 kubelet[13623]: E0923 21:36:59.847420   13623 kubelet.go:3516] "Unable to register mirror pod because node is not registered yet" err="node \"ip-172-31-10-147\" not found" node="ip-172-31-10-147"
Sep 23 21:36:59 ip-172-31-10-147 kubelet[13623]: E0923 21:36:59.947626   13623 kubelet.go:3516] "Unable to register mirror pod because node is not registered yet" err="node \"ip-172-31-10-147\" not found" node="ip-172-31-10-147"
Sep 23 21:37:00 ip-172-31-10-147 kubelet[13623]: E0923 21:37:00.047170   13623 kubelet.go:3516] "Unable to register mirror pod because node is not registered yet" err="node \"ip-172-31-10-147\" not found" node="ip-172-31-10-147"
Sep 23 21:37:00 ip-172-31-10-147 kubelet[13623]: E0923 21:37:00.148563   13623 kubelet.go:3516] "Unable to register mirror pod because node is not registered yet" err="node \"ip-172-31-10-147\" not found" node="ip-172-31-10-147"
Sep 23 21:37:00 ip-172-31-10-147 kubelet[13623]: E0923 21:37:00.247129   13623 kubelet.go:3516] "Unable to register mirror pod because node is not registered yet" err="node \"ip-172-31-10-147\" not found" node="ip-172-31-10-147"
Sep 23 21:37:00 ip-172-31-10-147 kubelet[13623]: E0923 21:37:00.346589   13623 kubelet.go:3516] "Unable to register mirror pod because node is not registered yet" err="node \"ip-172-31-10-147\" not found" node="ip-172-31-10-147"
Sep 23 21:37:00 ip-172-31-10-147 kubelet[13623]: E0923 21:37:00.446565   13623 kubelet.go:3516] "Unable to register mirror pod because node is not registered yet" err="node \"ip-172-31-10-147\" not found" node="ip-172-31-10-147"
Sep 23 21:37:00 ip-172-31-10-147 kubelet[13623]: E0923 21:37:00.547226   13623 kubelet.go:3516] "Unable to register mirror pod because node is not registered yet" err="node \"ip-172-31-10-147\" not found" node="ip-172-31-10-147"
Sep 23 21:37:00 ip-172-31-10-147 kubelet[13623]: E0923 21:37:00.647119   13623 kubelet.go:3516] "Unable to register mirror pod because node is not registered yet" err="node \"ip-172-31-10-147\" not found" node="ip-172-31-10-147"
Sep 23 21:37:00 ip-172-31-10-147 kubelet[13623]: E0923 21:37:00.747126   13623 kubelet.go:3516] "Unable to register mirror pod because node is not registered yet" err="node \"ip-172-31-10-147\" not found" node="ip-172-31-10-147"
Sep 23 21:37:00 ip-172-31-10-147 kubelet[13623]: E0923 21:37:00.846563   13623 kubelet.go:3516] "Unable to register mirror pod because node is not registered yet" err="node \"ip-172-31-10-147\" not found" node="ip-172-31-10-147"
Sep 23 21:37:00 ip-172-31-10-147 kubelet[13623]: E0923 21:37:00.947426   13623 kubelet.go:3516] "Unable to register mirror pod because node is not registered yet" err="node \"ip-172-31-10-147\" not found" node="ip-172-31-10-147"
Sep 23 21:37:01 ip-172-31-10-147 kubelet[13623]: E0923 21:37:01.047599   13623 kubelet.go:3516] "Unable to register mirror pod because node is not registered yet" err="node \"ip-172-31-10-147\" not found" node="ip-172-31-10-147"
Sep 23 21:37:01 ip-172-31-10-147 kubelet[13623]: E0923 21:37:01.147493   13623 kubelet.go:3516] "Unable to register mirror pod because node is not registered yet" err="node \"ip-172-31-10-147\" not found" node="ip-172-31-10-147"
Sep 23 21:37:01 ip-172-31-10-147 kubelet[13623]: E0923 21:37:01.247096   13623 kubelet.go:3516] "Unable to register mirror pod because node is not registered yet" err="node \"ip-172-31-10-147\" not found" node="ip-172-31-10-147"
Sep 23 21:37:01 ip-172-31-10-147 kubelet[13623]: E0923 21:37:01.346696   13623 kubelet.go:3516] "Unable to register mirror pod because node is not registered yet" err="node \"ip-172-31-10-147\" not found" node="ip-172-31-10-147"
Sep 23 21:37:01 ip-172-31-10-147 kubelet[13623]: E0923 21:37:01.447539   13623 kubelet.go:3516] "Unable to register mirror pod because node is not registered yet" err="node \"ip-172-31-10-147\" not found" node="ip-172-31-10-147"
Sep 23 21:37:01 ip-172-31-10-147 kubelet[13623]: E0923 21:37:01.547119   13623 kubelet.go:3516] "Unable to register mirror pod because node is not registered yet" err="node \"ip-172-31-10-147\" not found" node="ip-172-31-10-147"
Sep 23 21:37:01 ip-172-31-10-147 kubelet[13623]: E0923 21:37:01.647182   13623 kubelet.go:3516] "Unable to register mirror pod because node is not registered yet" err="node \"ip-172-31-10-147\" not found" node="ip-172-31-10-147"
Sep 23 21:37:01 ip-172-31-10-147 kubelet[13623]: E0923 21:37:01.746833   13623 kubelet.go:3516] "Unable to register mirror pod because node is not registered yet" err="node \"ip-172-31-10-147\" not found" node="ip-172-31-10-147"
Sep 23 21:37:01 ip-172-31-10-147 kubelet[13623]: E0923 21:37:01.847501   13623 kubelet.go:3516] "Unable to register mirror pod because node is not registered yet" err="node \"ip-172-31-10-147\" not found" node="ip-172-31-10-147"
Sep 23 21:37:01 ip-172-31-10-147 kubelet[13623]: E0923 21:37:01.948357   13623 kubelet.go:3516] "Unable to register mirror pod because node is not registered yet" err="node \"ip-172-31-10-147\" not found" node="ip-172-31-10-147"
Sep 23 21:37:02 ip-172-31-10-147 kubelet[13623]: E0923 21:37:02.047580   13623 kubelet.go:3516] "Unable to register mirror pod because node is not registered yet" err="node \"ip-172-31-10-147\" not found" node="ip-172-31-10-147"
Sep 23 21:37:02 ip-172-31-10-147 kubelet[13623]: E0923 21:37:02.147188   13623 kubelet.go:3516] "Unable to register mirror pod because node is not registered yet" err="node \"ip-172-31-10-147\" not found" node="ip-172-31-10-147"
Sep 23 21:37:02 ip-172-31-10-147 kubelet[13623]: E0923 21:37:02.247642   13623 kubelet.go:3516] "Unable to register mirror pod because node is not registered yet" err="node \"ip-172-31-10-147\" not found" node="ip-172-31-10-147"
Sep 23 21:37:02 ip-172-31-10-147 kubelet[13623]: E0923 21:37:02.347335   13623 kubelet.go:3516] "Unable to register mirror pod because node is not registered yet" err="node \"ip-172-31-10-147\" not found" node="ip-172-31-10-147"
Sep 23 21:37:02 ip-172-31-10-147 kubelet[13623]: E0923 21:37:02.447032   13623 kubelet.go:3516] "Unable to register mirror pod because node is not registered yet" err="node \"ip-172-31-10-147\" not found" node="ip-172-31-10-147"
Sep 23 21:37:02 ip-172-31-10-147 kubelet[13623]: E0923 21:37:02.546529   13623 kubelet.go:3516] "Unable to register mirror pod because node is not registered yet" err="node \"ip-172-31-10-147\" not found" node="ip-172-31-10-147"
Sep 23 21:37:02 ip-172-31-10-147 kubelet[13623]: E0923 21:37:02.646789   13623 kubelet.go:3516] "Unable to register mirror pod because node is not registered yet" err="node \"ip-172-31-10-147\" not found" node="ip-172-31-10-147"
Sep 23 21:37:02 ip-172-31-10-147 kubelet[13623]: E0923 21:37:02.746566   13623 kubelet.go:3516] "Unable to register mirror pod because node is not registered yet" err="node \"ip-172-31-10-147\" not found" node="ip-172-31-10-147"
Sep 23 21:37:02 ip-172-31-10-147 kubelet[13623]: E0923 21:37:02.847221   13623 kubelet.go:3516] "Unable to register mirror pod because node is not registered yet" err="node \"ip-172-31-10-147\" not found" node="ip-172-31-10-147"
Sep 23 21:37:02 ip-172-31-10-147 kubelet[13623]: E0923 21:37:02.947403   13623 kubelet.go:3516] "Unable to register mirror pod because node is not registered yet" err="node \"ip-172-31-10-147\" not found" node="ip-172-31-10-147"
Sep 23 21:37:03 ip-172-31-10-147 kubelet[13623]: E0923 21:37:03.046549   13623 kubelet.go:3516] "Unable to register mirror pod because node is not registered yet" err="node \"ip-172-31-10-147\" not found" node="ip-172-31-10-147"
Sep 23 21:37:03 ip-172-31-10-147 kubelet[13623]: E0923 21:37:03.146922   13623 kubelet.go:3516] "Unable to register mirror pod because node is not registered yet" err="node \"ip-172-31-10-147\" not found" node="ip-172-31-10-147"
Sep 23 21:37:03 ip-172-31-10-147 kubelet[13623]: E0923 21:37:03.246620   13623 kubelet.go:3516] "Unable to register mirror pod because node is not registered yet" err="node \"ip-172-31-10-147\" not found" node="ip-172-31-10-147"
Sep 23 21:37:03 ip-172-31-10-147 kubelet[13623]: E0923 21:37:03.347252   13623 kubelet.go:3516] "Unable to register mirror pod because node is not registered yet" err="node \"ip-172-31-10-147\" not found" node="ip-172-31-10-147"
Sep 23 21:37:03 ip-172-31-10-147 kubelet[13623]: E0923 21:37:03.446937   13623 kubelet.go:3516] "Unable to register mirror pod because node is not registered yet" err="node \"ip-172-31-10-147\" not found" node="ip-172-31-10-147"
Sep 23 21:37:03 ip-172-31-10-147 kubelet[13623]: E0923 21:37:03.546614   13623 kubelet.go:3516] "Unable to register mirror pod because node is not registered yet" err="node \"ip-172-31-10-147\" not found" node="ip-172-31-10-147"
Sep 23 21:37:03 ip-172-31-10-147 kubelet[13623]: E0923 21:37:03.647089   13623 kubelet.go:3516] "Unable to register mirror pod because node is not registered yet" err="node \"ip-172-31-10-147\" not found" node="ip-172-31-10-147"
Sep 23 21:37:03 ip-172-31-10-147 kubelet[13623]: E0923 21:37:03.746792   13623 kubelet.go:3516] "Unable to register mirror pod because node is not registered yet" err="node \"ip-172-31-10-147\" not found" node="ip-172-31-10-147"
Sep 23 21:37:03 ip-172-31-10-147 kubelet[13623]: E0923 21:37:03.847765   13623 kubelet.go:3516] "Unable to register mirror pod because node is not registered yet" err="node \"ip-172-31-10-147\" not found" node="ip-172-31-10-147"
Sep 23 21:37:03 ip-172-31-10-147 kubelet[13623]: E0923 21:37:03.946810   13623 kubelet.go:3516] "Unable to register mirror pod because node is not registered yet" err="node \"ip-172-31-10-147\" not found" node="ip-172-31-10-147"
Sep 23 21:37:04 ip-172-31-10-147 kubelet[13623]: E0923 21:37:04.046776   13623 kubelet.go:3516] "Unable to register mirror pod because node is not registered yet" err="node \"ip-172-31-10-147\" not found" node="ip-172-31-10-147"
Sep 23 21:37:04 ip-172-31-10-147 kubelet[13623]: E0923 21:37:04.146885   13623 kubelet.go:3516] "Unable to register mirror pod because node is not registered yet" err="node \"ip-172-31-10-147\" not found" node="ip-172-31-10-147"
Sep 23 21:37:04 ip-172-31-10-147 kubelet[13623]: E0923 21:37:04.246600   13623 kubelet.go:3516] "Unable to register mirror pod because node is not registered yet" err="node \"ip-172-31-10-147\" not found" node="ip-172-31-10-147"
Sep 23 21:37:04 ip-172-31-10-147 kubelet[13623]: E0923 21:37:04.346630   13623 kubelet.go:3516] "Unable to register mirror pod because node is not registered yet" err="node \"ip-172-31-10-147\" not found" node="ip-172-31-10-147"
Sep 23 21:37:04 ip-172-31-10-147 kubelet[13623]: E0923 21:37:04.447377   13623 kubelet.go:3516] "Unable to register mirror pod because node is not registered yet" err="node \"ip-172-31-10-147\" not found" node="ip-172-31-10-147"
Sep 23 21:37:04 ip-172-31-10-147 kubelet[13623]: E0923 21:37:04.546969   13623 kubelet.go:3516] "Unable to register mirror pod because node is not registered yet" err="node \"ip-172-31-10-147\" not found" node="ip-172-31-10-147"
Sep 23 21:37:04 ip-172-31-10-147 kubelet[13623]: E0923 21:37:04.646801   13623 kubelet.go:3516] "Unable to register mirror pod because node is not registered yet" err="node \"ip-172-31-10-147\" not found" node="ip-172-31-10-147"
Sep 23 21:37:04 ip-172-31-10-147 kubelet[13623]: E0923 21:37:04.746732   13623 kubelet.go:3516] "Unable to register mirror pod because node is not registered yet" err="node \"ip-172-31-10-147\" not found" node="ip-172-31-10-147"
Sep 23 21:37:04 ip-172-31-10-147 kubelet[13623]: E0923 21:37:04.847266   13623 kubelet.go:3516] "Unable to register mirror pod because node is not registered yet" err="node \"ip-172-31-10-147\" not found" node="ip-172-31-10-147"
Sep 23 21:37:04 ip-172-31-10-147 kubelet[13623]: E0923 21:37:04.946870   13623 kubelet.go:3516] "Unable to register mirror pod because node is not registered yet" err="node \"ip-172-31-10-147\" not found" node="ip-172-31-10-147"
Sep 23 21:37:05 ip-172-31-10-147 kubelet[13623]: E0923 21:37:05.049857   13623 kubelet.go:3516] "Unable to register mirror pod because node is not registered yet" err="node \"ip-172-31-10-147\" not found" node="ip-172-31-10-147"
Sep 23 21:37:05 ip-172-31-10-147 kubelet[13623]: E0923 21:37:05.147300   13623 kubelet.go:3516] "Unable to register mirror pod because node is not registered yet" err="node \"ip-172-31-10-147\" not found" node="ip-172-31-10-147"
Sep 23 21:37:05 ip-172-31-10-147 kubelet[13623]: E0923 21:37:05.247302   13623 kubelet.go:3516] "Unable to register mirror pod because node is not registered yet" err="node \"ip-172-31-10-147\" not found" node="ip-172-31-10-147"
Sep 23 21:37:05 ip-172-31-10-147 kubelet[13623]: E0923 21:37:05.346959   13623 kubelet.go:3516] "Unable to register mirror pod because node is not registered yet" err="node \"ip-172-31-10-147\" not found" node="ip-172-31-10-147"
Sep 23 21:37:05 ip-172-31-10-147 kubelet[13623]: E0923 21:37:05.446583   13623 kubelet.go:3516] "Unable to register mirror pod because node is not registered yet" err="node \"ip-172-31-10-147\" not found" node="ip-172-31-10-147"
Sep 23 21:37:05 ip-172-31-10-147 kubelet[13623]: E0923 21:37:05.547177   13623 kubelet.go:3516] "Unable to register mirror pod because node is not registered yet" err="node \"ip-172-31-10-147\" not found" node="ip-172-31-10-147"
Sep 23 21:37:05 ip-172-31-10-147 kubelet[13623]: E0923 21:37:05.647605   13623 kubelet.go:3516] "Unable to register mirror pod because node is not registered yet" err="node \"ip-172-31-10-147\" not found" node="ip-172-31-10-147"
Sep 23 21:37:05 ip-172-31-10-147 kubelet[13623]: E0923 21:37:05.747541   13623 kubelet.go:3516] "Unable to register mirror pod because node is not registered yet" err="node \"ip-172-31-10-147\" not found" node="ip-172-31-10-147"
Sep 23 21:37:05 ip-172-31-10-147 kubelet[13623]: E0923 21:37:05.847027   13623 kubelet.go:3516] "Unable to register mirror pod because node is not registered yet" err="node \"ip-172-31-10-147\" not found" node="ip-172-31-10-147"
Sep 23 21:37:05 ip-172-31-10-147 kubelet[13623]: E0923 21:37:05.946990   13623 kubelet.go:3516] "Unable to register mirror pod because node is not registered yet" err="node \"ip-172-31-10-147\" not found" node="ip-172-31-10-147"
Sep 23 21:37:06 ip-172-31-10-147 kubelet[13623]: E0923 21:37:06.047410   13623 kubelet.go:3516] "Unable to register mirror pod because node is not registered yet" err="node \"ip-172-31-10-147\" not found" node="ip-172-31-10-147"
Sep 23 21:37:06 ip-172-31-10-147 kubelet[13623]: E0923 21:37:06.146588   13623 kubelet.go:3516] "Unable to register mirror pod because node is not registered yet" err="node \"ip-172-31-10-147\" not found" node="ip-172-31-10-147"
Sep 23 21:37:06 ip-172-31-10-147 kubelet[13623]: E0923 21:37:06.247106   13623 kubelet.go:3516] "Unable to register mirror pod because node is not registered yet" err="node \"ip-172-31-10-147\" not found" node="ip-172-31-10-147"
Sep 23 21:37:06 ip-172-31-10-147 kubelet[13623]: E0923 21:37:06.346542   13623 kubelet.go:3516] "Unable to register mirror pod because node is not registered yet" err="node \"ip-172-31-10-147\" not found" node="ip-172-31-10-147"
Sep 23 21:37:06 ip-172-31-10-147 kubelet[13623]: E0923 21:37:06.446967   13623 kubelet.go:3516] "Unable to register mirror pod because node is not registered yet" err="node \"ip-172-31-10-147\" not found" node="ip-172-31-10-147"
Sep 23 21:37:06 ip-172-31-10-147 kubelet[13623]: E0923 21:37:06.546537   13623 kubelet.go:3516] "Unable to register mirror pod because node is not registered yet" err="node \"ip-172-31-10-147\" not found" node="ip-172-31-10-147"
Sep 23 21:37:06 ip-172-31-10-147 kubelet[13623]: E0923 21:37:06.646562   13623 kubelet.go:3516] "Unable to register mirror pod because node is not registered yet" err="node \"ip-172-31-10-147\" not found" node="ip-172-31-10-147"
Sep 23 21:37:06 ip-172-31-10-147 kubelet[13623]: E0923 21:37:06.747593   13623 kubelet.go:3516] "Unable to register mirror pod because node is not registered yet" err="node \"ip-172-31-10-147\" not found" node="ip-172-31-10-147"
Sep 23 21:37:06 ip-172-31-10-147 kubelet[13623]: I0923 21:37:06.767794   13623 reconciler_common.go:251] "operationExecutor.VerifyControllerAttachedVolume started for volume \"ca-certs\" (UniqueName: \"kubernetes.io/host-path/826e43e93f83d308750929af9bbad2d1-ca-certs\") pod \"kube-apiserver-ip-172-31-10-147\" (UID: \"826e43e93f83d308750929af9bbad2d1\") " pod="kube-system/kube-apiserver-ip-172-31-10-147"
Sep 23 21:37:06 ip-172-31-10-147 kubelet[13623]: I0923 21:37:06.767866   13623 reconciler_common.go:251] "operationExecutor.VerifyControllerAttachedVolume started for volume \"etc-ca-certificates\" (UniqueName: \"kubernetes.io/host-path/826e43e93f83d308750929af9bbad2d1-etc-ca-certificates\") pod \"kube-apiserver-ip-172-31-10-147\" (UID: \"826e43e93f83d308750929af9bbad2d1\") " pod="kube-system/kube-apiserver-ip-172-31-10-147"
Sep 23 21:37:06 ip-172-31-10-147 kubelet[13623]: I0923 21:37:06.767901   13623 reconciler_common.go:251] "operationExecutor.VerifyControllerAttachedVolume started for volume \"k8s-certs\" (UniqueName: \"kubernetes.io/host-path/826e43e93f83d308750929af9bbad2d1-k8s-certs\") pod \"kube-apiserver-ip-172-31-10-147\" (UID: \"826e43e93f83d308750929af9bbad2d1\") " pod="kube-system/kube-apiserver-ip-172-31-10-147"
Sep 23 21:37:06 ip-172-31-10-147 kubelet[13623]: I0923 21:37:06.767932   13623 reconciler_common.go:251] "operationExecutor.VerifyControllerAttachedVolume started for volume \"k8s-certs\" (UniqueName: \"kubernetes.io/host-path/ec926ddc197c2b2b715fadb00c990026-k8s-certs\") pod \"kube-controller-manager-ip-172-31-10-147\" (UID: \"ec926ddc197c2b2b715fadb00c990026\") " pod="kube-system/kube-controller-manager-ip-172-31-10-147"
Sep 23 21:37:06 ip-172-31-10-147 kubelet[13623]: I0923 21:37:06.767960   13623 reconciler_common.go:251] "operationExecutor.VerifyControllerAttachedVolume started for volume \"kubeconfig\" (UniqueName: \"kubernetes.io/host-path/ec926ddc197c2b2b715fadb00c990026-kubeconfig\") pod \"kube-controller-manager-ip-172-31-10-147\" (UID: \"ec926ddc197c2b2b715fadb00c990026\") " pod="kube-system/kube-controller-manager-ip-172-31-10-147"
Sep 23 21:37:06 ip-172-31-10-147 kubelet[13623]: I0923 21:37:06.767997   13623 reconciler_common.go:251] "operationExecutor.VerifyControllerAttachedVolume started for volume \"usr-share-ca-certificates\" (UniqueName: \"kubernetes.io/host-path/ec926ddc197c2b2b715fadb00c990026-usr-share-ca-certificates\") pod \"kube-controller-manager-ip-172-31-10-147\" (UID: \"ec926ddc197c2b2b715fadb00c990026\") " pod="kube-system/kube-controller-manager-ip-172-31-10-147"
Sep 23 21:37:06 ip-172-31-10-147 kubelet[13623]: I0923 21:37:06.768025   13623 reconciler_common.go:251] "operationExecutor.VerifyControllerAttachedVolume started for volume \"kubeconfig\" (UniqueName: \"kubernetes.io/host-path/b6fbb832ff5a81e885c63fbca0306dce-kubeconfig\") pod \"kube-scheduler-ip-172-31-10-147\" (UID: \"b6fbb832ff5a81e885c63fbca0306dce\") " pod="kube-system/kube-scheduler-ip-172-31-10-147"
Sep 23 21:37:06 ip-172-31-10-147 kubelet[13623]: I0923 21:37:06.768060   13623 reconciler_common.go:251] "operationExecutor.VerifyControllerAttachedVolume started for volume \"etcd-certs\" (UniqueName: \"kubernetes.io/host-path/b15cfbee3a71b5f29bb6841e5b99cf1a-etcd-certs\") pod \"etcd-ip-172-31-10-147\" (UID: \"b15cfbee3a71b5f29bb6841e5b99cf1a\") " pod="kube-system/etcd-ip-172-31-10-147"
Sep 23 21:37:06 ip-172-31-10-147 kubelet[13623]: I0923 21:37:06.768089   13623 reconciler_common.go:251] "operationExecutor.VerifyControllerAttachedVolume started for volume \"etcd-data\" (UniqueName: \"kubernetes.io/host-path/b15cfbee3a71b5f29bb6841e5b99cf1a-etcd-data\") pod \"etcd-ip-172-31-10-147\" (UID: \"b15cfbee3a71b5f29bb6841e5b99cf1a\") " pod="kube-system/etcd-ip-172-31-10-147"
Sep 23 21:37:06 ip-172-31-10-147 kubelet[13623]: I0923 21:37:06.768118   13623 reconciler_common.go:251] "operationExecutor.VerifyControllerAttachedVolume started for volume \"usr-local-share-ca-certificates\" (UniqueName: \"kubernetes.io/host-path/826e43e93f83d308750929af9bbad2d1-usr-local-share-ca-certificates\") pod \"kube-apiserver-ip-172-31-10-147\" (UID: \"826e43e93f83d308750929af9bbad2d1\") " pod="kube-system/kube-apiserver-ip-172-31-10-147"
Sep 23 21:37:06 ip-172-31-10-147 kubelet[13623]: I0923 21:37:06.768148   13623 reconciler_common.go:251] "operationExecutor.VerifyControllerAttachedVolume started for volume \"usr-share-ca-certificates\" (UniqueName: \"kubernetes.io/host-path/826e43e93f83d308750929af9bbad2d1-usr-share-ca-certificates\") pod \"kube-apiserver-ip-172-31-10-147\" (UID: \"826e43e93f83d308750929af9bbad2d1\") " pod="kube-system/kube-apiserver-ip-172-31-10-147"
Sep 23 21:37:06 ip-172-31-10-147 kubelet[13623]: I0923 21:37:06.768180   13623 reconciler_common.go:251] "operationExecutor.VerifyControllerAttachedVolume started for volume \"ca-certs\" (UniqueName: \"kubernetes.io/host-path/ec926ddc197c2b2b715fadb00c990026-ca-certs\") pod \"kube-controller-manager-ip-172-31-10-147\" (UID: \"ec926ddc197c2b2b715fadb00c990026\") " pod="kube-system/kube-controller-manager-ip-172-31-10-147"
Sep 23 21:37:06 ip-172-31-10-147 kubelet[13623]: I0923 21:37:06.768210   13623 reconciler_common.go:251] "operationExecutor.VerifyControllerAttachedVolume started for volume \"etc-ca-certificates\" (UniqueName: \"kubernetes.io/host-path/ec926ddc197c2b2b715fadb00c990026-etc-ca-certificates\") pod \"kube-controller-manager-ip-172-31-10-147\" (UID: \"ec926ddc197c2b2b715fadb00c990026\") " pod="kube-system/kube-controller-manager-ip-172-31-10-147"
Sep 23 21:37:06 ip-172-31-10-147 kubelet[13623]: I0923 21:37:06.768243   13623 reconciler_common.go:251] "operationExecutor.VerifyControllerAttachedVolume started for volume \"usr-local-share-ca-certificates\" (UniqueName: \"kubernetes.io/host-path/ec926ddc197c2b2b715fadb00c990026-usr-local-share-ca-certificates\") pod \"kube-controller-manager-ip-172-31-10-147\" (UID: \"ec926ddc197c2b2b715fadb00c990026\") " pod="kube-system/kube-controller-manager-ip-172-31-10-147"
Sep 23 21:37:06 ip-172-31-10-147 kubelet[13623]: E0923 21:37:06.846910   13623 kubelet.go:3516] "Unable to register mirror pod because node is not registered yet" err="node \"ip-172-31-10-147\" not found" node="ip-172-31-10-147"
Sep 23 21:37:06 ip-172-31-10-147 kubelet[13623]: E0923 21:37:06.918418   13623 eviction_manager.go:297] "Eviction manager: failed to get summary stats" err="failed to get node info: node \"ip-172-31-10-147\" not found"
Sep 23 21:37:06 ip-172-31-10-147 kubelet[13623]: E0923 21:37:06.947250   13623 kubelet.go:3516] "Unable to register mirror pod because node is not registered yet" err="node \"ip-172-31-10-147\" not found" node="ip-172-31-10-147"
Sep 23 21:37:07 ip-172-31-10-147 kubelet[13623]: E0923 21:37:07.046949   13623 kubelet.go:3516] "Unable to register mirror pod because node is not registered yet" err="node \"ip-172-31-10-147\" not found" node="ip-172-31-10-147"
Sep 23 21:37:07 ip-172-31-10-147 kubelet[13623]: E0923 21:37:07.146618   13623 kubelet.go:3516] "Unable to register mirror pod because node is not registered yet" err="node \"ip-172-31-10-147\" not found" node="ip-172-31-10-147"
Sep 23 21:37:07 ip-172-31-10-147 kubelet[13623]: E0923 21:37:07.247584   13623 kubelet.go:3516] "Unable to register mirror pod because node is not registered yet" err="node \"ip-172-31-10-147\" not found" node="ip-172-31-10-147"
Sep 23 21:37:07 ip-172-31-10-147 kubelet[13623]: E0923 21:37:07.347068   13623 kubelet.go:3516] "Unable to register mirror pod because node is not registered yet" err="node \"ip-172-31-10-147\" not found" node="ip-172-31-10-147"
Sep 23 21:37:07 ip-172-31-10-147 kubelet[13623]: E0923 21:37:07.446531   13623 kubelet.go:3516] "Unable to register mirror pod because node is not registered yet" err="node \"ip-172-31-10-147\" not found" node="ip-172-31-10-147"
Sep 23 21:37:07 ip-172-31-10-147 kubelet[13623]: E0923 21:37:07.547256   13623 kubelet.go:3516] "Unable to register mirror pod because node is not registered yet" err="node \"ip-172-31-10-147\" not found" node="ip-172-31-10-147"
Sep 23 21:37:07 ip-172-31-10-147 kubelet[13623]: E0923 21:37:07.647355   13623 kubelet.go:3516] "Unable to register mirror pod because node is not registered yet" err="node \"ip-172-31-10-147\" not found" node="ip-172-31-10-147"
Sep 23 21:37:07 ip-172-31-10-147 kubelet[13623]: E0923 21:37:07.747387   13623 kubelet.go:3516] "Unable to register mirror pod because node is not registered yet" err="node \"ip-172-31-10-147\" not found" node="ip-172-31-10-147"
Sep 23 21:37:07 ip-172-31-10-147 kubelet[13623]: E0923 21:37:07.847010   13623 kubelet.go:3516] "Unable to register mirror pod because node is not registered yet" err="node \"ip-172-31-10-147\" not found" node="ip-172-31-10-147"
Sep 23 21:37:07 ip-172-31-10-147 kubelet[13623]: E0923 21:37:07.946825   13623 kubelet.go:3516] "Unable to register mirror pod because node is not registered yet" err="node \"ip-172-31-10-147\" not found" node="ip-172-31-10-147"
Sep 23 21:37:08 ip-172-31-10-147 kubelet[13623]: E0923 21:37:08.046921   13623 kubelet.go:3516] "Unable to register mirror pod because node is not registered yet" err="node \"ip-172-31-10-147\" not found" node="ip-172-31-10-147"
Sep 23 21:37:08 ip-172-31-10-147 kubelet[13623]: E0923 21:37:08.146930   13623 kubelet.go:3516] "Unable to register mirror pod because node is not registered yet" err="node \"ip-172-31-10-147\" not found" node="ip-172-31-10-147"
Sep 23 21:37:08 ip-172-31-10-147 kubelet[13623]: E0923 21:37:08.247051   13623 kubelet.go:3516] "Unable to register mirror pod because node is not registered yet" err="node \"ip-172-31-10-147\" not found" node="ip-172-31-10-147"
Sep 23 21:37:08 ip-172-31-10-147 kubelet[13623]: E0923 21:37:08.346553   13623 kubelet.go:3516] "Unable to register mirror pod because node is not registered yet" err="node \"ip-172-31-10-147\" not found" node="ip-172-31-10-147"
Sep 23 21:37:08 ip-172-31-10-147 kubelet[13623]: E0923 21:37:08.447229   13623 kubelet.go:3516] "Unable to register mirror pod because node is not registered yet" err="node \"ip-172-31-10-147\" not found" node="ip-172-31-10-147"
Sep 23 21:37:08 ip-172-31-10-147 kubelet[13623]: E0923 21:37:08.546564   13623 kubelet.go:3516] "Unable to register mirror pod because node is not registered yet" err="node \"ip-172-31-10-147\" not found" node="ip-172-31-10-147"
Sep 23 21:37:08 ip-172-31-10-147 kubelet[13623]: E0923 21:37:08.647116   13623 kubelet.go:3516] "Unable to register mirror pod because node is not registered yet" err="node \"ip-172-31-10-147\" not found" node="ip-172-31-10-147"
Sep 23 21:37:08 ip-172-31-10-147 kubelet[13623]: E0923 21:37:08.747306   13623 kubelet.go:3516] "Unable to register mirror pod because node is not registered yet" err="node \"ip-172-31-10-147\" not found" node="ip-172-31-10-147"
Sep 23 21:37:08 ip-172-31-10-147 kubelet[13623]: E0923 21:37:08.846991   13623 kubelet.go:3516] "Unable to register mirror pod because node is not registered yet" err="node \"ip-172-31-10-147\" not found" node="ip-172-31-10-147"
Sep 23 21:37:08 ip-172-31-10-147 kubelet[13623]: E0923 21:37:08.947582   13623 kubelet.go:3516] "Unable to register mirror pod because node is not registered yet" err="node \"ip-172-31-10-147\" not found" node="ip-172-31-10-147"
Sep 23 21:37:09 ip-172-31-10-147 kubelet[13623]: E0923 21:37:09.047357   13623 kubelet.go:3516] "Unable to register mirror pod because node is not registered yet" err="node \"ip-172-31-10-147\" not found" node="ip-172-31-10-147"
Sep 23 21:37:09 ip-172-31-10-147 kubelet[13623]: E0923 21:37:09.147034   13623 kubelet.go:3516] "Unable to register mirror pod because node is not registered yet" err="node \"ip-172-31-10-147\" not found" node="ip-172-31-10-147"
Sep 23 21:37:09 ip-172-31-10-147 kubelet[13623]: E0923 21:37:09.246642   13623 kubelet.go:3516] "Unable to register mirror pod because node is not registered yet" err="node \"ip-172-31-10-147\" not found" node="ip-172-31-10-147"
Sep 23 21:37:09 ip-172-31-10-147 kubelet[13623]: E0923 21:37:09.347223   13623 kubelet.go:3516] "Unable to register mirror pod because node is not registered yet" err="node \"ip-172-31-10-147\" not found" node="ip-172-31-10-147"
Sep 23 21:37:09 ip-172-31-10-147 kubelet[13623]: E0923 21:37:09.446793   13623 kubelet.go:3516] "Unable to register mirror pod because node is not registered yet" err="node \"ip-172-31-10-147\" not found" node="ip-172-31-10-147"
Sep 23 21:37:09 ip-172-31-10-147 kubelet[13623]: E0923 21:37:09.546756   13623 kubelet.go:3516] "Unable to register mirror pod because node is not registered yet" err="node \"ip-172-31-10-147\" not found" node="ip-172-31-10-147"
Sep 23 21:37:09 ip-172-31-10-147 kubelet[13623]: E0923 21:37:09.647270   13623 kubelet.go:3516] "Unable to register mirror pod because node is not registered yet" err="node \"ip-172-31-10-147\" not found" node="ip-172-31-10-147"
Sep 23 21:37:09 ip-172-31-10-147 kubelet[13623]: E0923 21:37:09.747217   13623 kubelet.go:3516] "Unable to register mirror pod because node is not registered yet" err="node \"ip-172-31-10-147\" not found" node="ip-172-31-10-147"
Sep 23 21:37:09 ip-172-31-10-147 kubelet[13623]: E0923 21:37:09.847352   13623 kubelet.go:3516] "Unable to register mirror pod because node is not registered yet" err="node \"ip-172-31-10-147\" not found" node="ip-172-31-10-147"
Sep 23 21:37:09 ip-172-31-10-147 kubelet[13623]: E0923 21:37:09.947027   13623 kubelet.go:3516] "Unable to register mirror pod because node is not registered yet" err="node \"ip-172-31-10-147\" not found" node="ip-172-31-10-147"
Sep 23 21:37:10 ip-172-31-10-147 kubelet[13623]: E0923 21:37:10.047535   13623 kubelet.go:3516] "Unable to register mirror pod because node is not registered yet" err="node \"ip-172-31-10-147\" not found" node="ip-172-31-10-147"
Sep 23 21:37:10 ip-172-31-10-147 kubelet[13623]: E0923 21:37:10.147167   13623 kubelet.go:3516] "Unable to register mirror pod because node is not registered yet" err="node \"ip-172-31-10-147\" not found" node="ip-172-31-10-147"
Sep 23 21:37:10 ip-172-31-10-147 kubelet[13623]: E0923 21:37:10.246975   13623 kubelet.go:3516] "Unable to register mirror pod because node is not registered yet" err="node \"ip-172-31-10-147\" not found" node="ip-172-31-10-147"
Sep 23 21:37:10 ip-172-31-10-147 kubelet[13623]: E0923 21:37:10.347493   13623 kubelet.go:3516] "Unable to register mirror pod because node is not registered yet" err="node \"ip-172-31-10-147\" not found" node="ip-172-31-10-147"
Sep 23 21:37:10 ip-172-31-10-147 kubelet[13623]: E0923 21:37:10.447152   13623 kubelet.go:3516] "Unable to register mirror pod because node is not registered yet" err="node \"ip-172-31-10-147\" not found" node="ip-172-31-10-147"
Sep 23 21:37:10 ip-172-31-10-147 kubelet[13623]: E0923 21:37:10.546636   13623 kubelet.go:3516] "Unable to register mirror pod because node is not registered yet" err="node \"ip-172-31-10-147\" not found" node="ip-172-31-10-147"
Sep 23 21:37:10 ip-172-31-10-147 kubelet[13623]: E0923 21:37:10.647549   13623 kubelet.go:3516] "Unable to register mirror pod because node is not registered yet" err="node \"ip-172-31-10-147\" not found" node="ip-172-31-10-147"
Sep 23 21:37:10 ip-172-31-10-147 kubelet[13623]: E0923 21:37:10.746554   13623 kubelet.go:3516] "Unable to register mirror pod because node is not registered yet" err="node \"ip-172-31-10-147\" not found" node="ip-172-31-10-147"
Sep 23 21:37:10 ip-172-31-10-147 kubelet[13623]: E0923 21:37:10.846731   13623 kubelet.go:3516] "Unable to register mirror pod because node is not registered yet" err="node \"ip-172-31-10-147\" not found" node="ip-172-31-10-147"
Sep 23 21:37:10 ip-172-31-10-147 kubelet[13623]: E0923 21:37:10.947546   13623 kubelet.go:3516] "Unable to register mirror pod because node is not registered yet" err="node \"ip-172-31-10-147\" not found" node="ip-172-31-10-147"
Sep 23 21:37:11 ip-172-31-10-147 kubelet[13623]: E0923 21:37:11.048181   13623 kubelet.go:3516] "Unable to register mirror pod because node is not registered yet" err="node \"ip-172-31-10-147\" not found" node="ip-172-31-10-147"
Sep 23 21:37:11 ip-172-31-10-147 kubelet[13623]: E0923 21:37:11.146864   13623 kubelet.go:3516] "Unable to register mirror pod because node is not registered yet" err="node \"ip-172-31-10-147\" not found" node="ip-172-31-10-147"
Sep 23 21:37:11 ip-172-31-10-147 kubelet[13623]: E0923 21:37:11.247406   13623 kubelet.go:3516] "Unable to register mirror pod because node is not registered yet" err="node \"ip-172-31-10-147\" not found" node="ip-172-31-10-147"
Sep 23 21:37:11 ip-172-31-10-147 kubelet[13623]: E0923 21:37:11.347019   13623 kubelet.go:3516] "Unable to register mirror pod because node is not registered yet" err="node \"ip-172-31-10-147\" not found" node="ip-172-31-10-147"
Sep 23 21:37:11 ip-172-31-10-147 kubelet[13623]: E0923 21:37:11.446874   13623 kubelet.go:3516] "Unable to register mirror pod because node is not registered yet" err="node \"ip-172-31-10-147\" not found" node="ip-172-31-10-147"
Sep 23 21:37:11 ip-172-31-10-147 kubelet[13623]: E0923 21:37:11.546890   13623 kubelet.go:3516] "Unable to register mirror pod because node is not registered yet" err="node \"ip-172-31-10-147\" not found" node="ip-172-31-10-147"
Sep 23 21:37:11 ip-172-31-10-147 kubelet[13623]: E0923 21:37:11.646729   13623 kubelet.go:3516] "Unable to register mirror pod because node is not registered yet" err="node \"ip-172-31-10-147\" not found" node="ip-172-31-10-147"
Sep 23 21:37:11 ip-172-31-10-147 kubelet[13623]: E0923 21:37:11.747047   13623 kubelet.go:3516] "Unable to register mirror pod because node is not registered yet" err="node \"ip-172-31-10-147\" not found" node="ip-172-31-10-147"
Sep 23 21:37:11 ip-172-31-10-147 kubelet[13623]: E0923 21:37:11.846556   13623 kubelet.go:3516] "Unable to register mirror pod because node is not registered yet" err="node \"ip-172-31-10-147\" not found" node="ip-172-31-10-147"
Sep 23 21:37:11 ip-172-31-10-147 kubelet[13623]: E0923 21:37:11.947128   13623 kubelet.go:3516] "Unable to register mirror pod because node is not registered yet" err="node \"ip-172-31-10-147\" not found" node="ip-172-31-10-147"
Sep 23 21:37:12 ip-172-31-10-147 kubelet[13623]: E0923 21:37:12.046956   13623 kubelet.go:3516] "Unable to register mirror pod because node is not registered yet" err="node \"ip-172-31-10-147\" not found" node="ip-172-31-10-147"
Sep 23 21:37:12 ip-172-31-10-147 kubelet[13623]: E0923 21:37:12.147360   13623 kubelet.go:3516] "Unable to register mirror pod because node is not registered yet" err="node \"ip-172-31-10-147\" not found" node="ip-172-31-10-147"
Sep 23 21:37:12 ip-172-31-10-147 kubelet[13623]: E0923 21:37:12.247212   13623 kubelet.go:3516] "Unable to register mirror pod because node is not registered yet" err="node \"ip-172-31-10-147\" not found" node="ip-172-31-10-147"
Sep 23 21:37:12 ip-172-31-10-147 kubelet[13623]: E0923 21:37:12.346813   13623 kubelet.go:3516] "Unable to register mirror pod because node is not registered yet" err="node \"ip-172-31-10-147\" not found" node="ip-172-31-10-147"
Sep 23 21:37:12 ip-172-31-10-147 kubelet[13623]: E0923 21:37:12.447410   13623 kubelet.go:3516] "Unable to register mirror pod because node is not registered yet" err="node \"ip-172-31-10-147\" not found" node="ip-172-31-10-147"
Sep 23 21:37:12 ip-172-31-10-147 kubelet[13623]: E0923 21:37:12.547041   13623 kubelet.go:3516] "Unable to register mirror pod because node is not registered yet" err="node \"ip-172-31-10-147\" not found" node="ip-172-31-10-147"
Sep 23 21:37:12 ip-172-31-10-147 kubelet[13623]: E0923 21:37:12.646775   13623 kubelet.go:3516] "Unable to register mirror pod because node is not registered yet" err="node \"ip-172-31-10-147\" not found" node="ip-172-31-10-147"
Sep 23 21:37:12 ip-172-31-10-147 kubelet[13623]: E0923 21:37:12.747000   13623 kubelet.go:3516] "Unable to register mirror pod because node is not registered yet" err="node \"ip-172-31-10-147\" not found" node="ip-172-31-10-147"
Sep 23 21:37:12 ip-172-31-10-147 kubelet[13623]: E0923 21:37:12.846559   13623 kubelet.go:3516] "Unable to register mirror pod because node is not registered yet" err="node \"ip-172-31-10-147\" not found" node="ip-172-31-10-147"
Sep 23 21:37:12 ip-172-31-10-147 kubelet[13623]: E0923 21:37:12.855018   13623 controller.go:201] "Failed to ensure lease exists, will retry" err="Get \"https://172.31.10.147:6443/apis/coordination.k8s.io/v1/namespaces/kube-node-lease/leases/ip-172-31-10-147?timeout=10s\": context deadline exceeded (Client.Timeout exceeded while awaiting headers)" interval="6.4s"
Sep 23 21:37:12 ip-172-31-10-147 kubelet[13623]: E0923 21:37:12.947338   13623 kubelet.go:3516] "Unable to register mirror pod because node is not registered yet" err="node \"ip-172-31-10-147\" not found" node="ip-172-31-10-147"
Sep 23 21:37:13 ip-172-31-10-147 kubelet[13623]: E0923 21:37:13.046904   13623 kubelet.go:3516] "Unable to register mirror pod because node is not registered yet" err="node \"ip-172-31-10-147\" not found" node="ip-172-31-10-147"
Sep 23 21:37:13 ip-172-31-10-147 kubelet[13623]: E0923 21:37:13.146550   13623 kubelet.go:3516] "Unable to register mirror pod because node is not registered yet" err="node \"ip-172-31-10-147\" not found" node="ip-172-31-10-147"
Sep 23 21:37:13 ip-172-31-10-147 kubelet[13623]: E0923 21:37:13.247153   13623 kubelet.go:3516] "Unable to register mirror pod because node is not registered yet" err="node \"ip-172-31-10-147\" not found" node="ip-172-31-10-147"
Sep 23 21:37:13 ip-172-31-10-147 kubelet[13623]: E0923 21:37:13.346557   13623 kubelet.go:3516] "Unable to register mirror pod because node is not registered yet" err="node \"ip-172-31-10-147\" not found" node="ip-172-31-10-147"
Sep 23 21:37:13 ip-172-31-10-147 kubelet[13623]: E0923 21:37:13.447371   13623 kubelet.go:3516] "Unable to register mirror pod because node is not registered yet" err="node \"ip-172-31-10-147\" not found" node="ip-172-31-10-147"
Sep 23 21:37:13 ip-172-31-10-147 kubelet[13623]: E0923 21:37:13.547002   13623 kubelet.go:3516] "Unable to register mirror pod because node is not registered yet" err="node \"ip-172-31-10-147\" not found" node="ip-172-31-10-147"
Sep 23 21:37:13 ip-172-31-10-147 kubelet[13623]: E0923 21:37:13.647495   13623 kubelet.go:3516] "Unable to register mirror pod because node is not registered yet" err="node \"ip-172-31-10-147\" not found" node="ip-172-31-10-147"
Sep 23 21:37:13 ip-172-31-10-147 kubelet[13623]: E0923 21:37:13.746693   13623 kubelet.go:3516] "Unable to register mirror pod because node is not registered yet" err="node \"ip-172-31-10-147\" not found" node="ip-172-31-10-147"
Sep 23 21:37:13 ip-172-31-10-147 kubelet[13623]: E0923 21:37:13.847286   13623 kubelet.go:3516] "Unable to register mirror pod because node is not registered yet" err="node \"ip-172-31-10-147\" not found" node="ip-172-31-10-147"
Sep 23 21:37:13 ip-172-31-10-147 kubelet[13623]: E0923 21:37:13.946572   13623 kubelet.go:3516] "Unable to register mirror pod because node is not registered yet" err="node \"ip-172-31-10-147\" not found" node="ip-172-31-10-147"
Sep 23 21:37:14 ip-172-31-10-147 kubelet[13623]: E0923 21:37:14.047501   13623 kubelet.go:3516] "Unable to register mirror pod because node is not registered yet" err="node \"ip-172-31-10-147\" not found" node="ip-172-31-10-147"
Sep 23 21:37:14 ip-172-31-10-147 kubelet[13623]: E0923 21:37:14.146829   13623 kubelet.go:3516] "Unable to register mirror pod because node is not registered yet" err="node \"ip-172-31-10-147\" not found" node="ip-172-31-10-147"
Sep 23 21:37:14 ip-172-31-10-147 kubelet[13623]: E0923 21:37:14.247557   13623 kubelet.go:3516] "Unable to register mirror pod because node is not registered yet" err="node \"ip-172-31-10-147\" not found" node="ip-172-31-10-147"
Sep 23 21:37:14 ip-172-31-10-147 kubelet[13623]: E0923 21:37:14.347202   13623 kubelet.go:3516] "Unable to register mirror pod because node is not registered yet" err="node \"ip-172-31-10-147\" not found" node="ip-172-31-10-147"
Sep 23 21:37:14 ip-172-31-10-147 kubelet[13623]: E0923 21:37:14.446787   13623 kubelet.go:3516] "Unable to register mirror pod because node is not registered yet" err="node \"ip-172-31-10-147\" not found" node="ip-172-31-10-147"
Sep 23 21:37:14 ip-172-31-10-147 kubelet[13623]: E0923 21:37:14.547254   13623 kubelet.go:3516] "Unable to register mirror pod because node is not registered yet" err="node \"ip-172-31-10-147\" not found" node="ip-172-31-10-147"
Sep 23 21:37:14 ip-172-31-10-147 kubelet[13623]: E0923 21:37:14.646536   13623 kubelet.go:3516] "Unable to register mirror pod because node is not registered yet" err="node \"ip-172-31-10-147\" not found" node="ip-172-31-10-147"
Sep 23 21:37:14 ip-172-31-10-147 kubelet[13623]: E0923 21:37:14.705106   13623 event.go:359] "Server rejected event (will not retry!)" err="Timeout: request did not complete within requested timeout - context deadline exceeded" event="&Event{ObjectMeta:{ip-172-31-10-147.18d810d6dcb60e57  default    0 0001-01-01 00:00:00 +0000 UTC <nil> <nil> map[] map[] [] [] []},InvolvedObject:ObjectReference{Kind:Node,Namespace:,Name:ip-172-31-10-147,UID:,APIVersion:v1,ResourceVersion:,FieldPath:,},Reason:NodeHasSufficientMemory,Message:Node ip-172-31-10-147 status is now: NodeHasSufficientMemory,Source:EventSource{Component:kubelet,Host:ip-172-31-10-147,},FirstTimestamp:2026-09-23 21:36:06.891736663 +0000 UTC m=+0.412305878,LastTimestamp:2026-09-23 21:36:06.891736663 +0000 UTC m=+0.412305878,Count:1,Type:Normal,EventTime:0001-01-01 00:00:00 +0000 UTC,Series:nil,Action:,Related:nil,ReportingController:kubelet,ReportingInstance:ip-172-31-10-147,}"
Sep 23 21:37:14 ip-172-31-10-147 kubelet[13623]: E0923 21:37:14.747530   13623 kubelet.go:3516] "Unable to register mirror pod because node is not registered yet" err="node \"ip-172-31-10-147\" not found" node="ip-172-31-10-147"
Sep 23 21:37:14 ip-172-31-10-147 kubelet[13623]: E0923 21:37:14.847272   13623 kubelet.go:3516] "Unable to register mirror pod because node is not registered yet" err="node \"ip-172-31-10-147\" not found" node="ip-172-31-10-147"
Sep 23 21:37:14 ip-172-31-10-147 kubelet[13623]: E0923 21:37:14.946869   13623 kubelet.go:3516] "Unable to register mirror pod because node is not registered yet" err="node \"ip-172-31-10-147\" not found" node="ip-172-31-10-147"
Sep 23 21:37:15 ip-172-31-10-147 kubelet[13623]: E0923 21:37:15.047788   13623 kubelet.go:3516] "Unable to register mirror pod because node is not registered yet" err="node \"ip-172-31-10-147\" not found" node="ip-172-31-10-147"
Sep 23 21:37:15 ip-172-31-10-147 kubelet[13623]: E0923 21:37:15.147008   13623 kubelet.go:3516] "Unable to register mirror pod because node is not registered yet" err="node \"ip-172-31-10-147\" not found" node="ip-172-31-10-147"
Sep 23 21:37:15 ip-172-31-10-147 kubelet[13623]: E0923 21:37:15.222433   13623 kubelet_node_status.go:108] "Unable to register node with API server" err="Timeout: request did not complete within requested timeout - context deadline exceeded" node="ip-172-31-10-147"
Sep 23 21:37:15 ip-172-31-10-147 kubelet[13623]: E0923 21:37:15.246542   13623 kubelet.go:3516] "Unable to register mirror pod because node is not registered yet" err="node \"ip-172-31-10-147\" not found" node="ip-172-31-10-147"
Sep 23 21:37:15 ip-172-31-10-147 kubelet[13623]: E0923 21:37:15.347585   13623 kubelet.go:3516] "Unable to register mirror pod because node is not registered yet" err="node \"ip-172-31-10-147\" not found" node="ip-172-31-10-147"
Sep 23 21:37:15 ip-172-31-10-147 kubelet[13623]: E0923 21:37:15.447000   13623 kubelet.go:3516] "Unable to register mirror pod because node is not registered yet" err="node \"ip-172-31-10-147\" not found" node="ip-172-31-10-147"
Sep 23 21:37:15 ip-172-31-10-147 kubelet[13623]: E0923 21:37:15.546586   13623 kubelet.go:3516] "Unable to register mirror pod because node is not registered yet" err="node \"ip-172-31-10-147\" not found" node="ip-172-31-10-147"
Sep 23 21:37:15 ip-172-31-10-147 kubelet[13623]: I0923 21:37:15.626863   13623 kubelet_node_status.go:75] "Attempting to register node" node="ip-172-31-10-147"
Sep 23 21:37:15 ip-172-31-10-147 kubelet[13623]: E0923 21:37:15.646858   13623 kubelet.go:3516] "Unable to register mirror pod because node is not registered yet" err="node \"ip-172-31-10-147\" not found" node="ip-172-31-10-147"
Sep 23 21:37:15 ip-172-31-10-147 kubelet[13623]: E0923 21:37:15.747349   13623 kubelet.go:3516] "Unable to register mirror pod because node is not registered yet" err="node \"ip-172-31-10-147\" not found" node="ip-172-31-10-147"
Sep 23 21:37:15 ip-172-31-10-147 kubelet[13623]: E0923 21:37:15.846908   13623 kubelet.go:3516] "Unable to register mirror pod because node is not registered yet" err="node \"ip-172-31-10-147\" not found" node="ip-172-31-10-147"
Sep 23 21:37:15 ip-172-31-10-147 kubelet[13623]: E0923 21:37:15.947402   13623 kubelet.go:3516] "Unable to register mirror pod because node is not registered yet" err="node \"ip-172-31-10-147\" not found" node="ip-172-31-10-147"
Sep 23 21:37:16 ip-172-31-10-147 kubelet[13623]: E0923 21:37:16.046977   13623 kubelet.go:3516] "Unable to register mirror pod because node is not registered yet" err="node \"ip-172-31-10-147\" not found" node="ip-172-31-10-147"
Sep 23 21:37:16 ip-172-31-10-147 kubelet[13623]: E0923 21:37:16.147507   13623 kubelet.go:3516] "Unable to register mirror pod because node is not registered yet" err="node \"ip-172-31-10-147\" not found" node="ip-172-31-10-147"
Sep 23 21:37:16 ip-172-31-10-147 kubelet[13623]: E0923 21:37:16.247150   13623 kubelet.go:3516] "Unable to register mirror pod because node is not registered yet" err="node \"ip-172-31-10-147\" not found" node="ip-172-31-10-147"
Sep 23 21:37:16 ip-172-31-10-147 kubelet[13623]: E0923 21:37:16.346600   13623 kubelet.go:3516] "Unable to register mirror pod because node is not registered yet" err="node \"ip-172-31-10-147\" not found" node="ip-172-31-10-147"
Sep 23 21:37:16 ip-172-31-10-147 kubelet[13623]: E0923 21:37:16.447320   13623 kubelet.go:3516] "Unable to register mirror pod because node is not registered yet" err="node \"ip-172-31-10-147\" not found" node="ip-172-31-10-147"
Sep 23 21:37:16 ip-172-31-10-147 kubelet[13623]: E0923 21:37:16.547040   13623 kubelet.go:3516] "Unable to register mirror pod because node is not registered yet" err="node \"ip-172-31-10-147\" not found" node="ip-172-31-10-147"
Sep 23 21:37:16 ip-172-31-10-147 kubelet[13623]: E0923 21:37:16.646593   13623 kubelet.go:3516] "Unable to register mirror pod because node is not registered yet" err="node \"ip-172-31-10-147\" not found" node="ip-172-31-10-147"
Sep 23 21:37:16 ip-172-31-10-147 kubelet[13623]: E0923 21:37:16.746981   13623 kubelet.go:3516] "Unable to register mirror pod because node is not registered yet" err="node \"ip-172-31-10-147\" not found" node="ip-172-31-10-147"
Sep 23 21:37:16 ip-172-31-10-147 kubelet[13623]: E0923 21:37:16.847568   13623 kubelet.go:3516] "Unable to register mirror pod because node is not registered yet" err="node \"ip-172-31-10-147\" not found" node="ip-172-31-10-147"
Sep 23 21:37:16 ip-172-31-10-147 kubelet[13623]: E0923 21:37:16.919620   13623 eviction_manager.go:297] "Eviction manager: failed to get summary stats" err="failed to get node info: node \"ip-172-31-10-147\" not found"
Sep 23 21:37:16 ip-172-31-10-147 kubelet[13623]: E0923 21:37:16.947554   13623 kubelet.go:3516] "Unable to register mirror pod because node is not registered yet" err="node \"ip-172-31-10-147\" not found" node="ip-172-31-10-147"
Sep 23 21:37:17 ip-172-31-10-147 kubelet[13623]: E0923 21:37:17.046836   13623 kubelet.go:3516] "Unable to register mirror pod because node is not registered yet" err="node \"ip-172-31-10-147\" not found" node="ip-172-31-10-147"
Sep 23 21:37:17 ip-172-31-10-147 kubelet[13623]: E0923 21:37:17.147207   13623 kubelet.go:3516] "Unable to register mirror pod because node is not registered yet" err="node \"ip-172-31-10-147\" not found" node="ip-172-31-10-147"
Sep 23 21:37:17 ip-172-31-10-147 kubelet[13623]: E0923 21:37:17.246542   13623 kubelet.go:3516] "Unable to register mirror pod because node is not registered yet" err="node \"ip-172-31-10-147\" not found" node="ip-172-31-10-147"
Sep 23 21:37:17 ip-172-31-10-147 kubelet[13623]: E0923 21:37:17.347182   13623 kubelet.go:3516] "Unable to register mirror pod because node is not registered yet" err="node \"ip-172-31-10-147\" not found" node="ip-172-31-10-147"
Sep 23 21:37:17 ip-172-31-10-147 kubelet[13623]: E0923 21:37:17.446832   13623 kubelet.go:3516] "Unable to register mirror pod because node is not registered yet" err="node \"ip-172-31-10-147\" not found" node="ip-172-31-10-147"
Sep 23 21:37:17 ip-172-31-10-147 kubelet[13623]: E0923 21:37:17.547364   13623 kubelet.go:3516] "Unable to register mirror pod because node is not registered yet" err="node \"ip-172-31-10-147\" not found" node="ip-172-31-10-147"
Sep 23 21:37:17 ip-172-31-10-147 kubelet[13623]: E0923 21:37:17.646731   13623 kubelet.go:3516] "Unable to register mirror pod because node is not registered yet" err="node \"ip-172-31-10-147\" not found" node="ip-172-31-10-147"
Sep 23 21:37:17 ip-172-31-10-147 kubelet[13623]: E0923 21:37:17.746760   13623 kubelet.go:3516] "Unable to register mirror pod because node is not registered yet" err="node \"ip-172-31-10-147\" not found" node="ip-172-31-10-147"
Sep 23 21:37:17 ip-172-31-10-147 kubelet[13623]: E0923 21:37:17.847555   13623 kubelet.go:3516] "Unable to register mirror pod because node is not registered yet" err="node \"ip-172-31-10-147\" not found" node="ip-172-31-10-147"
Sep 23 21:37:17 ip-172-31-10-147 kubelet[13623]: E0923 21:37:17.947222   13623 kubelet.go:3516] "Unable to register mirror pod because node is not registered yet" err="node \"ip-172-31-10-147\" not found" node="ip-172-31-10-147"
Sep 23 21:37:18 ip-172-31-10-147 kubelet[13623]: E0923 21:37:18.046580   13623 kubelet.go:3516] "Unable to register mirror pod because node is not registered yet" err="node \"ip-172-31-10-147\" not found" node="ip-172-31-10-147"
Sep 23 21:37:18 ip-172-31-10-147 kubelet[13623]: E0923 21:37:18.146964   13623 kubelet.go:3516] "Unable to register mirror pod because node is not registered yet" err="node \"ip-172-31-10-147\" not found" node="ip-172-31-10-147"
Sep 23 21:37:18 ip-172-31-10-147 kubelet[13623]: E0923 21:37:18.247557   13623 kubelet.go:3516] "Unable to register mirror pod because node is not registered yet" err="node \"ip-172-31-10-147\" not found" node="ip-172-31-10-147"
Sep 23 21:37:18 ip-172-31-10-147 kubelet[13623]: E0923 21:37:18.347180   13623 kubelet.go:3516] "Unable to register mirror pod because node is not registered yet" err="node \"ip-172-31-10-147\" not found" node="ip-172-31-10-147"
Sep 23 21:37:18 ip-172-31-10-147 kubelet[13623]: E0923 21:37:18.446848   13623 kubelet.go:3516] "Unable to register mirror pod because node is not registered yet" err="node \"ip-172-31-10-147\" not found" node="ip-172-31-10-147"
Sep 23 21:37:18 ip-172-31-10-147 kubelet[13623]: E0923 21:37:18.547431   13623 kubelet.go:3516] "Unable to register mirror pod because node is not registered yet" err="node \"ip-172-31-10-147\" not found" node="ip-172-31-10-147"
Sep 23 21:37:18 ip-172-31-10-147 kubelet[13623]: E0923 21:37:18.646812   13623 kubelet.go:3516] "Unable to register mirror pod because node is not registered yet" err="node \"ip-172-31-10-147\" not found" node="ip-172-31-10-147"
Sep 23 21:37:18 ip-172-31-10-147 kubelet[13623]: E0923 21:37:18.746550   13623 kubelet.go:3516] "Unable to register mirror pod because node is not registered yet" err="node \"ip-172-31-10-147\" not found" node="ip-172-31-10-147"
Sep 23 21:37:18 ip-172-31-10-147 kubelet[13623]: E0923 21:37:18.847526   13623 kubelet.go:3516] "Unable to register mirror pod because node is not registered yet" err="node \"ip-172-31-10-147\" not found" node="ip-172-31-10-147"
Sep 23 21:37:18 ip-172-31-10-147 kubelet[13623]: E0923 21:37:18.947322   13623 kubelet.go:3516] "Unable to register mirror pod because node is not registered yet" err="node \"ip-172-31-10-147\" not found" node="ip-172-31-10-147"
Sep 23 21:37:19 ip-172-31-10-147 kubelet[13623]: E0923 21:37:19.046872   13623 kubelet.go:3516] "Unable to register mirror pod because node is not registered yet" err="node \"ip-172-31-10-147\" not found" node="ip-172-31-10-147"
Sep 23 21:37:19 ip-172-31-10-147 kubelet[13623]: E0923 21:37:19.147553   13623 kubelet.go:3516] "Unable to register mirror pod because node is not registered yet" err="node \"ip-172-31-10-147\" not found" node="ip-172-31-10-147"
Sep 23 21:37:19 ip-172-31-10-147 kubelet[13623]: E0923 21:37:19.247124   13623 kubelet.go:3516] "Unable to register mirror pod because node is not registered yet" err="node \"ip-172-31-10-147\" not found" node="ip-172-31-10-147"
Sep 23 21:37:19 ip-172-31-10-147 kubelet[13623]: E0923 21:37:19.346765   13623 kubelet.go:3516] "Unable to register mirror pod because node is not registered yet" err="node \"ip-172-31-10-147\" not found" node="ip-172-31-10-147"
Sep 23 21:37:19 ip-172-31-10-147 kubelet[13623]: E0923 21:37:19.447268   13623 kubelet.go:3516] "Unable to register mirror pod because node is not registered yet" err="node \"ip-172-31-10-147\" not found" node="ip-172-31-10-147"
Sep 23 21:37:19 ip-172-31-10-147 kubelet[13623]: E0923 21:37:19.546922   13623 kubelet.go:3516] "Unable to register mirror pod because node is not registered yet" err="node \"ip-172-31-10-147\" not found" node="ip-172-31-10-147"
Sep 23 21:37:19 ip-172-31-10-147 kubelet[13623]: E0923 21:37:19.646526   13623 kubelet.go:3516] "Unable to register mirror pod because node is not registered yet" err="node \"ip-172-31-10-147\" not found" node="ip-172-31-10-147"
Sep 23 21:37:19 ip-172-31-10-147 kubelet[13623]: E0923 21:37:19.746580   13623 kubelet.go:3516] "Unable to register mirror pod because node is not registered yet" err="node \"ip-172-31-10-147\" not found" node="ip-172-31-10-147"
Sep 23 21:37:19 ip-172-31-10-147 kubelet[13623]: E0923 21:37:19.847298   13623 kubelet.go:3516] "Unable to register mirror pod because node is not registered yet" err="node \"ip-172-31-10-147\" not found" node="ip-172-31-10-147"
Sep 23 21:37:19 ip-172-31-10-147 kubelet[13623]: E0923 21:37:19.946974   13623 kubelet.go:3516] "Unable to register mirror pod because node is not registered yet" err="node \"ip-172-31-10-147\" not found" node="ip-172-31-10-147"
Sep 23 21:37:20 ip-172-31-10-147 kubelet[13623]: E0923 21:37:20.047279   13623 kubelet.go:3516] "Unable to register mirror pod because node is not registered yet" err="node \"ip-172-31-10-147\" not found" node="ip-172-31-10-147"
Sep 23 21:37:20 ip-172-31-10-147 kubelet[13623]: E0923 21:37:20.146932   13623 kubelet.go:3516] "Unable to register mirror pod because node is not registered yet" err="node \"ip-172-31-10-147\" not found" node="ip-172-31-10-147"
Sep 23 21:37:20 ip-172-31-10-147 kubelet[13623]: E0923 21:37:20.247064   13623 kubelet.go:3516] "Unable to register mirror pod because node is not registered yet" err="node \"ip-172-31-10-147\" not found" node="ip-172-31-10-147"
Sep 23 21:37:20 ip-172-31-10-147 kubelet[13623]: E0923 21:37:20.346628   13623 kubelet.go:3516] "Unable to register mirror pod because node is not registered yet" err="node \"ip-172-31-10-147\" not found" node="ip-172-31-10-147"
Sep 23 21:37:20 ip-172-31-10-147 kubelet[13623]: E0923 21:37:20.447390   13623 kubelet.go:3516] "Unable to register mirror pod because node is not registered yet" err="node \"ip-172-31-10-147\" not found" node="ip-172-31-10-147"
Sep 23 21:37:20 ip-172-31-10-147 kubelet[13623]: E0923 21:37:20.547107   13623 kubelet.go:3516] "Unable to register mirror pod because node is not registered yet" err="node \"ip-172-31-10-147\" not found" node="ip-172-31-10-147"
Sep 23 21:37:20 ip-172-31-10-147 kubelet[13623]: E0923 21:37:20.647383   13623 kubelet.go:3516] "Unable to register mirror pod because node is not registered yet" err="node \"ip-172-31-10-147\" not found" node="ip-172-31-10-147"
Sep 23 21:37:20 ip-172-31-10-147 kubelet[13623]: E0923 21:37:20.746589   13623 kubelet.go:3516] "Unable to register mirror pod because node is not registered yet" err="node \"ip-172-31-10-147\" not found" node="ip-172-31-10-147"
Sep 23 21:37:20 ip-172-31-10-147 kubelet[13623]: E0923 21:37:20.847505   13623 kubelet.go:3516] "Unable to register mirror pod because node is not registered yet" err="node \"ip-172-31-10-147\" not found" node="ip-172-31-10-147"
Sep 23 21:37:20 ip-172-31-10-147 kubelet[13623]: E0923 21:37:20.947101   13623 kubelet.go:3516] "Unable to register mirror pod because node is not registered yet" err="node \"ip-172-31-10-147\" not found" node="ip-172-31-10-147"
Sep 23 21:37:21 ip-172-31-10-147 kubelet[13623]: E0923 21:37:21.047235   13623 kubelet.go:3516] "Unable to register mirror pod because node is not registered yet" err="node \"ip-172-31-10-147\" not found" node="ip-172-31-10-147"
Sep 23 21:37:21 ip-172-31-10-147 kubelet[13623]: E0923 21:37:21.147420   13623 kubelet.go:3516] "Unable to register mirror pod because node is not registered yet" err="node \"ip-172-31-10-147\" not found" node="ip-172-31-10-147"
Sep 23 21:37:21 ip-172-31-10-147 kubelet[13623]: E0923 21:37:21.247186   13623 kubelet.go:3516] "Unable to register mirror pod because node is not registered yet" err="node \"ip-172-31-10-147\" not found" node="ip-172-31-10-147"
Sep 23 21:37:21 ip-172-31-10-147 kubelet[13623]: E0923 21:37:21.346605   13623 kubelet.go:3516] "Unable to register mirror pod because node is not registered yet" err="node \"ip-172-31-10-147\" not found" node="ip-172-31-10-147"
Sep 23 21:37:21 ip-172-31-10-147 kubelet[13623]: E0923 21:37:21.447302   13623 kubelet.go:3516] "Unable to register mirror pod because node is not registered yet" err="node \"ip-172-31-10-147\" not found" node="ip-172-31-10-147"
Sep 23 21:37:21 ip-172-31-10-147 kubelet[13623]: E0923 21:37:21.547036   13623 kubelet.go:3516] "Unable to register mirror pod because node is not registered yet" err="node \"ip-172-31-10-147\" not found" node="ip-172-31-10-147"
Sep 23 21:37:21 ip-172-31-10-147 kubelet[13623]: E0923 21:37:21.647016   13623 kubelet.go:3516] "Unable to register mirror pod because node is not registered yet" err="node \"ip-172-31-10-147\" not found" node="ip-172-31-10-147"
Sep 23 21:37:21 ip-172-31-10-147 kubelet[13623]: E0923 21:37:21.747611   13623 kubelet.go:3516] "Unable to register mirror pod because node is not registered yet" err="node \"ip-172-31-10-147\" not found" node="ip-172-31-10-147"
Sep 23 21:37:21 ip-172-31-10-147 kubelet[13623]: E0923 21:37:21.847527   13623 kubelet.go:3516] "Unable to register mirror pod because node is not registered yet" err="node \"ip-172-31-10-147\" not found" node="ip-172-31-10-147"
Sep 23 21:37:21 ip-172-31-10-147 kubelet[13623]: E0923 21:37:21.946853   13623 kubelet.go:3516] "Unable to register mirror pod because node is not registered yet" err="node \"ip-172-31-10-147\" not found" node="ip-172-31-10-147"
Sep 23 21:37:22 ip-172-31-10-147 kubelet[13623]: E0923 21:37:22.046652   13623 kubelet.go:3516] "Unable to register mirror pod because node is not registered yet" err="node \"ip-172-31-10-147\" not found" node="ip-172-31-10-147"
Sep 23 21:37:22 ip-172-31-10-147 kubelet[13623]: E0923 21:37:22.147121   13623 kubelet.go:3516] "Unable to register mirror pod because node is not registered yet" err="node \"ip-172-31-10-147\" not found" node="ip-172-31-10-147"
Sep 23 21:37:22 ip-172-31-10-147 kubelet[13623]: E0923 21:37:22.247595   13623 kubelet.go:3516] "Unable to register mirror pod because node is not registered yet" err="node \"ip-172-31-10-147\" not found" node="ip-172-31-10-147"
Sep 23 21:37:22 ip-172-31-10-147 kubelet[13623]: E0923 21:37:22.347090   13623 kubelet.go:3516] "Unable to register mirror pod because node is not registered yet" err="node \"ip-172-31-10-147\" not found" node="ip-172-31-10-147"
Sep 23 21:37:22 ip-172-31-10-147 kubelet[13623]: E0923 21:37:22.446812   13623 kubelet.go:3516] "Unable to register mirror pod because node is not registered yet" err="node \"ip-172-31-10-147\" not found" node="ip-172-31-10-147"
Sep 23 21:37:22 ip-172-31-10-147 kubelet[13623]: E0923 21:37:22.546862   13623 kubelet.go:3516] "Unable to register mirror pod because node is not registered yet" err="node \"ip-172-31-10-147\" not found" node="ip-172-31-10-147"
Sep 23 21:37:22 ip-172-31-10-147 kubelet[13623]: E0923 21:37:22.647001   13623 kubelet.go:3516] "Unable to register mirror pod because node is not registered yet" err="node \"ip-172-31-10-147\" not found" node="ip-172-31-10-147"
Sep 23 21:37:22 ip-172-31-10-147 kubelet[13623]: E0923 21:37:22.747534   13623 kubelet.go:3516] "Unable to register mirror pod because node is not registered yet" err="node \"ip-172-31-10-147\" not found" node="ip-172-31-10-147"
Sep 23 21:37:22 ip-172-31-10-147 kubelet[13623]: E0923 21:37:22.847056   13623 kubelet.go:3516] "Unable to register mirror pod because node is not registered yet" err="node \"ip-172-31-10-147\" not found" node="ip-172-31-10-147"
Sep 23 21:37:22 ip-172-31-10-147 kubelet[13623]: E0923 21:37:22.946554   13623 kubelet.go:3516] "Unable to register mirror pod because node is not registered yet" err="node \"ip-172-31-10-147\" not found" node="ip-172-31-10-147"
Sep 23 21:37:23 ip-172-31-10-147 kubelet[13623]: E0923 21:37:23.047551   13623 kubelet.go:3516] "Unable to register mirror pod because node is not registered yet" err="node \"ip-172-31-10-147\" not found" node="ip-172-31-10-147"
Sep 23 21:37:23 ip-172-31-10-147 kubelet[13623]: E0923 21:37:23.147221   13623 kubelet.go:3516] "Unable to register mirror pod because node is not registered yet" err="node \"ip-172-31-10-147\" not found" node="ip-172-31-10-147"
Sep 23 21:37:23 ip-172-31-10-147 kubelet[13623]: E0923 21:37:23.247071   13623 kubelet.go:3516] "Unable to register mirror pod because node is not registered yet" err="node \"ip-172-31-10-147\" not found" node="ip-172-31-10-147"
Sep 23 21:37:23 ip-172-31-10-147 kubelet[13623]: E0923 21:37:23.346595   13623 kubelet.go:3516] "Unable to register mirror pod because node is not registered yet" err="node \"ip-172-31-10-147\" not found" node="ip-172-31-10-147"
Sep 23 21:37:23 ip-172-31-10-147 kubelet[13623]: E0923 21:37:23.447263   13623 kubelet.go:3516] "Unable to register mirror pod because node is not registered yet" err="node \"ip-172-31-10-147\" not found" node="ip-172-31-10-147"
Sep 23 21:37:23 ip-172-31-10-147 kubelet[13623]: E0923 21:37:23.546887   13623 kubelet.go:3516] "Unable to register mirror pod because node is not registered yet" err="node \"ip-172-31-10-147\" not found" node="ip-172-31-10-147"
Sep 23 21:37:23 ip-172-31-10-147 kubelet[13623]: E0923 21:37:23.647385   13623 kubelet.go:3516] "Unable to register mirror pod because node is not registered yet" err="node \"ip-172-31-10-147\" not found" node="ip-172-31-10-147"
Sep 23 21:37:23 ip-172-31-10-147 kubelet[13623]: E0923 21:37:23.747547   13623 kubelet.go:3516] "Unable to register mirror pod because node is not registered yet" err="node \"ip-172-31-10-147\" not found" node="ip-172-31-10-147"
Sep 23 21:37:23 ip-172-31-10-147 kubelet[13623]: E0923 21:37:23.846534   13623 kubelet.go:3516] "Unable to register mirror pod because node is not registered yet" err="node \"ip-172-31-10-147\" not found" node="ip-172-31-10-147"
Sep 23 21:37:23 ip-172-31-10-147 kubelet[13623]: E0923 21:37:23.947288   13623 kubelet.go:3516] "Unable to register mirror pod because node is not registered yet" err="node \"ip-172-31-10-147\" not found" node="ip-172-31-10-147"
Sep 23 21:37:24 ip-172-31-10-147 kubelet[13623]: E0923 21:37:24.046878   13623 kubelet.go:3516] "Unable to register mirror pod because node is not registered yet" err="node \"ip-172-31-10-147\" not found" node="ip-172-31-10-147"
Sep 23 21:37:24 ip-172-31-10-147 kubelet[13623]: E0923 21:37:24.146766   13623 kubelet.go:3516] "Unable to register mirror pod because node is not registered yet" err="node \"ip-172-31-10-147\" not found" node="ip-172-31-10-147"
Sep 23 21:37:24 ip-172-31-10-147 kubelet[13623]: E0923 21:37:24.247427   13623 kubelet.go:3516] "Unable to register mirror pod because node is not registered yet" err="node \"ip-172-31-10-147\" not found" node="ip-172-31-10-147"
Sep 23 21:37:24 ip-172-31-10-147 kubelet[13623]: E0923 21:37:24.347027   13623 kubelet.go:3516] "Unable to register mirror pod because node is not registered yet" err="node \"ip-172-31-10-147\" not found" node="ip-172-31-10-147"
Sep 23 21:37:24 ip-172-31-10-147 kubelet[13623]: E0923 21:37:24.446537   13623 kubelet.go:3516] "Unable to register mirror pod because node is not registered yet" err="node \"ip-172-31-10-147\" not found" node="ip-172-31-10-147"
Sep 23 21:37:24 ip-172-31-10-147 kubelet[13623]: E0923 21:37:24.547247   13623 kubelet.go:3516] "Unable to register mirror pod because node is not registered yet" err="node \"ip-172-31-10-147\" not found" node="ip-172-31-10-147"
Sep 23 21:37:24 ip-172-31-10-147 kubelet[13623]: E0923 21:37:24.647748   13623 kubelet.go:3516] "Unable to register mirror pod because node is not registered yet" err="node \"ip-172-31-10-147\" not found" node="ip-172-31-10-147"
Sep 23 21:37:24 ip-172-31-10-147 kubelet[13623]: E0923 21:37:24.747221   13623 kubelet.go:3516] "Unable to register mirror pod because node is not registered yet" err="node \"ip-172-31-10-147\" not found" node="ip-172-31-10-147"
Sep 23 21:37:24 ip-172-31-10-147 kubelet[13623]: E0923 21:37:24.847519   13623 kubelet.go:3516] "Unable to register mirror pod because node is not registered yet" err="node \"ip-172-31-10-147\" not found" node="ip-172-31-10-147"
Sep 23 21:37:24 ip-172-31-10-147 kubelet[13623]: E0923 21:37:24.947050   13623 kubelet.go:3516] "Unable to register mirror pod because node is not registered yet" err="node \"ip-172-31-10-147\" not found" node="ip-172-31-10-147"
Sep 23 21:37:25 ip-172-31-10-147 kubelet[13623]: E0923 21:37:25.052686   13623 kubelet.go:3516] "Unable to register mirror pod because node is not registered yet" err="node \"ip-172-31-10-147\" not found" node="ip-172-31-10-147"
Sep 23 21:37:25 ip-172-31-10-147 kubelet[13623]: E0923 21:37:25.146893   13623 kubelet.go:3516] "Unable to register mirror pod because node is not registered yet" err="node \"ip-172-31-10-147\" not found" node="ip-172-31-10-147"
Sep 23 21:37:25 ip-172-31-10-147 kubelet[13623]: E0923 21:37:25.246567   13623 kubelet.go:3516] "Unable to register mirror pod because node is not registered yet" err="node \"ip-172-31-10-147\" not found" node="ip-172-31-10-147"
Sep 23 21:37:25 ip-172-31-10-147 kubelet[13623]: E0923 21:37:25.347366   13623 kubelet.go:3516] "Unable to register mirror pod because node is not registered yet" err="node \"ip-172-31-10-147\" not found" node="ip-172-31-10-147"
Sep 23 21:37:25 ip-172-31-10-147 kubelet[13623]: E0923 21:37:25.447241   13623 kubelet.go:3516] "Unable to register mirror pod because node is not registered yet" err="node \"ip-172-31-10-147\" not found" node="ip-172-31-10-147"
Sep 23 21:37:25 ip-172-31-10-147 kubelet[13623]: E0923 21:37:25.547004   13623 kubelet.go:3516] "Unable to register mirror pod because node is not registered yet" err="node \"ip-172-31-10-147\" not found" node="ip-172-31-10-147"
Sep 23 21:37:25 ip-172-31-10-147 kubelet[13623]: E0923 21:37:25.647310   13623 kubelet.go:3516] "Unable to register mirror pod because node is not registered yet" err="node \"ip-172-31-10-147\" not found" node="ip-172-31-10-147"
Sep 23 21:37:25 ip-172-31-10-147 kubelet[13623]: E0923 21:37:25.747077   13623 kubelet.go:3516] "Unable to register mirror pod because node is not registered yet" err="node \"ip-172-31-10-147\" not found" node="ip-172-31-10-147"
Sep 23 21:37:25 ip-172-31-10-147 kubelet[13623]: E0923 21:37:25.846549   13623 kubelet.go:3516] "Unable to register mirror pod because node is not registered yet" err="node \"ip-172-31-10-147\" not found" node="ip-172-31-10-147"
Sep 23 21:37:25 ip-172-31-10-147 kubelet[13623]: E0923 21:37:25.947026   13623 kubelet.go:3516] "Unable to register mirror pod because node is not registered yet" err="node \"ip-172-31-10-147\" not found" node="ip-172-31-10-147"
Sep 23 21:37:26 ip-172-31-10-147 kubelet[13623]: E0923 21:37:26.046826   13623 kubelet.go:3516] "Unable to register mirror pod because node is not registered yet" err="node \"ip-172-31-10-147\" not found" node="ip-172-31-10-147"
Sep 23 21:37:26 ip-172-31-10-147 kubelet[13623]: E0923 21:37:26.147127   13623 kubelet.go:3516] "Unable to register mirror pod because node is not registered yet" err="node \"ip-172-31-10-147\" not found" node="ip-172-31-10-147"
Sep 23 21:37:26 ip-172-31-10-147 kubelet[13623]: E0923 21:37:26.247489   13623 kubelet.go:3516] "Unable to register mirror pod because node is not registered yet" err="node \"ip-172-31-10-147\" not found" node="ip-172-31-10-147"
Sep 23 21:37:26 ip-172-31-10-147 kubelet[13623]: E0923 21:37:26.347287   13623 kubelet.go:3516] "Unable to register mirror pod because node is not registered yet" err="node \"ip-172-31-10-147\" not found" node="ip-172-31-10-147"
Sep 23 21:37:26 ip-172-31-10-147 kubelet[13623]: E0923 21:37:26.447074   13623 kubelet.go:3516] "Unable to register mirror pod because node is not registered yet" err="node \"ip-172-31-10-147\" not found" node="ip-172-31-10-147"
Sep 23 21:37:26 ip-172-31-10-147 kubelet[13623]: E0923 21:37:26.547439   13623 kubelet.go:3516] "Unable to register mirror pod because node is not registered yet" err="node \"ip-172-31-10-147\" not found" node="ip-172-31-10-147"
Sep 23 21:37:26 ip-172-31-10-147 kubelet[13623]: E0923 21:37:26.646861   13623 kubelet.go:3516] "Unable to register mirror pod because node is not registered yet" err="node \"ip-172-31-10-147\" not found" node="ip-172-31-10-147"
Sep 23 21:37:26 ip-172-31-10-147 kubelet[13623]: E0923 21:37:26.746945   13623 kubelet.go:3516] "Unable to register mirror pod because node is not registered yet" err="node \"ip-172-31-10-147\" not found" node="ip-172-31-10-147"
Sep 23 21:37:26 ip-172-31-10-147 kubelet[13623]: E0923 21:37:26.847488   13623 kubelet.go:3516] "Unable to register mirror pod because node is not registered yet" err="node \"ip-172-31-10-147\" not found" node="ip-172-31-10-147"
Sep 23 21:37:26 ip-172-31-10-147 kubelet[13623]: E0923 21:37:26.920028   13623 eviction_manager.go:297] "Eviction manager: failed to get summary stats" err="failed to get node info: node \"ip-172-31-10-147\" not found"
Sep 23 21:37:26 ip-172-31-10-147 kubelet[13623]: E0923 21:37:26.947116   13623 kubelet.go:3516] "Unable to register mirror pod because node is not registered yet" err="node \"ip-172-31-10-147\" not found" node="ip-172-31-10-147"
Sep 23 21:37:27 ip-172-31-10-147 kubelet[13623]: E0923 21:37:27.047063   13623 kubelet.go:3516] "Unable to register mirror pod because node is not registered yet" err="node \"ip-172-31-10-147\" not found" node="ip-172-31-10-147"
Sep 23 21:37:27 ip-172-31-10-147 kubelet[13623]: E0923 21:37:27.147819   13623 kubelet.go:3516] "Unable to register mirror pod because node is not registered yet" err="node \"ip-172-31-10-147\" not found" node="ip-172-31-10-147"
Sep 23 21:37:27 ip-172-31-10-147 kubelet[13623]: E0923 21:37:27.247236   13623 kubelet.go:3516] "Unable to register mirror pod because node is not registered yet" err="node \"ip-172-31-10-147\" not found" node="ip-172-31-10-147"
Sep 23 21:37:27 ip-172-31-10-147 kubelet[13623]: E0923 21:37:27.346840   13623 kubelet.go:3516] "Unable to register mirror pod because node is not registered yet" err="node \"ip-172-31-10-147\" not found" node="ip-172-31-10-147"
Sep 23 21:37:27 ip-172-31-10-147 kubelet[13623]: E0923 21:37:27.447152   13623 kubelet.go:3516] "Unable to register mirror pod because node is not registered yet" err="node \"ip-172-31-10-147\" not found" node="ip-172-31-10-147"
Sep 23 21:37:27 ip-172-31-10-147 kubelet[13623]: E0923 21:37:27.546813   13623 kubelet.go:3516] "Unable to register mirror pod because node is not registered yet" err="node \"ip-172-31-10-147\" not found" node="ip-172-31-10-147"
Sep 23 21:37:27 ip-172-31-10-147 kubelet[13623]: E0923 21:37:27.647282   13623 kubelet.go:3516] "Unable to register mirror pod because node is not registered yet" err="node \"ip-172-31-10-147\" not found" node="ip-172-31-10-147"
Sep 23 21:37:27 ip-172-31-10-147 kubelet[13623]: E0923 21:37:27.747523   13623 kubelet.go:3516] "Unable to register mirror pod because node is not registered yet" err="node \"ip-172-31-10-147\" not found" node="ip-172-31-10-147"
Sep 23 21:37:27 ip-172-31-10-147 kubelet[13623]: E0923 21:37:27.847138   13623 kubelet.go:3516] "Unable to register mirror pod because node is not registered yet" err="node \"ip-172-31-10-147\" not found" node="ip-172-31-10-147"
Sep 23 21:37:27 ip-172-31-10-147 kubelet[13623]: E0923 21:37:27.946633   13623 kubelet.go:3516] "Unable to register mirror pod because node is not registered yet" err="node \"ip-172-31-10-147\" not found" node="ip-172-31-10-147"
Sep 23 21:37:28 ip-172-31-10-147 kubelet[13623]: E0923 21:37:28.047484   13623 kubelet.go:3516] "Unable to register mirror pod because node is not registered yet" err="node \"ip-172-31-10-147\" not found" node="ip-172-31-10-147"
Sep 23 21:37:28 ip-172-31-10-147 kubelet[13623]: E0923 21:37:28.146876   13623 kubelet.go:3516] "Unable to register mirror pod because node is not registered yet" err="node \"ip-172-31-10-147\" not found" node="ip-172-31-10-147"
Sep 23 21:37:28 ip-172-31-10-147 kubelet[13623]: E0923 21:37:28.247596   13623 kubelet.go:3516] "Unable to register mirror pod because node is not registered yet" err="node \"ip-172-31-10-147\" not found" node="ip-172-31-10-147"
Sep 23 21:37:28 ip-172-31-10-147 kubelet[13623]: E0923 21:37:28.347257   13623 kubelet.go:3516] "Unable to register mirror pod because node is not registered yet" err="node \"ip-172-31-10-147\" not found" node="ip-172-31-10-147"
Sep 23 21:37:28 ip-172-31-10-147 kubelet[13623]: E0923 21:37:28.446772   13623 kubelet.go:3516] "Unable to register mirror pod because node is not registered yet" err="node \"ip-172-31-10-147\" not found" node="ip-172-31-10-147"
Sep 23 21:37:28 ip-172-31-10-147 kubelet[13623]: E0923 21:37:28.547434   13623 kubelet.go:3516] "Unable to register mirror pod because node is not registered yet" err="node \"ip-172-31-10-147\" not found" node="ip-172-31-10-147"
Sep 23 21:37:28 ip-172-31-10-147 kubelet[13623]: E0923 21:37:28.647381   13623 kubelet.go:3516] "Unable to register mirror pod because node is not registered yet" err="node \"ip-172-31-10-147\" not found" node="ip-172-31-10-147"
Sep 23 21:37:28 ip-172-31-10-147 kubelet[13623]: E0923 21:37:28.746596   13623 kubelet.go:3516] "Unable to register mirror pod because node is not registered yet" err="node \"ip-172-31-10-147\" not found" node="ip-172-31-10-147"
Sep 23 21:37:28 ip-172-31-10-147 kubelet[13623]: E0923 21:37:28.847135   13623 kubelet.go:3516] "Unable to register mirror pod because node is not registered yet" err="node \"ip-172-31-10-147\" not found" node="ip-172-31-10-147"
Sep 23 21:37:28 ip-172-31-10-147 kubelet[13623]: E0923 21:37:28.946747   13623 kubelet.go:3516] "Unable to register mirror pod because node is not registered yet" err="node \"ip-172-31-10-147\" not found" node="ip-172-31-10-147"
Sep 23 21:37:29 ip-172-31-10-147 kubelet[13623]: E0923 21:37:29.046570   13623 kubelet.go:3516] "Unable to register mirror pod because node is not registered yet" err="node \"ip-172-31-10-147\" not found" node="ip-172-31-10-147"
Sep 23 21:37:29 ip-172-31-10-147 kubelet[13623]: E0923 21:37:29.147012   13623 kubelet.go:3516] "Unable to register mirror pod because node is not registered yet" err="node \"ip-172-31-10-147\" not found" node="ip-172-31-10-147"
Sep 23 21:37:29 ip-172-31-10-147 kubelet[13623]: E0923 21:37:29.247537   13623 kubelet.go:3516] "Unable to register mirror pod because node is not registered yet" err="node \"ip-172-31-10-147\" not found" node="ip-172-31-10-147"
Sep 23 21:37:29 ip-172-31-10-147 kubelet[13623]: E0923 21:37:29.256071   13623 controller.go:201] "Failed to ensure lease exists, will retry" err="Get \"https://172.31.10.147:6443/apis/coordination.k8s.io/v1/namespaces/kube-node-lease/leases/ip-172-31-10-147?timeout=10s\": context deadline exceeded" interval="7s"
Sep 23 21:37:29 ip-172-31-10-147 kubelet[13623]: E0923 21:37:29.346939   13623 kubelet.go:3516] "Unable to register mirror pod because node is not registered yet" err="node \"ip-172-31-10-147\" not found" node="ip-172-31-10-147"
Sep 23 21:37:29 ip-172-31-10-147 kubelet[13623]: E0923 21:37:29.446652   13623 kubelet.go:3516] "Unable to register mirror pod because node is not registered yet" err="node \"ip-172-31-10-147\" not found" node="ip-172-31-10-147"
Sep 23 21:37:29 ip-172-31-10-147 kubelet[13623]: E0923 21:37:29.546531   13623 kubelet.go:3516] "Unable to register mirror pod because node is not registered yet" err="node \"ip-172-31-10-147\" not found" node="ip-172-31-10-147"
Sep 23 21:37:29 ip-172-31-10-147 kubelet[13623]: E0923 21:37:29.646797   13623 kubelet.go:3516] "Unable to register mirror pod because node is not registered yet" err="node \"ip-172-31-10-147\" not found" node="ip-172-31-10-147"
Sep 23 21:37:29 ip-172-31-10-147 kubelet[13623]: E0923 21:37:29.747081   13623 kubelet.go:3516] "Unable to register mirror pod because node is not registered yet" err="node \"ip-172-31-10-147\" not found" node="ip-172-31-10-147"
Sep 23 21:37:29 ip-172-31-10-147 kubelet[13623]: E0923 21:37:29.847284   13623 kubelet.go:3516] "Unable to register mirror pod because node is not registered yet" err="node \"ip-172-31-10-147\" not found" node="ip-172-31-10-147"
Sep 23 21:37:29 ip-172-31-10-147 kubelet[13623]: E0923 21:37:29.947171   13623 kubelet.go:3516] "Unable to register mirror pod because node is not registered yet" err="node \"ip-172-31-10-147\" not found" node="ip-172-31-10-147"
Sep 23 21:37:30 ip-172-31-10-147 kubelet[13623]: E0923 21:37:30.047558   13623 kubelet.go:3516] "Unable to register mirror pod because node is not registered yet" err="node \"ip-172-31-10-147\" not found" node="ip-172-31-10-147"
Sep 23 21:37:30 ip-172-31-10-147 kubelet[13623]: E0923 21:37:30.146560   13623 kubelet.go:3516] "Unable to register mirror pod because node is not registered yet" err="node \"ip-172-31-10-147\" not found" node="ip-172-31-10-147"
Sep 23 21:37:30 ip-172-31-10-147 kubelet[13623]: E0923 21:37:30.247181   13623 kubelet.go:3516] "Unable to register mirror pod because node is not registered yet" err="node \"ip-172-31-10-147\" not found" node="ip-172-31-10-147"
Sep 23 21:37:30 ip-172-31-10-147 kubelet[13623]: E0923 21:37:30.346968   13623 kubelet.go:3516] "Unable to register mirror pod because node is not registered yet" err="node \"ip-172-31-10-147\" not found" node="ip-172-31-10-147"
Sep 23 21:37:30 ip-172-31-10-147 kubelet[13623]: E0923 21:37:30.446524   13623 kubelet.go:3516] "Unable to register mirror pod because node is not registered yet" err="node \"ip-172-31-10-147\" not found" node="ip-172-31-10-147"
Sep 23 21:37:30 ip-172-31-10-147 kubelet[13623]: E0923 21:37:30.547217   13623 kubelet.go:3516] "Unable to register mirror pod because node is not registered yet" err="node \"ip-172-31-10-147\" not found" node="ip-172-31-10-147"
Sep 23 21:37:30 ip-172-31-10-147 kubelet[13623]: E0923 21:37:30.647358   13623 kubelet.go:3516] "Unable to register mirror pod because node is not registered yet" err="node \"ip-172-31-10-147\" not found" node="ip-172-31-10-147"
Sep 23 21:37:30 ip-172-31-10-147 kubelet[13623]: E0923 21:37:30.748539   13623 kubelet.go:3516] "Unable to register mirror pod because node is not registered yet" err="node \"ip-172-31-10-147\" not found" node="ip-172-31-10-147"
Sep 23 21:37:30 ip-172-31-10-147 kubelet[13623]: E0923 21:37:30.847007   13623 kubelet.go:3516] "Unable to register mirror pod because node is not registered yet" err="node \"ip-172-31-10-147\" not found" node="ip-172-31-10-147"
Sep 23 21:37:30 ip-172-31-10-147 kubelet[13623]: E0923 21:37:30.946564   13623 kubelet.go:3516] "Unable to register mirror pod because node is not registered yet" err="node \"ip-172-31-10-147\" not found" node="ip-172-31-10-147"
Sep 23 21:37:31 ip-172-31-10-147 kubelet[13623]: E0923 21:37:31.047043   13623 kubelet.go:3516] "Unable to register mirror pod because node is not registered yet" err="node \"ip-172-31-10-147\" not found" node="ip-172-31-10-147"
Sep 23 21:37:31 ip-172-31-10-147 kubelet[13623]: E0923 21:37:31.147167   13623 kubelet.go:3516] "Unable to register mirror pod because node is not registered yet" err="node \"ip-172-31-10-147\" not found" node="ip-172-31-10-147"
Sep 23 21:37:31 ip-172-31-10-147 kubelet[13623]: E0923 21:37:31.246564   13623 kubelet.go:3516] "Unable to register mirror pod because node is not registered yet" err="node \"ip-172-31-10-147\" not found" node="ip-172-31-10-147"
Sep 23 21:37:31 ip-172-31-10-147 kubelet[13623]: E0923 21:37:31.347207   13623 kubelet.go:3516] "Unable to register mirror pod because node is not registered yet" err="node \"ip-172-31-10-147\" not found" node="ip-172-31-10-147"
Sep 23 21:37:31 ip-172-31-10-147 kubelet[13623]: E0923 21:37:31.446654   13623 kubelet.go:3516] "Unable to register mirror pod because node is not registered yet" err="node \"ip-172-31-10-147\" not found" node="ip-172-31-10-147"
Sep 23 21:37:31 ip-172-31-10-147 kubelet[13623]: E0923 21:37:31.547318   13623 kubelet.go:3516] "Unable to register mirror pod because node is not registered yet" err="node \"ip-172-31-10-147\" not found" node="ip-172-31-10-147"
Sep 23 21:37:31 ip-172-31-10-147 kubelet[13623]: E0923 21:37:31.647153   13623 kubelet.go:3516] "Unable to register mirror pod because node is not registered yet" err="node \"ip-172-31-10-147\" not found" node="ip-172-31-10-147"
Sep 23 21:37:31 ip-172-31-10-147 kubelet[13623]: E0923 21:37:31.747222   13623 kubelet.go:3516] "Unable to register mirror pod because node is not registered yet" err="node \"ip-172-31-10-147\" not found" node="ip-172-31-10-147"
Sep 23 21:37:31 ip-172-31-10-147 kubelet[13623]: E0923 21:37:31.847325   13623 kubelet.go:3516] "Unable to register mirror pod because node is not registered yet" err="node \"ip-172-31-10-147\" not found" node="ip-172-31-10-147"
Sep 23 21:37:31 ip-172-31-10-147 kubelet[13623]: E0923 21:37:31.947291   13623 kubelet.go:3516] "Unable to register mirror pod because node is not registered yet" err="node \"ip-172-31-10-147\" not found" node="ip-172-31-10-147"
Sep 23 21:37:32 ip-172-31-10-147 kubelet[13623]: E0923 21:37:32.046613   13623 kubelet.go:3516] "Unable to register mirror pod because node is not registered yet" err="node \"ip-172-31-10-147\" not found" node="ip-172-31-10-147"
Sep 23 21:37:32 ip-172-31-10-147 kubelet[13623]: E0923 21:37:32.146647   13623 kubelet.go:3516] "Unable to register mirror pod because node is not registered yet" err="node \"ip-172-31-10-147\" not found" node="ip-172-31-10-147"
Sep 23 21:37:32 ip-172-31-10-147 kubelet[13623]: E0923 21:37:32.247089   13623 kubelet.go:3516] "Unable to register mirror pod because node is not registered yet" err="node \"ip-172-31-10-147\" not found" node="ip-172-31-10-147"
Sep 23 21:37:32 ip-172-31-10-147 kubelet[13623]: E0923 21:37:32.346561   13623 kubelet.go:3516] "Unable to register mirror pod because node is not registered yet" err="node \"ip-172-31-10-147\" not found" node="ip-172-31-10-147"
Sep 23 21:37:32 ip-172-31-10-147 kubelet[13623]: E0923 21:37:32.447181   13623 kubelet.go:3516] "Unable to register mirror pod because node is not registered yet" err="node \"ip-172-31-10-147\" not found" node="ip-172-31-10-147"
Sep 23 21:37:32 ip-172-31-10-147 kubelet[13623]: E0923 21:37:32.547544   13623 kubelet.go:3516] "Unable to register mirror pod because node is not registered yet" err="node \"ip-172-31-10-147\" not found" node="ip-172-31-10-147"
Sep 23 21:37:32 ip-172-31-10-147 kubelet[13623]: E0923 21:37:32.646803   13623 kubelet.go:3516] "Unable to register mirror pod because node is not registered yet" err="node \"ip-172-31-10-147\" not found" node="ip-172-31-10-147"
Sep 23 21:37:32 ip-172-31-10-147 kubelet[13623]: E0923 21:37:32.747254   13623 kubelet.go:3516] "Unable to register mirror pod because node is not registered yet" err="node \"ip-172-31-10-147\" not found" node="ip-172-31-10-147"
Sep 23 21:37:32 ip-172-31-10-147 kubelet[13623]: E0923 21:37:32.846750   13623 kubelet.go:3516] "Unable to register mirror pod because node is not registered yet" err="node \"ip-172-31-10-147\" not found" node="ip-172-31-10-147"
Sep 23 21:37:32 ip-172-31-10-147 kubelet[13623]: E0923 21:37:32.947329   13623 kubelet.go:3516] "Unable to register mirror pod because node is not registered yet" err="node \"ip-172-31-10-147\" not found" node="ip-172-31-10-147"
Sep 23 21:37:33 ip-172-31-10-147 kubelet[13623]: E0923 21:37:33.046561   13623 kubelet.go:3516] "Unable to register mirror pod because node is not registered yet" err="node \"ip-172-31-10-147\" not found" node="ip-172-31-10-147"
Sep 23 21:37:33 ip-172-31-10-147 kubelet[13623]: E0923 21:37:33.147137   13623 kubelet.go:3516] "Unable to register mirror pod because node is not registered yet" err="node \"ip-172-31-10-147\" not found" node="ip-172-31-10-147"
Sep 23 21:37:33 ip-172-31-10-147 kubelet[13623]: E0923 21:37:33.246556   13623 kubelet.go:3516] "Unable to register mirror pod because node is not registered yet" err="node \"ip-172-31-10-147\" not found" node="ip-172-31-10-147"
Sep 23 21:37:33 ip-172-31-10-147 kubelet[13623]: E0923 21:37:33.347353   13623 kubelet.go:3516] "Unable to register mirror pod because node is not registered yet" err="node \"ip-172-31-10-147\" not found" node="ip-172-31-10-147"
Sep 23 21:37:33 ip-172-31-10-147 kubelet[13623]: E0923 21:37:33.446863   13623 kubelet.go:3516] "Unable to register mirror pod because node is not registered yet" err="node \"ip-172-31-10-147\" not found" node="ip-172-31-10-147"
Sep 23 21:37:33 ip-172-31-10-147 kubelet[13623]: E0923 21:37:33.546556   13623 kubelet.go:3516] "Unable to register mirror pod because node is not registered yet" err="node \"ip-172-31-10-147\" not found" node="ip-172-31-10-147"
Sep 23 21:37:33 ip-172-31-10-147 kubelet[13623]: E0923 21:37:33.647246   13623 kubelet.go:3516] "Unable to register mirror pod because node is not registered yet" err="node \"ip-172-31-10-147\" not found" node="ip-172-31-10-147"
Sep 23 21:37:33 ip-172-31-10-147 kubelet[13623]: E0923 21:37:33.746711   13623 kubelet.go:3516] "Unable to register mirror pod because node is not registered yet" err="node \"ip-172-31-10-147\" not found" node="ip-172-31-10-147"
Sep 23 21:37:33 ip-172-31-10-147 kubelet[13623]: E0923 21:37:33.847549   13623 kubelet.go:3516] "Unable to register mirror pod because node is not registered yet" err="node \"ip-172-31-10-147\" not found" node="ip-172-31-10-147"
Sep 23 21:37:33 ip-172-31-10-147 kubelet[13623]: E0923 21:37:33.947199   13623 kubelet.go:3516] "Unable to register mirror pod because node is not registered yet" err="node \"ip-172-31-10-147\" not found" node="ip-172-31-10-147"
Sep 23 21:37:34 ip-172-31-10-147 kubelet[13623]: E0923 21:37:34.047267   13623 kubelet.go:3516] "Unable to register mirror pod because node is not registered yet" err="node \"ip-172-31-10-147\" not found" node="ip-172-31-10-147"
Sep 23 21:37:34 ip-172-31-10-147 kubelet[13623]: E0923 21:37:34.147029   13623 kubelet.go:3516] "Unable to register mirror pod because node is not registered yet" err="node \"ip-172-31-10-147\" not found" node="ip-172-31-10-147"
Sep 23 21:37:34 ip-172-31-10-147 kubelet[13623]: E0923 21:37:34.246619   13623 kubelet.go:3516] "Unable to register mirror pod because node is not registered yet" err="node \"ip-172-31-10-147\" not found" node="ip-172-31-10-147"
Sep 23 21:37:34 ip-172-31-10-147 kubelet[13623]: E0923 21:37:34.346914   13623 kubelet.go:3516] "Unable to register mirror pod because node is not registered yet" err="node \"ip-172-31-10-147\" not found" node="ip-172-31-10-147"
Sep 23 21:37:34 ip-172-31-10-147 kubelet[13623]: E0923 21:37:34.446572   13623 kubelet.go:3516] "Unable to register mirror pod because node is not registered yet" err="node \"ip-172-31-10-147\" not found" node="ip-172-31-10-147"
Sep 23 21:37:34 ip-172-31-10-147 kubelet[13623]: E0923 21:37:34.547532   13623 kubelet.go:3516] "Unable to register mirror pod because node is not registered yet" err="node \"ip-172-31-10-147\" not found" node="ip-172-31-10-147"
Sep 23 21:37:34 ip-172-31-10-147 kubelet[13623]: E0923 21:37:34.646892   13623 kubelet.go:3516] "Unable to register mirror pod because node is not registered yet" err="node \"ip-172-31-10-147\" not found" node="ip-172-31-10-147"
Sep 23 21:37:34 ip-172-31-10-147 kubelet[13623]: E0923 21:37:34.747382   13623 kubelet.go:3516] "Unable to register mirror pod because node is not registered yet" err="node \"ip-172-31-10-147\" not found" node="ip-172-31-10-147"
Sep 23 21:37:34 ip-172-31-10-147 kubelet[13623]: E0923 21:37:34.847447   13623 kubelet.go:3516] "Unable to register mirror pod because node is not registered yet" err="node \"ip-172-31-10-147\" not found" node="ip-172-31-10-147"
Sep 23 21:37:34 ip-172-31-10-147 kubelet[13623]: E0923 21:37:34.947212   13623 kubelet.go:3516] "Unable to register mirror pod because node is not registered yet" err="node \"ip-172-31-10-147\" not found" node="ip-172-31-10-147"
Sep 23 21:37:35 ip-172-31-10-147 kubelet[13623]: E0923 21:37:35.047172   13623 kubelet.go:3516] "Unable to register mirror pod because node is not registered yet" err="node \"ip-172-31-10-147\" not found" node="ip-172-31-10-147"
Sep 23 21:37:35 ip-172-31-10-147 kubelet[13623]: E0923 21:37:35.146809   13623 kubelet.go:3516] "Unable to register mirror pod because node is not registered yet" err="node \"ip-172-31-10-147\" not found" node="ip-172-31-10-147"
Sep 23 21:37:35 ip-172-31-10-147 kubelet[13623]: E0923 21:37:35.247614   13623 kubelet.go:3516] "Unable to register mirror pod because node is not registered yet" err="node \"ip-172-31-10-147\" not found" node="ip-172-31-10-147"
Sep 23 21:37:35 ip-172-31-10-147 kubelet[13623]: E0923 21:37:35.347255   13623 kubelet.go:3516] "Unable to register mirror pod because node is not registered yet" err="node \"ip-172-31-10-147\" not found" node="ip-172-31-10-147"
Sep 23 21:37:35 ip-172-31-10-147 kubelet[13623]: E0923 21:37:35.447016   13623 kubelet.go:3516] "Unable to register mirror pod because node is not registered yet" err="node \"ip-172-31-10-147\" not found" node="ip-172-31-10-147"
Sep 23 21:37:35 ip-172-31-10-147 kubelet[13623]: E0923 21:37:35.547070   13623 kubelet.go:3516] "Unable to register mirror pod because node is not registered yet" err="node \"ip-172-31-10-147\" not found" node="ip-172-31-10-147"
Sep 23 21:37:35 ip-172-31-10-147 kubelet[13623]: E0923 21:37:35.647368   13623 kubelet.go:3516] "Unable to register mirror pod because node is not registered yet" err="node \"ip-172-31-10-147\" not found" node="ip-172-31-10-147"
Sep 23 21:37:35 ip-172-31-10-147 kubelet[13623]: E0923 21:37:35.746876   13623 kubelet.go:3516] "Unable to register mirror pod because node is not registered yet" err="node \"ip-172-31-10-147\" not found" node="ip-172-31-10-147"
Sep 23 21:37:35 ip-172-31-10-147 kubelet[13623]: E0923 21:37:35.846532   13623 kubelet.go:3516] "Unable to register mirror pod because node is not registered yet" err="node \"ip-172-31-10-147\" not found" node="ip-172-31-10-147"
Sep 23 21:37:35 ip-172-31-10-147 kubelet[13623]: E0923 21:37:35.947131   13623 kubelet.go:3516] "Unable to register mirror pod because node is not registered yet" err="node \"ip-172-31-10-147\" not found" node="ip-172-31-10-147"
Sep 23 21:37:36 ip-172-31-10-147 kubelet[13623]: E0923 21:37:36.047340   13623 kubelet.go:3516] "Unable to register mirror pod because node is not registered yet" err="node \"ip-172-31-10-147\" not found" node="ip-172-31-10-147"
Sep 23 21:37:36 ip-172-31-10-147 kubelet[13623]: E0923 21:37:36.146928   13623 kubelet.go:3516] "Unable to register mirror pod because node is not registered yet" err="node \"ip-172-31-10-147\" not found" node="ip-172-31-10-147"
Sep 23 21:37:36 ip-172-31-10-147 kubelet[13623]: E0923 21:37:36.247555   13623 kubelet.go:3516] "Unable to register mirror pod because node is not registered yet" err="node \"ip-172-31-10-147\" not found" node="ip-172-31-10-147"
Sep 23 21:37:36 ip-172-31-10-147 kubelet[13623]: E0923 21:37:36.347416   13623 kubelet.go:3516] "Unable to register mirror pod because node is not registered yet" err="node \"ip-172-31-10-147\" not found" node="ip-172-31-10-147"
Sep 23 21:37:36 ip-172-31-10-147 kubelet[13623]: E0923 21:37:36.446800   13623 kubelet.go:3516] "Unable to register mirror pod because node is not registered yet" err="node \"ip-172-31-10-147\" not found" node="ip-172-31-10-147"
Sep 23 21:37:36 ip-172-31-10-147 kubelet[13623]: E0923 21:37:36.546871   13623 kubelet.go:3516] "Unable to register mirror pod because node is not registered yet" err="node \"ip-172-31-10-147\" not found" node="ip-172-31-10-147"
Sep 23 21:37:36 ip-172-31-10-147 kubelet[13623]: E0923 21:37:36.646752   13623 kubelet.go:3516] "Unable to register mirror pod because node is not registered yet" err="node \"ip-172-31-10-147\" not found" node="ip-172-31-10-147"
Sep 23 21:37:36 ip-172-31-10-147 kubelet[13623]: E0923 21:37:36.747522   13623 kubelet.go:3516] "Unable to register mirror pod because node is not registered yet" err="node \"ip-172-31-10-147\" not found" node="ip-172-31-10-147"
Sep 23 21:37:36 ip-172-31-10-147 kubelet[13623]: E0923 21:37:36.847058   13623 kubelet.go:3516] "Unable to register mirror pod because node is not registered yet" err="node \"ip-172-31-10-147\" not found" node="ip-172-31-10-147"
Sep 23 21:37:36 ip-172-31-10-147 kubelet[13623]: E0923 21:37:36.920989   13623 eviction_manager.go:297] "Eviction manager: failed to get summary stats" err="failed to get node info: node \"ip-172-31-10-147\" not found"
Sep 23 21:37:36 ip-172-31-10-147 kubelet[13623]: E0923 21:37:36.947498   13623 kubelet.go:3516] "Unable to register mirror pod because node is not registered yet" err="node \"ip-172-31-10-147\" not found" node="ip-172-31-10-147"
Sep 23 21:37:37 ip-172-31-10-147 kubelet[13623]: E0923 21:37:37.047393   13623 kubelet.go:3516] "Unable to register mirror pod because node is not registered yet" err="node \"ip-172-31-10-147\" not found" node="ip-172-31-10-147"
Sep 23 21:37:37 ip-172-31-10-147 kubelet[13623]: E0923 21:37:37.147954   13623 kubelet.go:3516] "Unable to register mirror pod because node is not registered yet" err="node \"ip-172-31-10-147\" not found" node="ip-172-31-10-147"
Sep 23 21:37:37 ip-172-31-10-147 kubelet[13623]: E0923 21:37:37.246807   13623 kubelet.go:3516] "Unable to register mirror pod because node is not registered yet" err="node \"ip-172-31-10-147\" not found" node="ip-172-31-10-147"
Sep 23 21:37:37 ip-172-31-10-147 kubelet[13623]: E0923 21:37:37.347346   13623 kubelet.go:3516] "Unable to register mirror pod because node is not registered yet" err="node \"ip-172-31-10-147\" not found" node="ip-172-31-10-147"
Sep 23 21:37:37 ip-172-31-10-147 kubelet[13623]: E0923 21:37:37.446982   13623 kubelet.go:3516] "Unable to register mirror pod because node is not registered yet" err="node \"ip-172-31-10-147\" not found" node="ip-172-31-10-147"
Sep 23 21:37:37 ip-172-31-10-147 kubelet[13623]: E0923 21:37:37.546705   13623 kubelet.go:3516] "Unable to register mirror pod because node is not registered yet" err="node \"ip-172-31-10-147\" not found" node="ip-172-31-10-147"
Sep 23 21:37:37 ip-172-31-10-147 kubelet[13623]: E0923 21:37:37.647348   13623 kubelet.go:3516] "Unable to register mirror pod because node is not registered yet" err="node \"ip-172-31-10-147\" not found" node="ip-172-31-10-147"
Sep 23 21:37:37 ip-172-31-10-147 kubelet[13623]: E0923 21:37:37.746787   13623 kubelet.go:3516] "Unable to register mirror pod because node is not registered yet" err="node \"ip-172-31-10-147\" not found" node="ip-172-31-10-147"
Sep 23 21:37:37 ip-172-31-10-147 kubelet[13623]: E0923 21:37:37.847529   13623 kubelet.go:3516] "Unable to register mirror pod because node is not registered yet" err="node \"ip-172-31-10-147\" not found" node="ip-172-31-10-147"
Sep 23 21:37:37 ip-172-31-10-147 kubelet[13623]: E0923 21:37:37.946612   13623 kubelet.go:3516] "Unable to register mirror pod because node is not registered yet" err="node \"ip-172-31-10-147\" not found" node="ip-172-31-10-147"
Sep 23 21:37:38 ip-172-31-10-147 kubelet[13623]: E0923 21:37:38.046589   13623 kubelet.go:3516] "Unable to register mirror pod because node is not registered yet" err="node \"ip-172-31-10-147\" not found" node="ip-172-31-10-147"
Sep 23 21:37:38 ip-172-31-10-147 kubelet[13623]: E0923 21:37:38.146890   13623 kubelet.go:3516] "Unable to register mirror pod because node is not registered yet" err="node \"ip-172-31-10-147\" not found" node="ip-172-31-10-147"
Sep 23 21:37:38 ip-172-31-10-147 kubelet[13623]: E0923 21:37:38.247530   13623 kubelet.go:3516] "Unable to register mirror pod because node is not registered yet" err="node \"ip-172-31-10-147\" not found" node="ip-172-31-10-147"
Sep 23 21:37:38 ip-172-31-10-147 kubelet[13623]: E0923 21:37:38.347203   13623 kubelet.go:3516] "Unable to register mirror pod because node is not registered yet" err="node \"ip-172-31-10-147\" not found" node="ip-172-31-10-147"
Sep 23 21:37:38 ip-172-31-10-147 kubelet[13623]: E0923 21:37:38.447659   13623 kubelet.go:3516] "Unable to register mirror pod because node is not registered yet" err="node \"ip-172-31-10-147\" not found" node="ip-172-31-10-147"
Sep 23 21:37:38 ip-172-31-10-147 kubelet[13623]: E0923 21:37:38.547309   13623 kubelet.go:3516] "Unable to register mirror pod because node is not registered yet" err="node \"ip-172-31-10-147\" not found" node="ip-172-31-10-147"
Sep 23 21:37:38 ip-172-31-10-147 kubelet[13623]: E0923 21:37:38.647118   13623 kubelet.go:3516] "Unable to register mirror pod because node is not registered yet" err="node \"ip-172-31-10-147\" not found" node="ip-172-31-10-147"
Sep 23 21:37:38 ip-172-31-10-147 kubelet[13623]: E0923 21:37:38.746735   13623 kubelet.go:3516] "Unable to register mirror pod because node is not registered yet" err="node \"ip-172-31-10-147\" not found" node="ip-172-31-10-147"
Sep 23 21:37:38 ip-172-31-10-147 kubelet[13623]: E0923 21:37:38.847400   13623 kubelet.go:3516] "Unable to register mirror pod because node is not registered yet" err="node \"ip-172-31-10-147\" not found" node="ip-172-31-10-147"
Sep 23 21:37:38 ip-172-31-10-147 kubelet[13623]: E0923 21:37:38.947424   13623 kubelet.go:3516] "Unable to register mirror pod because node is not registered yet" err="node \"ip-172-31-10-147\" not found" node="ip-172-31-10-147"
Sep 23 21:37:39 ip-172-31-10-147 kubelet[13623]: E0923 21:37:39.047349   13623 kubelet.go:3516] "Unable to register mirror pod because node is not registered yet" err="node \"ip-172-31-10-147\" not found" node="ip-172-31-10-147"
Sep 23 21:37:39 ip-172-31-10-147 kubelet[13623]: E0923 21:37:39.146656   13623 kubelet.go:3516] "Unable to register mirror pod because node is not registered yet" err="node \"ip-172-31-10-147\" not found" node="ip-172-31-10-147"
Sep 23 21:37:39 ip-172-31-10-147 kubelet[13623]: E0923 21:37:39.247329   13623 kubelet.go:3516] "Unable to register mirror pod because node is not registered yet" err="node \"ip-172-31-10-147\" not found" node="ip-172-31-10-147"
Sep 23 21:37:39 ip-172-31-10-147 kubelet[13623]: E0923 21:37:39.346974   13623 kubelet.go:3516] "Unable to register mirror pod because node is not registered yet" err="node \"ip-172-31-10-147\" not found" node="ip-172-31-10-147"
Sep 23 21:37:39 ip-172-31-10-147 kubelet[13623]: E0923 21:37:39.446548   13623 kubelet.go:3516] "Unable to register mirror pod because node is not registered yet" err="node \"ip-172-31-10-147\" not found" node="ip-172-31-10-147"
Sep 23 21:37:39 ip-172-31-10-147 kubelet[13623]: E0923 21:37:39.547204   13623 kubelet.go:3516] "Unable to register mirror pod because node is not registered yet" err="node \"ip-172-31-10-147\" not found" node="ip-172-31-10-147"
Sep 23 21:37:39 ip-172-31-10-147 kubelet[13623]: E0923 21:37:39.647305   13623 kubelet.go:3516] "Unable to register mirror pod because node is not registered yet" err="node \"ip-172-31-10-147\" not found" node="ip-172-31-10-147"
Sep 23 21:37:39 ip-172-31-10-147 kubelet[13623]: E0923 21:37:39.747549   13623 kubelet.go:3516] "Unable to register mirror pod because node is not registered yet" err="node \"ip-172-31-10-147\" not found" node="ip-172-31-10-147"
Sep 23 21:37:39 ip-172-31-10-147 kubelet[13623]: E0923 21:37:39.847171   13623 kubelet.go:3516] "Unable to register mirror pod because node is not registered yet" err="node \"ip-172-31-10-147\" not found" node="ip-172-31-10-147"
Sep 23 21:37:39 ip-172-31-10-147 kubelet[13623]: E0923 21:37:39.946606   13623 kubelet.go:3516] "Unable to register mirror pod because node is not registered yet" err="node \"ip-172-31-10-147\" not found" node="ip-172-31-10-147"
Sep 23 21:37:40 ip-172-31-10-147 kubelet[13623]: E0923 21:37:40.047045   13623 kubelet.go:3516] "Unable to register mirror pod because node is not registered yet" err="node \"ip-172-31-10-147\" not found" node="ip-172-31-10-147"
Sep 23 21:37:40 ip-172-31-10-147 kubelet[13623]: E0923 21:37:40.147391   13623 kubelet.go:3516] "Unable to register mirror pod because node is not registered yet" err="node \"ip-172-31-10-147\" not found" node="ip-172-31-10-147"
Sep 23 21:37:40 ip-172-31-10-147 kubelet[13623]: E0923 21:37:40.247065   13623 kubelet.go:3516] "Unable to register mirror pod because node is not registered yet" err="node \"ip-172-31-10-147\" not found" node="ip-172-31-10-147"
Sep 23 21:37:40 ip-172-31-10-147 kubelet[13623]: E0923 21:37:40.346586   13623 kubelet.go:3516] "Unable to register mirror pod because node is not registered yet" err="node \"ip-172-31-10-147\" not found" node="ip-172-31-10-147"
Sep 23 21:37:40 ip-172-31-10-147 kubelet[13623]: E0923 21:37:40.446776   13623 kubelet.go:3516] "Unable to register mirror pod because node is not registered yet" err="node \"ip-172-31-10-147\" not found" node="ip-172-31-10-147"
Sep 23 21:37:40 ip-172-31-10-147 kubelet[13623]: E0923 21:37:40.547496   13623 kubelet.go:3516] "Unable to register mirror pod because node is not registered yet" err="node \"ip-172-31-10-147\" not found" node="ip-172-31-10-147"
Sep 23 21:37:40 ip-172-31-10-147 kubelet[13623]: E0923 21:37:40.646576   13623 kubelet.go:3516] "Unable to register mirror pod because node is not registered yet" err="node \"ip-172-31-10-147\" not found" node="ip-172-31-10-147"
Sep 23 21:37:40 ip-172-31-10-147 kubelet[13623]: E0923 21:37:40.747538   13623 kubelet.go:3516] "Unable to register mirror pod because node is not registered yet" err="node \"ip-172-31-10-147\" not found" node="ip-172-31-10-147"
Sep 23 21:37:40 ip-172-31-10-147 kubelet[13623]: E0923 21:37:40.847122   13623 kubelet.go:3516] "Unable to register mirror pod because node is not registered yet" err="node \"ip-172-31-10-147\" not found" node="ip-172-31-10-147"
Sep 23 21:37:40 ip-172-31-10-147 kubelet[13623]: E0923 21:37:40.947539   13623 kubelet.go:3516] "Unable to register mirror pod because node is not registered yet" err="node \"ip-172-31-10-147\" not found" node="ip-172-31-10-147"
Sep 23 21:37:41 ip-172-31-10-147 kubelet[13623]: E0923 21:37:41.046703   13623 kubelet.go:3516] "Unable to register mirror pod because node is not registered yet" err="node \"ip-172-31-10-147\" not found" node="ip-172-31-10-147"
Sep 23 21:37:41 ip-172-31-10-147 kubelet[13623]: E0923 21:37:41.147520   13623 kubelet.go:3516] "Unable to register mirror pod because node is not registered yet" err="node \"ip-172-31-10-147\" not found" node="ip-172-31-10-147"
Sep 23 21:37:41 ip-172-31-10-147 kubelet[13623]: E0923 21:37:41.247505   13623 kubelet.go:3516] "Unable to register mirror pod because node is not registered yet" err="node \"ip-172-31-10-147\" not found" node="ip-172-31-10-147"
Sep 23 21:37:41 ip-172-31-10-147 kubelet[13623]: E0923 21:37:41.347080   13623 kubelet.go:3516] "Unable to register mirror pod because node is not registered yet" err="node \"ip-172-31-10-147\" not found" node="ip-172-31-10-147"
Sep 23 21:37:41 ip-172-31-10-147 kubelet[13623]: E0923 21:37:41.446774   13623 kubelet.go:3516] "Unable to register mirror pod because node is not registered yet" err="node \"ip-172-31-10-147\" not found" node="ip-172-31-10-147"
Sep 23 21:37:41 ip-172-31-10-147 kubelet[13623]: E0923 21:37:41.546721   13623 kubelet.go:3516] "Unable to register mirror pod because node is not registered yet" err="node \"ip-172-31-10-147\" not found" node="ip-172-31-10-147"
Sep 23 21:37:41 ip-172-31-10-147 kubelet[13623]: E0923 21:37:41.646535   13623 kubelet.go:3516] "Unable to register mirror pod because node is not registered yet" err="node \"ip-172-31-10-147\" not found" node="ip-172-31-10-147"
Sep 23 21:37:41 ip-172-31-10-147 kubelet[13623]: E0923 21:37:41.747218   13623 kubelet.go:3516] "Unable to register mirror pod because node is not registered yet" err="node \"ip-172-31-10-147\" not found" node="ip-172-31-10-147"
Sep 23 21:37:41 ip-172-31-10-147 kubelet[13623]: E0923 21:37:41.846974   13623 kubelet.go:3516] "Unable to register mirror pod because node is not registered yet" err="node \"ip-172-31-10-147\" not found" node="ip-172-31-10-147"
Sep 23 21:37:41 ip-172-31-10-147 kubelet[13623]: E0923 21:37:41.946565   13623 kubelet.go:3516] "Unable to register mirror pod because node is not registered yet" err="node \"ip-172-31-10-147\" not found" node="ip-172-31-10-147"
Sep 23 21:37:42 ip-172-31-10-147 kubelet[13623]: E0923 21:37:42.047362   13623 kubelet.go:3516] "Unable to register mirror pod because node is not registered yet" err="node \"ip-172-31-10-147\" not found" node="ip-172-31-10-147"
Sep 23 21:37:42 ip-172-31-10-147 kubelet[13623]: E0923 21:37:42.147052   13623 kubelet.go:3516] "Unable to register mirror pod because node is not registered yet" err="node \"ip-172-31-10-147\" not found" node="ip-172-31-10-147"
Sep 23 21:37:42 ip-172-31-10-147 kubelet[13623]: E0923 21:37:42.246586   13623 kubelet.go:3516] "Unable to register mirror pod because node is not registered yet" err="node \"ip-172-31-10-147\" not found" node="ip-172-31-10-147"
Sep 23 21:37:42 ip-172-31-10-147 kubelet[13623]: E0923 21:37:42.347195   13623 kubelet.go:3516] "Unable to register mirror pod because node is not registered yet" err="node \"ip-172-31-10-147\" not found" node="ip-172-31-10-147"
Sep 23 21:37:42 ip-172-31-10-147 kubelet[13623]: E0923 21:37:42.447508   13623 kubelet.go:3516] "Unable to register mirror pod because node is not registered yet" err="node \"ip-172-31-10-147\" not found" node="ip-172-31-10-147"
Sep 23 21:37:42 ip-172-31-10-147 kubelet[13623]: E0923 21:37:42.547077   13623 kubelet.go:3516] "Unable to register mirror pod because node is not registered yet" err="node \"ip-172-31-10-147\" not found" node="ip-172-31-10-147"
Sep 23 21:37:42 ip-172-31-10-147 kubelet[13623]: E0923 21:37:42.646872   13623 kubelet.go:3516] "Unable to register mirror pod because node is not registered yet" err="node \"ip-172-31-10-147\" not found" node="ip-172-31-10-147"
Sep 23 21:37:42 ip-172-31-10-147 kubelet[13623]: E0923 21:37:42.747158   13623 kubelet.go:3516] "Unable to register mirror pod because node is not registered yet" err="node \"ip-172-31-10-147\" not found" node="ip-172-31-10-147"
Sep 23 21:37:42 ip-172-31-10-147 kubelet[13623]: E0923 21:37:42.846549   13623 kubelet.go:3516] "Unable to register mirror pod because node is not registered yet" err="node \"ip-172-31-10-147\" not found" node="ip-172-31-10-147"
Sep 23 21:37:42 ip-172-31-10-147 kubelet[13623]: E0923 21:37:42.947058   13623 kubelet.go:3516] "Unable to register mirror pod because node is not registered yet" err="node \"ip-172-31-10-147\" not found" node="ip-172-31-10-147"
Sep 23 21:37:43 ip-172-31-10-147 kubelet[13623]: E0923 21:37:43.046875   13623 kubelet.go:3516] "Unable to register mirror pod because node is not registered yet" err="node \"ip-172-31-10-147\" not found" node="ip-172-31-10-147"
Sep 23 21:37:43 ip-172-31-10-147 kubelet[13623]: E0923 21:37:43.147176   13623 kubelet.go:3516] "Unable to register mirror pod because node is not registered yet" err="node \"ip-172-31-10-147\" not found" node="ip-172-31-10-147"
Sep 23 21:37:43 ip-172-31-10-147 kubelet[13623]: E0923 21:37:43.247033   13623 kubelet.go:3516] "Unable to register mirror pod because node is not registered yet" err="node \"ip-172-31-10-147\" not found" node="ip-172-31-10-147"
Sep 23 21:37:43 ip-172-31-10-147 kubelet[13623]: E0923 21:37:43.346608   13623 kubelet.go:3516] "Unable to register mirror pod because node is not registered yet" err="node \"ip-172-31-10-147\" not found" node="ip-172-31-10-147"
Sep 23 21:37:43 ip-172-31-10-147 kubelet[13623]: E0923 21:37:43.447193   13623 kubelet.go:3516] "Unable to register mirror pod because node is not registered yet" err="node \"ip-172-31-10-147\" not found" node="ip-172-31-10-147"
Sep 23 21:37:43 ip-172-31-10-147 kubelet[13623]: E0923 21:37:43.546769   13623 kubelet.go:3516] "Unable to register mirror pod because node is not registered yet" err="node \"ip-172-31-10-147\" not found" node="ip-172-31-10-147"
Sep 23 21:37:43 ip-172-31-10-147 kubelet[13623]: E0923 21:37:43.647171   13623 kubelet.go:3516] "Unable to register mirror pod because node is not registered yet" err="node \"ip-172-31-10-147\" not found" node="ip-172-31-10-147"
Sep 23 21:37:43 ip-172-31-10-147 kubelet[13623]: E0923 21:37:43.747287   13623 kubelet.go:3516] "Unable to register mirror pod because node is not registered yet" err="node \"ip-172-31-10-147\" not found" node="ip-172-31-10-147"
Sep 23 21:37:43 ip-172-31-10-147 kubelet[13623]: E0923 21:37:43.846970   13623 kubelet.go:3516] "Unable to register mirror pod because node is not registered yet" err="node \"ip-172-31-10-147\" not found" node="ip-172-31-10-147"
Sep 23 21:37:43 ip-172-31-10-147 kubelet[13623]: E0923 21:37:43.946886   13623 kubelet.go:3516] "Unable to register mirror pod because node is not registered yet" err="node \"ip-172-31-10-147\" not found" node="ip-172-31-10-147"
Sep 23 21:37:44 ip-172-31-10-147 kubelet[13623]: E0923 21:37:44.046904   13623 kubelet.go:3516] "Unable to register mirror pod because node is not registered yet" err="node \"ip-172-31-10-147\" not found" node="ip-172-31-10-147"
Sep 23 21:37:44 ip-172-31-10-147 kubelet[13623]: E0923 21:37:44.146799   13623 kubelet.go:3516] "Unable to register mirror pod because node is not registered yet" err="node \"ip-172-31-10-147\" not found" node="ip-172-31-10-147"
Sep 23 21:37:44 ip-172-31-10-147 kubelet[13623]: E0923 21:37:44.246677   13623 kubelet.go:3516] "Unable to register mirror pod because node is not registered yet" err="node \"ip-172-31-10-147\" not found" node="ip-172-31-10-147"
Sep 23 21:37:44 ip-172-31-10-147 kubelet[13623]: E0923 21:37:44.347496   13623 kubelet.go:3516] "Unable to register mirror pod because node is not registered yet" err="node \"ip-172-31-10-147\" not found" node="ip-172-31-10-147"
Sep 23 21:37:44 ip-172-31-10-147 kubelet[13623]: E0923 21:37:44.446985   13623 kubelet.go:3516] "Unable to register mirror pod because node is not registered yet" err="node \"ip-172-31-10-147\" not found" node="ip-172-31-10-147"
Sep 23 21:37:44 ip-172-31-10-147 kubelet[13623]: E0923 21:37:44.547540   13623 kubelet.go:3516] "Unable to register mirror pod because node is not registered yet" err="node \"ip-172-31-10-147\" not found" node="ip-172-31-10-147"
Sep 23 21:37:44 ip-172-31-10-147 kubelet[13623]: E0923 21:37:44.647546   13623 kubelet.go:3516] "Unable to register mirror pod because node is not registered yet" err="node \"ip-172-31-10-147\" not found" node="ip-172-31-10-147"
Sep 23 21:37:44 ip-172-31-10-147 kubelet[13623]: E0923 21:37:44.747201   13623 kubelet.go:3516] "Unable to register mirror pod because node is not registered yet" err="node \"ip-172-31-10-147\" not found" node="ip-172-31-10-147"
Sep 23 21:37:44 ip-172-31-10-147 kubelet[13623]: E0923 21:37:44.846542   13623 kubelet.go:3516] "Unable to register mirror pod because node is not registered yet" err="node \"ip-172-31-10-147\" not found" node="ip-172-31-10-147"
Sep 23 21:37:44 ip-172-31-10-147 kubelet[13623]: E0923 21:37:44.947227   13623 kubelet.go:3516] "Unable to register mirror pod because node is not registered yet" err="node \"ip-172-31-10-147\" not found" node="ip-172-31-10-147"
Sep 23 21:37:45 ip-172-31-10-147 kubelet[13623]: E0923 21:37:45.047439   13623 kubelet.go:3516] "Unable to register mirror pod because node is not registered yet" err="node \"ip-172-31-10-147\" not found" node="ip-172-31-10-147"
Sep 23 21:37:45 ip-172-31-10-147 kubelet[13623]: E0923 21:37:45.147353   13623 kubelet.go:3516] "Unable to register mirror pod because node is not registered yet" err="node \"ip-172-31-10-147\" not found" node="ip-172-31-10-147"
Sep 23 21:37:45 ip-172-31-10-147 kubelet[13623]: E0923 21:37:45.246980   13623 kubelet.go:3516] "Unable to register mirror pod because node is not registered yet" err="node \"ip-172-31-10-147\" not found" node="ip-172-31-10-147"
Sep 23 21:37:45 ip-172-31-10-147 kubelet[13623]: E0923 21:37:45.346539   13623 kubelet.go:3516] "Unable to register mirror pod because node is not registered yet" err="node \"ip-172-31-10-147\" not found" node="ip-172-31-10-147"
Sep 23 21:37:45 ip-172-31-10-147 kubelet[13623]: E0923 21:37:45.447548   13623 kubelet.go:3516] "Unable to register mirror pod because node is not registered yet" err="node \"ip-172-31-10-147\" not found" node="ip-172-31-10-147"
Sep 23 21:37:45 ip-172-31-10-147 kubelet[13623]: E0923 21:37:45.547410   13623 kubelet.go:3516] "Unable to register mirror pod because node is not registered yet" err="node \"ip-172-31-10-147\" not found" node="ip-172-31-10-147"
Sep 23 21:37:45 ip-172-31-10-147 kubelet[13623]: E0923 21:37:45.647408   13623 kubelet.go:3516] "Unable to register mirror pod because node is not registered yet" err="node \"ip-172-31-10-147\" not found" node="ip-172-31-10-147"
Sep 23 21:37:45 ip-172-31-10-147 kubelet[13623]: E0923 21:37:45.746741   13623 kubelet.go:3516] "Unable to register mirror pod because node is not registered yet" err="node \"ip-172-31-10-147\" not found" node="ip-172-31-10-147"
Sep 23 21:37:45 ip-172-31-10-147 kubelet[13623]: E0923 21:37:45.847387   13623 kubelet.go:3516] "Unable to register mirror pod because node is not registered yet" err="node \"ip-172-31-10-147\" not found" node="ip-172-31-10-147"
Sep 23 21:37:45 ip-172-31-10-147 kubelet[13623]: E0923 21:37:45.947048   13623 kubelet.go:3516] "Unable to register mirror pod because node is not registered yet" err="node \"ip-172-31-10-147\" not found" node="ip-172-31-10-147"
Sep 23 21:37:46 ip-172-31-10-147 kubelet[13623]: E0923 21:37:46.047224   13623 kubelet.go:3516] "Unable to register mirror pod because node is not registered yet" err="node \"ip-172-31-10-147\" not found" node="ip-172-31-10-147"
Sep 23 21:37:46 ip-172-31-10-147 kubelet[13623]: E0923 21:37:46.147501   13623 kubelet.go:3516] "Unable to register mirror pod because node is not registered yet" err="node \"ip-172-31-10-147\" not found" node="ip-172-31-10-147"
Sep 23 21:37:46 ip-172-31-10-147 kubelet[13623]: E0923 21:37:46.247561   13623 kubelet.go:3516] "Unable to register mirror pod because node is not registered yet" err="node \"ip-172-31-10-147\" not found" node="ip-172-31-10-147"
Sep 23 21:37:46 ip-172-31-10-147 kubelet[13623]: E0923 21:37:46.258800   13623 controller.go:201] "Failed to ensure lease exists, will retry" err="the server was unable to return a response in the time allotted, but may still be processing the request (get leases.coordination.k8s.io ip-172-31-10-147)" interval="7s"
Sep 23 21:37:46 ip-172-31-10-147 kubelet[13623]: E0923 21:37:46.347313   13623 kubelet.go:3516] "Unable to register mirror pod because node is not registered yet" err="node \"ip-172-31-10-147\" not found" node="ip-172-31-10-147"
Sep 23 21:37:46 ip-172-31-10-147 kubelet[13623]: E0923 21:37:46.446977   13623 kubelet.go:3516] "Unable to register mirror pod because node is not registered yet" err="node \"ip-172-31-10-147\" not found" node="ip-172-31-10-147"
Sep 23 21:37:46 ip-172-31-10-147 kubelet[13623]: E0923 21:37:46.546552   13623 kubelet.go:3516] "Unable to register mirror pod because node is not registered yet" err="node \"ip-172-31-10-147\" not found" node="ip-172-31-10-147"
Sep 23 21:37:46 ip-172-31-10-147 kubelet[13623]: E0923 21:37:46.646831   13623 kubelet.go:3516] "Unable to register mirror pod because node is not registered yet" err="node \"ip-172-31-10-147\" not found" node="ip-172-31-10-147"
Sep 23 21:37:46 ip-172-31-10-147 kubelet[13623]: E0923 21:37:46.747517   13623 kubelet.go:3516] "Unable to register mirror pod because node is not registered yet" err="node \"ip-172-31-10-147\" not found" node="ip-172-31-10-147"
Sep 23 21:37:46 ip-172-31-10-147 kubelet[13623]: E0923 21:37:46.847017   13623 kubelet.go:3516] "Unable to register mirror pod because node is not registered yet" err="node \"ip-172-31-10-147\" not found" node="ip-172-31-10-147"
Sep 23 21:37:46 ip-172-31-10-147 kubelet[13623]: E0923 21:37:46.921749   13623 eviction_manager.go:297] "Eviction manager: failed to get summary stats" err="failed to get node info: node \"ip-172-31-10-147\" not found"
Sep 23 21:37:46 ip-172-31-10-147 kubelet[13623]: E0923 21:37:46.947498   13623 kubelet.go:3516] "Unable to register mirror pod because node is not registered yet" err="node \"ip-172-31-10-147\" not found" node="ip-172-31-10-147"
Sep 23 21:37:47 ip-172-31-10-147 kubelet[13623]: E0923 21:37:47.047306   13623 kubelet.go:3516] "Unable to register mirror pod because node is not registered yet" err="node \"ip-172-31-10-147\" not found" node="ip-172-31-10-147"
Sep 23 21:37:47 ip-172-31-10-147 kubelet[13623]: E0923 21:37:47.147404   13623 kubelet.go:3516] "Unable to register mirror pod because node is not registered yet" err="node \"ip-172-31-10-147\" not found" node="ip-172-31-10-147"
Sep 23 21:37:47 ip-172-31-10-147 kubelet[13623]: E0923 21:37:47.247253   13623 kubelet.go:3516] "Unable to register mirror pod because node is not registered yet" err="node \"ip-172-31-10-147\" not found" node="ip-172-31-10-147"
Sep 23 21:37:47 ip-172-31-10-147 kubelet[13623]: E0923 21:37:47.346853   13623 kubelet.go:3516] "Unable to register mirror pod because node is not registered yet" err="node \"ip-172-31-10-147\" not found" node="ip-172-31-10-147"
Sep 23 21:37:47 ip-172-31-10-147 kubelet[13623]: E0923 21:37:47.447429   13623 kubelet.go:3516] "Unable to register mirror pod because node is not registered yet" err="node \"ip-172-31-10-147\" not found" node="ip-172-31-10-147"
Sep 23 21:37:47 ip-172-31-10-147 kubelet[13623]: E0923 21:37:47.547001   13623 kubelet.go:3516] "Unable to register mirror pod because node is not registered yet" err="node \"ip-172-31-10-147\" not found" node="ip-172-31-10-147"
Sep 23 21:37:47 ip-172-31-10-147 kubelet[13623]: E0923 21:37:47.647388   13623 kubelet.go:3516] "Unable to register mirror pod because node is not registered yet" err="node \"ip-172-31-10-147\" not found" node="ip-172-31-10-147"
Sep 23 21:37:47 ip-172-31-10-147 kubelet[13623]: E0923 21:37:47.747227   13623 kubelet.go:3516] "Unable to register mirror pod because node is not registered yet" err="node \"ip-172-31-10-147\" not found" node="ip-172-31-10-147"
Sep 23 21:37:47 ip-172-31-10-147 kubelet[13623]: E0923 21:37:47.846584   13623 kubelet.go:3516] "Unable to register mirror pod because node is not registered yet" err="node \"ip-172-31-10-147\" not found" node="ip-172-31-10-147"
Sep 23 21:37:47 ip-172-31-10-147 kubelet[13623]: E0923 21:37:47.947143   13623 kubelet.go:3516] "Unable to register mirror pod because node is not registered yet" err="node \"ip-172-31-10-147\" not found" node="ip-172-31-10-147"
Sep 23 21:37:48 ip-172-31-10-147 kubelet[13623]: E0923 21:37:48.046991   13623 kubelet.go:3516] "Unable to register mirror pod because node is not registered yet" err="node \"ip-172-31-10-147\" not found" node="ip-172-31-10-147"
Sep 23 21:37:48 ip-172-31-10-147 kubelet[13623]: E0923 21:37:48.147129   13623 kubelet.go:3516] "Unable to register mirror pod because node is not registered yet" err="node \"ip-172-31-10-147\" not found" node="ip-172-31-10-147"
Sep 23 21:37:48 ip-172-31-10-147 kubelet[13623]: E0923 21:37:48.246733   13623 kubelet.go:3516] "Unable to register mirror pod because node is not registered yet" err="node \"ip-172-31-10-147\" not found" node="ip-172-31-10-147"
Sep 23 21:37:48 ip-172-31-10-147 kubelet[13623]: E0923 21:37:48.347489   13623 kubelet.go:3516] "Unable to register mirror pod because node is not registered yet" err="node \"ip-172-31-10-147\" not found" node="ip-172-31-10-147"
Sep 23 21:37:48 ip-172-31-10-147 kubelet[13623]: E0923 21:37:48.446947   13623 kubelet.go:3516] "Unable to register mirror pod because node is not registered yet" err="node \"ip-172-31-10-147\" not found" node="ip-172-31-10-147"
Sep 23 21:37:48 ip-172-31-10-147 kubelet[13623]: E0923 21:37:48.546578   13623 kubelet.go:3516] "Unable to register mirror pod because node is not registered yet" err="node \"ip-172-31-10-147\" not found" node="ip-172-31-10-147"
Sep 23 21:37:48 ip-172-31-10-147 kubelet[13623]: E0923 21:37:48.647520   13623 kubelet.go:3516] "Unable to register mirror pod because node is not registered yet" err="node \"ip-172-31-10-147\" not found" node="ip-172-31-10-147"
Sep 23 21:37:48 ip-172-31-10-147 kubelet[13623]: E0923 21:37:48.708102   13623 event.go:359] "Server rejected event (will not retry!)" err="Timeout: request did not complete within requested timeout - context deadline exceeded" event="&Event{ObjectMeta:{ip-172-31-10-147.18d810d6dcb6a1b0  default    0 0001-01-01 00:00:00 +0000 UTC <nil> <nil> map[] map[] [] [] []},InvolvedObject:ObjectReference{Kind:Node,Namespace:,Name:ip-172-31-10-147,UID:,APIVersion:v1,ResourceVersion:,FieldPath:,},Reason:NodeHasNoDiskPressure,Message:Node ip-172-31-10-147 status is now: NodeHasNoDiskPressure,Source:EventSource{Component:kubelet,Host:ip-172-31-10-147,},FirstTimestamp:2026-09-23 21:36:06.891774384 +0000 UTC m=+0.412343589,LastTimestamp:2026-09-23 21:36:06.891774384 +0000 UTC m=+0.412343589,Count:1,Type:Normal,EventTime:0001-01-01 00:00:00 +0000 UTC,Series:nil,Action:,Related:nil,ReportingController:kubelet,ReportingInstance:ip-172-31-10-147,}"
Sep 23 21:37:48 ip-172-31-10-147 kubelet[13623]: E0923 21:37:48.746786   13623 kubelet.go:3516] "Unable to register mirror pod because node is not registered yet" err="node \"ip-172-31-10-147\" not found" node="ip-172-31-10-147"
Sep 23 21:37:48 ip-172-31-10-147 kubelet[13623]: E0923 21:37:48.847643   13623 kubelet.go:3516] "Unable to register mirror pod because node is not registered yet" err="node \"ip-172-31-10-147\" not found" node="ip-172-31-10-147"
Sep 23 21:37:48 ip-172-31-10-147 kubelet[13623]: E0923 21:37:48.947639   13623 kubelet.go:3516] "Unable to register mirror pod because node is not registered yet" err="node \"ip-172-31-10-147\" not found" node="ip-172-31-10-147"
Sep 23 21:37:49 ip-172-31-10-147 kubelet[13623]: E0923 21:37:49.046784   13623 kubelet.go:3516] "Unable to register mirror pod because node is not registered yet" err="node \"ip-172-31-10-147\" not found" node="ip-172-31-10-147"
Sep 23 21:37:49 ip-172-31-10-147 kubelet[13623]: E0923 21:37:49.146886   13623 kubelet.go:3516] "Unable to register mirror pod because node is not registered yet" err="node \"ip-172-31-10-147\" not found" node="ip-172-31-10-147"
Sep 23 21:37:49 ip-172-31-10-147 kubelet[13623]: E0923 21:37:49.247560   13623 kubelet.go:3516] "Unable to register mirror pod because node is not registered yet" err="node \"ip-172-31-10-147\" not found" node="ip-172-31-10-147"
Sep 23 21:37:49 ip-172-31-10-147 kubelet[13623]: E0923 21:37:49.347112   13623 kubelet.go:3516] "Unable to register mirror pod because node is not registered yet" err="node \"ip-172-31-10-147\" not found" node="ip-172-31-10-147"
Sep 23 21:37:49 ip-172-31-10-147 kubelet[13623]: E0923 21:37:49.446548   13623 kubelet.go:3516] "Unable to register mirror pod because node is not registered yet" err="node \"ip-172-31-10-147\" not found" node="ip-172-31-10-147"
Sep 23 21:37:49 ip-172-31-10-147 kubelet[13623]: E0923 21:37:49.547027   13623 kubelet.go:3516] "Unable to register mirror pod because node is not registered yet" err="node \"ip-172-31-10-147\" not found" node="ip-172-31-10-147"
Sep 23 21:37:49 ip-172-31-10-147 kubelet[13623]: E0923 21:37:49.629652   13623 kubelet_node_status.go:108] "Unable to register node with API server" err="Timeout: request did not complete within requested timeout - context deadline exceeded" node="ip-172-31-10-147"
Sep 23 21:37:49 ip-172-31-10-147 kubelet[13623]: E0923 21:37:49.647528   13623 kubelet.go:3516] "Unable to register mirror pod because node is not registered yet" err="node \"ip-172-31-10-147\" not found" node="ip-172-31-10-147"
Sep 23 21:37:49 ip-172-31-10-147 kubelet[13623]: E0923 21:37:49.746687   13623 kubelet.go:3516] "Unable to register mirror pod because node is not registered yet" err="node \"ip-172-31-10-147\" not found" node="ip-172-31-10-147"
Sep 23 21:37:49 ip-172-31-10-147 kubelet[13623]: E0923 21:37:49.847617   13623 kubelet.go:3516] "Unable to register mirror pod because node is not registered yet" err="node \"ip-172-31-10-147\" not found" node="ip-172-31-10-147"
Sep 23 21:37:49 ip-172-31-10-147 kubelet[13623]: E0923 21:37:49.947279   13623 kubelet.go:3516] "Unable to register mirror pod because node is not registered yet" err="node \"ip-172-31-10-147\" not found" node="ip-172-31-10-147"
Sep 23 21:37:50 ip-172-31-10-147 kubelet[13623]: E0923 21:37:50.047343   13623 kubelet.go:3516] "Unable to register mirror pod because node is not registered yet" err="node \"ip-172-31-10-147\" not found" node="ip-172-31-10-147"
Sep 23 21:37:50 ip-172-31-10-147 kubelet[13623]: E0923 21:37:50.146775   13623 kubelet.go:3516] "Unable to register mirror pod because node is not registered yet" err="node \"ip-172-31-10-147\" not found" node="ip-172-31-10-147"
Sep 23 21:37:50 ip-172-31-10-147 kubelet[13623]: E0923 21:37:50.247367   13623 kubelet.go:3516] "Unable to register mirror pod because node is not registered yet" err="node \"ip-172-31-10-147\" not found" node="ip-172-31-10-147"
Sep 23 21:37:50 ip-172-31-10-147 kubelet[13623]: E0923 21:37:50.346980   13623 kubelet.go:3516] "Unable to register mirror pod because node is not registered yet" err="node \"ip-172-31-10-147\" not found" node="ip-172-31-10-147"
Sep 23 21:37:50 ip-172-31-10-147 kubelet[13623]: I0923 21:37:50.434210   13623 kubelet_node_status.go:75] "Attempting to register node" node="ip-172-31-10-147"
Sep 23 21:37:50 ip-172-31-10-147 kubelet[13623]: E0923 21:37:50.446769   13623 kubelet.go:3516] "Unable to register mirror pod because node is not registered yet" err="node \"ip-172-31-10-147\" not found" node="ip-172-31-10-147"
Sep 23 21:37:50 ip-172-31-10-147 kubelet[13623]: E0923 21:37:50.547508   13623 kubelet.go:3516] "Unable to register mirror pod because node is not registered yet" err="node \"ip-172-31-10-147\" not found" node="ip-172-31-10-147"
Sep 23 21:37:50 ip-172-31-10-147 kubelet[13623]: E0923 21:37:50.647345   13623 kubelet.go:3516] "Unable to register mirror pod because node is not registered yet" err="node \"ip-172-31-10-147\" not found" node="ip-172-31-10-147"
Sep 23 21:37:50 ip-172-31-10-147 kubelet[13623]: E0923 21:37:50.746576   13623 kubelet.go:3516] "Unable to register mirror pod because node is not registered yet" err="node \"ip-172-31-10-147\" not found" node="ip-172-31-10-147"
Sep 23 21:37:50 ip-172-31-10-147 kubelet[13623]: E0923 21:37:50.847439   13623 kubelet.go:3516] "Unable to register mirror pod because node is not registered yet" err="node \"ip-172-31-10-147\" not found" node="ip-172-31-10-147"
Sep 23 21:37:50 ip-172-31-10-147 kubelet[13623]: E0923 21:37:50.947097   13623 kubelet.go:3516] "Unable to register mirror pod because node is not registered yet" err="node \"ip-172-31-10-147\" not found" node="ip-172-31-10-147"
Sep 23 21:37:51 ip-172-31-10-147 kubelet[13623]: E0923 21:37:51.046839   13623 kubelet.go:3516] "Unable to register mirror pod because node is not registered yet" err="node \"ip-172-31-10-147\" not found" node="ip-172-31-10-147"
Sep 23 21:37:51 ip-172-31-10-147 kubelet[13623]: E0923 21:37:51.147012   13623 kubelet.go:3516] "Unable to register mirror pod because node is not registered yet" err="node \"ip-172-31-10-147\" not found" node="ip-172-31-10-147"
Sep 23 21:37:51 ip-172-31-10-147 kubelet[13623]: E0923 21:37:51.247550   13623 kubelet.go:3516] "Unable to register mirror pod because node is not registered yet" err="node \"ip-172-31-10-147\" not found" node="ip-172-31-10-147"
Sep 23 21:37:51 ip-172-31-10-147 kubelet[13623]: E0923 21:37:51.347148   13623 kubelet.go:3516] "Unable to register mirror pod because node is not registered yet" err="node \"ip-172-31-10-147\" not found" node="ip-172-31-10-147"
Sep 23 21:37:51 ip-172-31-10-147 kubelet[13623]: E0923 21:37:51.446755   13623 kubelet.go:3516] "Unable to register mirror pod because node is not registered yet" err="node \"ip-172-31-10-147\" not found" node="ip-172-31-10-147"
Sep 23 21:37:51 ip-172-31-10-147 kubelet[13623]: E0923 21:37:51.547395   13623 kubelet.go:3516] "Unable to register mirror pod because node is not registered yet" err="node \"ip-172-31-10-147\" not found" node="ip-172-31-10-147"
Sep 23 21:37:51 ip-172-31-10-147 kubelet[13623]: E0923 21:37:51.646822   13623 kubelet.go:3516] "Unable to register mirror pod because node is not registered yet" err="node \"ip-172-31-10-147\" not found" node="ip-172-31-10-147"
Sep 23 21:37:51 ip-172-31-10-147 kubelet[13623]: E0923 21:37:51.746835   13623 kubelet.go:3516] "Unable to register mirror pod because node is not registered yet" err="node \"ip-172-31-10-147\" not found" node="ip-172-31-10-147"
Sep 23 21:37:51 ip-172-31-10-147 kubelet[13623]: E0923 21:37:51.847728   13623 kubelet.go:3516] "Unable to register mirror pod because node is not registered yet" err="node \"ip-172-31-10-147\" not found" node="ip-172-31-10-147"
Sep 23 21:37:51 ip-172-31-10-147 kubelet[13623]: E0923 21:37:51.947395   13623 kubelet.go:3516] "Unable to register mirror pod because node is not registered yet" err="node \"ip-172-31-10-147\" not found" node="ip-172-31-10-147"
Sep 23 21:37:52 ip-172-31-10-147 kubelet[13623]: E0923 21:37:52.047561   13623 kubelet.go:3516] "Unable to register mirror pod because node is not registered yet" err="node \"ip-172-31-10-147\" not found" node="ip-172-31-10-147"
Sep 23 21:37:52 ip-172-31-10-147 kubelet[13623]: E0923 21:37:52.147545   13623 kubelet.go:3516] "Unable to register mirror pod because node is not registered yet" err="node \"ip-172-31-10-147\" not found" node="ip-172-31-10-147"
Sep 23 21:37:52 ip-172-31-10-147 kubelet[13623]: E0923 21:37:52.247119   13623 kubelet.go:3516] "Unable to register mirror pod because node is not registered yet" err="node \"ip-172-31-10-147\" not found" node="ip-172-31-10-147"
Sep 23 21:37:52 ip-172-31-10-147 kubelet[13623]: E0923 21:37:52.347530   13623 kubelet.go:3516] "Unable to register mirror pod because node is not registered yet" err="node \"ip-172-31-10-147\" not found" node="ip-172-31-10-147"
Sep 23 21:37:52 ip-172-31-10-147 kubelet[13623]: E0923 21:37:52.447575   13623 kubelet.go:3516] "Unable to register mirror pod because node is not registered yet" err="node \"ip-172-31-10-147\" not found" node="ip-172-31-10-147"
Sep 23 21:37:52 ip-172-31-10-147 kubelet[13623]: E0923 21:37:52.547264   13623 kubelet.go:3516] "Unable to register mirror pod because node is not registered yet" err="node \"ip-172-31-10-147\" not found" node="ip-172-31-10-147"
Sep 23 21:37:52 ip-172-31-10-147 kubelet[13623]: E0923 21:37:52.646979   13623 kubelet.go:3516] "Unable to register mirror pod because node is not registered yet" err="node \"ip-172-31-10-147\" not found" node="ip-172-31-10-147"
Sep 23 21:37:52 ip-172-31-10-147 kubelet[13623]: E0923 21:37:52.747510   13623 kubelet.go:3516] "Unable to register mirror pod because node is not registered yet" err="node \"ip-172-31-10-147\" not found" node="ip-172-31-10-147"
Sep 23 21:37:52 ip-172-31-10-147 kubelet[13623]: E0923 21:37:52.847311   13623 kubelet.go:3516] "Unable to register mirror pod because node is not registered yet" err="node \"ip-172-31-10-147\" not found" node="ip-172-31-10-147"
Sep 23 21:37:52 ip-172-31-10-147 kubelet[13623]: E0923 21:37:52.947034   13623 kubelet.go:3516] "Unable to register mirror pod because node is not registered yet" err="node \"ip-172-31-10-147\" not found" node="ip-172-31-10-147"
Sep 23 21:37:53 ip-172-31-10-147 kubelet[13623]: E0923 21:37:53.046840   13623 kubelet.go:3516] "Unable to register mirror pod because node is not registered yet" err="node \"ip-172-31-10-147\" not found" node="ip-172-31-10-147"
Sep 23 21:37:53 ip-172-31-10-147 kubelet[13623]: E0923 21:37:53.147328   13623 kubelet.go:3516] "Unable to register mirror pod because node is not registered yet" err="node \"ip-172-31-10-147\" not found" node="ip-172-31-10-147"
Sep 23 21:37:53 ip-172-31-10-147 kubelet[13623]: E0923 21:37:53.246844   13623 kubelet.go:3516] "Unable to register mirror pod because node is not registered yet" err="node \"ip-172-31-10-147\" not found" node="ip-172-31-10-147"
Sep 23 21:37:53 ip-172-31-10-147 kubelet[13623]: E0923 21:37:53.346607   13623 kubelet.go:3516] "Unable to register mirror pod because node is not registered yet" err="node \"ip-172-31-10-147\" not found" node="ip-172-31-10-147"
Sep 23 21:37:53 ip-172-31-10-147 kubelet[13623]: E0923 21:37:53.447436   13623 kubelet.go:3516] "Unable to register mirror pod because node is not registered yet" err="node \"ip-172-31-10-147\" not found" node="ip-172-31-10-147"
Sep 23 21:37:53 ip-172-31-10-147 kubelet[13623]: E0923 21:37:53.547207   13623 kubelet.go:3516] "Unable to register mirror pod because node is not registered yet" err="node \"ip-172-31-10-147\" not found" node="ip-172-31-10-147"
Sep 23 21:37:53 ip-172-31-10-147 kubelet[13623]: E0923 21:37:53.647020   13623 kubelet.go:3516] "Unable to register mirror pod because node is not registered yet" err="node \"ip-172-31-10-147\" not found" node="ip-172-31-10-147"
Sep 23 21:37:53 ip-172-31-10-147 kubelet[13623]: E0923 21:37:53.747510   13623 kubelet.go:3516] "Unable to register mirror pod because node is not registered yet" err="node \"ip-172-31-10-147\" not found" node="ip-172-31-10-147"
Sep 23 21:37:53 ip-172-31-10-147 kubelet[13623]: E0923 21:37:53.847113   13623 kubelet.go:3516] "Unable to register mirror pod because node is not registered yet" err="node \"ip-172-31-10-147\" not found" node="ip-172-31-10-147"
Sep 23 21:37:53 ip-172-31-10-147 kubelet[13623]: E0923 21:37:53.946579   13623 kubelet.go:3516] "Unable to register mirror pod because node is not registered yet" err="node \"ip-172-31-10-147\" not found" node="ip-172-31-10-147"
Sep 23 21:37:54 ip-172-31-10-147 kubelet[13623]: E0923 21:37:54.046615   13623 kubelet.go:3516] "Unable to register mirror pod because node is not registered yet" err="node \"ip-172-31-10-147\" not found" node="ip-172-31-10-147"
Sep 23 21:37:54 ip-172-31-10-147 kubelet[13623]: E0923 21:37:54.147360   13623 kubelet.go:3516] "Unable to register mirror pod because node is not registered yet" err="node \"ip-172-31-10-147\" not found" node="ip-172-31-10-147"
Sep 23 21:37:54 ip-172-31-10-147 kubelet[13623]: E0923 21:37:54.247231   13623 kubelet.go:3516] "Unable to register mirror pod because node is not registered yet" err="node \"ip-172-31-10-147\" not found" node="ip-172-31-10-147"
Sep 23 21:37:54 ip-172-31-10-147 kubelet[13623]: E0923 21:37:54.346581   13623 kubelet.go:3516] "Unable to register mirror pod because node is not registered yet" err="node \"ip-172-31-10-147\" not found" node="ip-172-31-10-147"
Sep 23 21:37:54 ip-172-31-10-147 kubelet[13623]: E0923 21:37:54.447682   13623 kubelet.go:3516] "Unable to register mirror pod because node is not registered yet" err="node \"ip-172-31-10-147\" not found" node="ip-172-31-10-147"
Sep 23 21:37:54 ip-172-31-10-147 kubelet[13623]: E0923 21:37:54.547197   13623 kubelet.go:3516] "Unable to register mirror pod because node is not registered yet" err="node \"ip-172-31-10-147\" not found" node="ip-172-31-10-147"
Sep 23 21:37:54 ip-172-31-10-147 kubelet[13623]: E0923 21:37:54.647449   13623 kubelet.go:3516] "Unable to register mirror pod because node is not registered yet" err="node \"ip-172-31-10-147\" not found" node="ip-172-31-10-147"
Sep 23 21:37:54 ip-172-31-10-147 kubelet[13623]: E0923 21:37:54.746985   13623 kubelet.go:3516] "Unable to register mirror pod because node is not registered yet" err="node \"ip-172-31-10-147\" not found" node="ip-172-31-10-147"
Sep 23 21:37:54 ip-172-31-10-147 kubelet[13623]: E0923 21:37:54.846566   13623 kubelet.go:3516] "Unable to register mirror pod because node is not registered yet" err="node \"ip-172-31-10-147\" not found" node="ip-172-31-10-147"
Sep 23 21:37:54 ip-172-31-10-147 kubelet[13623]: E0923 21:37:54.947215   13623 kubelet.go:3516] "Unable to register mirror pod because node is not registered yet" err="node \"ip-172-31-10-147\" not found" node="ip-172-31-10-147"
Sep 23 21:37:55 ip-172-31-10-147 kubelet[13623]: E0923 21:37:55.047134   13623 kubelet.go:3516] "Unable to register mirror pod because node is not registered yet" err="node \"ip-172-31-10-147\" not found" node="ip-172-31-10-147"
Sep 23 21:37:55 ip-172-31-10-147 kubelet[13623]: E0923 21:37:55.146789   13623 kubelet.go:3516] "Unable to register mirror pod because node is not registered yet" err="node \"ip-172-31-10-147\" not found" node="ip-172-31-10-147"
Sep 23 21:37:55 ip-172-31-10-147 kubelet[13623]: E0923 21:37:55.246789   13623 kubelet.go:3516] "Unable to register mirror pod because node is not registered yet" err="node \"ip-172-31-10-147\" not found" node="ip-172-31-10-147"
Sep 23 21:37:55 ip-172-31-10-147 kubelet[13623]: E0923 21:37:55.347573   13623 kubelet.go:3516] "Unable to register mirror pod because node is not registered yet" err="node \"ip-172-31-10-147\" not found" node="ip-172-31-10-147"
Sep 23 21:37:55 ip-172-31-10-147 kubelet[13623]: E0923 21:37:55.447111   13623 kubelet.go:3516] "Unable to register mirror pod because node is not registered yet" err="node \"ip-172-31-10-147\" not found" node="ip-172-31-10-147"
Sep 23 21:37:55 ip-172-31-10-147 kubelet[13623]: E0923 21:37:55.546594   13623 kubelet.go:3516] "Unable to register mirror pod because node is not registered yet" err="node \"ip-172-31-10-147\" not found" node="ip-172-31-10-147"
Sep 23 21:37:55 ip-172-31-10-147 kubelet[13623]: E0923 21:37:55.646906   13623 kubelet.go:3516] "Unable to register mirror pod because node is not registered yet" err="node \"ip-172-31-10-147\" not found" node="ip-172-31-10-147"
Sep 23 21:37:55 ip-172-31-10-147 kubelet[13623]: E0923 21:37:55.747123   13623 kubelet.go:3516] "Unable to register mirror pod because node is not registered yet" err="node \"ip-172-31-10-147\" not found" node="ip-172-31-10-147"
Sep 23 21:37:55 ip-172-31-10-147 kubelet[13623]: E0923 21:37:55.846595   13623 kubelet.go:3516] "Unable to register mirror pod because node is not registered yet" err="node \"ip-172-31-10-147\" not found" node="ip-172-31-10-147"
Sep 23 21:37:55 ip-172-31-10-147 kubelet[13623]: E0923 21:37:55.947677   13623 kubelet.go:3516] "Unable to register mirror pod because node is not registered yet" err="node \"ip-172-31-10-147\" not found" node="ip-172-31-10-147"
Sep 23 21:37:56 ip-172-31-10-147 kubelet[13623]: E0923 21:37:56.047293   13623 kubelet.go:3516] "Unable to register mirror pod because node is not registered yet" err="node \"ip-172-31-10-147\" not found" node="ip-172-31-10-147"
Sep 23 21:37:56 ip-172-31-10-147 kubelet[13623]: E0923 21:37:56.147484   13623 kubelet.go:3516] "Unable to register mirror pod because node is not registered yet" err="node \"ip-172-31-10-147\" not found" node="ip-172-31-10-147"
Sep 23 21:37:56 ip-172-31-10-147 kubelet[13623]: E0923 21:37:56.246809   13623 kubelet.go:3516] "Unable to register mirror pod because node is not registered yet" err="node \"ip-172-31-10-147\" not found" node="ip-172-31-10-147"
Sep 23 21:37:56 ip-172-31-10-147 kubelet[13623]: E0923 21:37:56.347412   13623 kubelet.go:3516] "Unable to register mirror pod because node is not registered yet" err="node \"ip-172-31-10-147\" not found" node="ip-172-31-10-147"
Sep 23 21:37:56 ip-172-31-10-147 kubelet[13623]: E0923 21:37:56.446991   13623 kubelet.go:3516] "Unable to register mirror pod because node is not registered yet" err="node \"ip-172-31-10-147\" not found" node="ip-172-31-10-147"
Sep 23 21:37:56 ip-172-31-10-147 kubelet[13623]: E0923 21:37:56.547083   13623 kubelet.go:3516] "Unable to register mirror pod because node is not registered yet" err="node \"ip-172-31-10-147\" not found" node="ip-172-31-10-147"
Sep 23 21:37:56 ip-172-31-10-147 kubelet[13623]: E0923 21:37:56.647411   13623 kubelet.go:3516] "Unable to register mirror pod because node is not registered yet" err="node \"ip-172-31-10-147\" not found" node="ip-172-31-10-147"
Sep 23 21:37:56 ip-172-31-10-147 kubelet[13623]: E0923 21:37:56.746612   13623 kubelet.go:3516] "Unable to register mirror pod because node is not registered yet" err="node \"ip-172-31-10-147\" not found" node="ip-172-31-10-147"
Sep 23 21:37:56 ip-172-31-10-147 kubelet[13623]: E0923 21:37:56.846584   13623 kubelet.go:3516] "Unable to register mirror pod because node is not registered yet" err="node \"ip-172-31-10-147\" not found" node="ip-172-31-10-147"
Sep 23 21:37:56 ip-172-31-10-147 kubelet[13623]: E0923 21:37:56.922146   13623 eviction_manager.go:297] "Eviction manager: failed to get summary stats" err="failed to get node info: node \"ip-172-31-10-147\" not found"
Sep 23 21:37:56 ip-172-31-10-147 kubelet[13623]: E0923 21:37:56.946539   13623 kubelet.go:3516] "Unable to register mirror pod because node is not registered yet" err="node \"ip-172-31-10-147\" not found" node="ip-172-31-10-147"
Sep 23 21:37:57 ip-172-31-10-147 kubelet[13623]: E0923 21:37:57.046612   13623 kubelet.go:3516] "Unable to register mirror pod because node is not registered yet" err="node \"ip-172-31-10-147\" not found" node="ip-172-31-10-147"
Sep 23 21:37:57 ip-172-31-10-147 kubelet[13623]: E0923 21:37:57.147332   13623 kubelet.go:3516] "Unable to register mirror pod because node is not registered yet" err="node \"ip-172-31-10-147\" not found" node="ip-172-31-10-147"
Sep 23 21:37:57 ip-172-31-10-147 kubelet[13623]: E0923 21:37:57.247214   13623 kubelet.go:3516] "Unable to register mirror pod because node is not registered yet" err="node \"ip-172-31-10-147\" not found" node="ip-172-31-10-147"
Sep 23 21:37:57 ip-172-31-10-147 kubelet[13623]: E0923 21:37:57.346777   13623 kubelet.go:3516] "Unable to register mirror pod because node is not registered yet" err="node \"ip-172-31-10-147\" not found" node="ip-172-31-10-147"
Sep 23 21:37:57 ip-172-31-10-147 kubelet[13623]: E0923 21:37:57.446949   13623 kubelet.go:3516] "Unable to register mirror pod because node is not registered yet" err="node \"ip-172-31-10-147\" not found" node="ip-172-31-10-147"
Sep 23 21:37:57 ip-172-31-10-147 kubelet[13623]: E0923 21:37:57.546632   13623 kubelet.go:3516] "Unable to register mirror pod because node is not registered yet" err="node \"ip-172-31-10-147\" not found" node="ip-172-31-10-147"
Sep 23 21:37:57 ip-172-31-10-147 kubelet[13623]: E0923 21:37:57.647529   13623 kubelet.go:3516] "Unable to register mirror pod because node is not registered yet" err="node \"ip-172-31-10-147\" not found" node="ip-172-31-10-147"
Sep 23 21:37:57 ip-172-31-10-147 kubelet[13623]: E0923 21:37:57.746607   13623 kubelet.go:3516] "Unable to register mirror pod because node is not registered yet" err="node \"ip-172-31-10-147\" not found" node="ip-172-31-10-147"
Sep 23 21:37:57 ip-172-31-10-147 kubelet[13623]: E0923 21:37:57.847295   13623 kubelet.go:3516] "Unable to register mirror pod because node is not registered yet" err="node \"ip-172-31-10-147\" not found" node="ip-172-31-10-147"
Sep 23 21:37:57 ip-172-31-10-147 kubelet[13623]: E0923 21:37:57.946944   13623 kubelet.go:3516] "Unable to register mirror pod because node is not registered yet" err="node \"ip-172-31-10-147\" not found" node="ip-172-31-10-147"
Sep 23 21:37:58 ip-172-31-10-147 kubelet[13623]: E0923 21:37:58.046540   13623 kubelet.go:3516] "Unable to register mirror pod because node is not registered yet" err="node \"ip-172-31-10-147\" not found" node="ip-172-31-10-147"
Sep 23 21:37:58 ip-172-31-10-147 kubelet[13623]: E0923 21:37:58.147203   13623 kubelet.go:3516] "Unable to register mirror pod because node is not registered yet" err="node \"ip-172-31-10-147\" not found" node="ip-172-31-10-147"
Sep 23 21:37:58 ip-172-31-10-147 kubelet[13623]: E0923 21:37:58.246762   13623 kubelet.go:3516] "Unable to register mirror pod because node is not registered yet" err="node \"ip-172-31-10-147\" not found" node="ip-172-31-10-147"
Sep 23 21:37:58 ip-172-31-10-147 kubelet[13623]: E0923 21:37:58.346844   13623 kubelet.go:3516] "Unable to register mirror pod because node is not registered yet" err="node \"ip-172-31-10-147\" not found" node="ip-172-31-10-147"
Sep 23 21:37:58 ip-172-31-10-147 kubelet[13623]: E0923 21:37:58.447448   13623 kubelet.go:3516] "Unable to register mirror pod because node is not registered yet" err="node \"ip-172-31-10-147\" not found" node="ip-172-31-10-147"
Sep 23 21:37:58 ip-172-31-10-147 kubelet[13623]: E0923 21:37:58.547090   13623 kubelet.go:3516] "Unable to register mirror pod because node is not registered yet" err="node \"ip-172-31-10-147\" not found" node="ip-172-31-10-147"
Sep 23 21:37:58 ip-172-31-10-147 kubelet[13623]: E0923 21:37:58.647517   13623 kubelet.go:3516] "Unable to register mirror pod because node is not registered yet" err="node \"ip-172-31-10-147\" not found" node="ip-172-31-10-147"
Sep 23 21:37:58 ip-172-31-10-147 kubelet[13623]: E0923 21:37:58.746858   13623 kubelet.go:3516] "Unable to register mirror pod because node is not registered yet" err="node \"ip-172-31-10-147\" not found" node="ip-172-31-10-147"
Sep 23 21:37:58 ip-172-31-10-147 kubelet[13623]: E0923 21:37:58.847489   13623 kubelet.go:3516] "Unable to register mirror pod because node is not registered yet" err="node \"ip-172-31-10-147\" not found" node="ip-172-31-10-147"
Sep 23 21:37:58 ip-172-31-10-147 kubelet[13623]: E0923 21:37:58.947077   13623 kubelet.go:3516] "Unable to register mirror pod because node is not registered yet" err="node \"ip-172-31-10-147\" not found" node="ip-172-31-10-147"
Sep 23 21:37:59 ip-172-31-10-147 kubelet[13623]: E0923 21:37:59.047241   13623 kubelet.go:3516] "Unable to register mirror pod because node is not registered yet" err="node \"ip-172-31-10-147\" not found" node="ip-172-31-10-147"
Sep 23 21:37:59 ip-172-31-10-147 kubelet[13623]: E0923 21:37:59.147267   13623 kubelet.go:3516] "Unable to register mirror pod because node is not registered yet" err="node \"ip-172-31-10-147\" not found" node="ip-172-31-10-147"
Sep 23 21:37:59 ip-172-31-10-147 kubelet[13623]: E0923 21:37:59.246594   13623 kubelet.go:3516] "Unable to register mirror pod because node is not registered yet" err="node \"ip-172-31-10-147\" not found" node="ip-172-31-10-147"
Sep 23 21:37:59 ip-172-31-10-147 kubelet[13623]: E0923 21:37:59.347574   13623 kubelet.go:3516] "Unable to register mirror pod because node is not registered yet" err="node \"ip-172-31-10-147\" not found" node="ip-172-31-10-147"
Sep 23 21:37:59 ip-172-31-10-147 kubelet[13623]: E0923 21:37:59.447235   13623 kubelet.go:3516] "Unable to register mirror pod because node is not registered yet" err="node \"ip-172-31-10-147\" not found" node="ip-172-31-10-147"
Sep 23 21:37:59 ip-172-31-10-147 kubelet[13623]: E0923 21:37:59.547574   13623 kubelet.go:3516] "Unable to register mirror pod because node is not registered yet" err="node \"ip-172-31-10-147\" not found" node="ip-172-31-10-147"
Sep 23 21:37:59 ip-172-31-10-147 kubelet[13623]: E0923 21:37:59.647103   13623 kubelet.go:3516] "Unable to register mirror pod because node is not registered yet" err="node \"ip-172-31-10-147\" not found" node="ip-172-31-10-147"
Sep 23 21:37:59 ip-172-31-10-147 kubelet[13623]: E0923 21:37:59.747021   13623 kubelet.go:3516] "Unable to register mirror pod because node is not registered yet" err="node \"ip-172-31-10-147\" not found" node="ip-172-31-10-147"
Sep 23 21:37:59 ip-172-31-10-147 kubelet[13623]: E0923 21:37:59.846793   13623 kubelet.go:3516] "Unable to register mirror pod because node is not registered yet" err="node \"ip-172-31-10-147\" not found" node="ip-172-31-10-147"
Sep 23 21:37:59 ip-172-31-10-147 kubelet[13623]: E0923 21:37:59.947450   13623 kubelet.go:3516] "Unable to register mirror pod because node is not registered yet" err="node \"ip-172-31-10-147\" not found" node="ip-172-31-10-147"
Sep 23 21:38:00 ip-172-31-10-147 kubelet[13623]: E0923 21:38:00.047770   13623 kubelet.go:3516] "Unable to register mirror pod because node is not registered yet" err="node \"ip-172-31-10-147\" not found" node="ip-172-31-10-147"
Sep 23 21:38:00 ip-172-31-10-147 kubelet[13623]: E0923 21:38:00.146993   13623 kubelet.go:3516] "Unable to register mirror pod because node is not registered yet" err="node \"ip-172-31-10-147\" not found" node="ip-172-31-10-147"
Sep 23 21:38:00 ip-172-31-10-147 kubelet[13623]: E0923 21:38:00.246584   13623 kubelet.go:3516] "Unable to register mirror pod because node is not registered yet" err="node \"ip-172-31-10-147\" not found" node="ip-172-31-10-147"
Sep 23 21:38:00 ip-172-31-10-147 kubelet[13623]: E0923 21:38:00.347256   13623 kubelet.go:3516] "Unable to register mirror pod because node is not registered yet" err="node \"ip-172-31-10-147\" not found" node="ip-172-31-10-147"
Sep 23 21:38:00 ip-172-31-10-147 kubelet[13623]: E0923 21:38:00.447209   13623 kubelet.go:3516] "Unable to register mirror pod because node is not registered yet" err="node \"ip-172-31-10-147\" not found" node="ip-172-31-10-147"
Sep 23 21:38:00 ip-172-31-10-147 kubelet[13623]: E0923 21:38:00.546774   13623 kubelet.go:3516] "Unable to register mirror pod because node is not registered yet" err="node \"ip-172-31-10-147\" not found" node="ip-172-31-10-147"
Sep 23 21:38:00 ip-172-31-10-147 kubelet[13623]: E0923 21:38:00.647374   13623 kubelet.go:3516] "Unable to register mirror pod because node is not registered yet" err="node \"ip-172-31-10-147\" not found" node="ip-172-31-10-147"
Sep 23 21:38:00 ip-172-31-10-147 kubelet[13623]: E0923 21:38:00.747569   13623 kubelet.go:3516] "Unable to register mirror pod because node is not registered yet" err="node \"ip-172-31-10-147\" not found" node="ip-172-31-10-147"
Sep 23 21:38:00 ip-172-31-10-147 kubelet[13623]: E0923 21:38:00.847352   13623 kubelet.go:3516] "Unable to register mirror pod because node is not registered yet" err="node \"ip-172-31-10-147\" not found" node="ip-172-31-10-147"
Sep 23 21:38:00 ip-172-31-10-147 kubelet[13623]: E0923 21:38:00.947007   13623 kubelet.go:3516] "Unable to register mirror pod because node is not registered yet" err="node \"ip-172-31-10-147\" not found" node="ip-172-31-10-147"
Sep 23 21:38:01 ip-172-31-10-147 kubelet[13623]: E0923 21:38:01.046786   13623 kubelet.go:3516] "Unable to register mirror pod because node is not registered yet" err="node \"ip-172-31-10-147\" not found" node="ip-172-31-10-147"
Sep 23 21:38:01 ip-172-31-10-147 kubelet[13623]: E0923 21:38:01.146552   13623 kubelet.go:3516] "Unable to register mirror pod because node is not registered yet" err="node \"ip-172-31-10-147\" not found" node="ip-172-31-10-147"
Sep 23 21:38:01 ip-172-31-10-147 kubelet[13623]: E0923 21:38:01.247719   13623 kubelet.go:3516] "Unable to register mirror pod because node is not registered yet" err="node \"ip-172-31-10-147\" not found" node="ip-172-31-10-147"
Sep 23 21:38:01 ip-172-31-10-147 kubelet[13623]: E0923 21:38:01.347387   13623 kubelet.go:3516] "Unable to register mirror pod because node is not registered yet" err="node \"ip-172-31-10-147\" not found" node="ip-172-31-10-147"
Sep 23 21:38:01 ip-172-31-10-147 kubelet[13623]: E0923 21:38:01.447061   13623 kubelet.go:3516] "Unable to register mirror pod because node is not registered yet" err="node \"ip-172-31-10-147\" not found" node="ip-172-31-10-147"
Sep 23 21:38:01 ip-172-31-10-147 kubelet[13623]: E0923 21:38:01.547042   13623 kubelet.go:3516] "Unable to register mirror pod because node is not registered yet" err="node \"ip-172-31-10-147\" not found" node="ip-172-31-10-147"
Sep 23 21:38:01 ip-172-31-10-147 kubelet[13623]: E0923 21:38:01.647184   13623 kubelet.go:3516] "Unable to register mirror pod because node is not registered yet" err="node \"ip-172-31-10-147\" not found" node="ip-172-31-10-147"
Sep 23 21:38:01 ip-172-31-10-147 kubelet[13623]: E0923 21:38:01.747524   13623 kubelet.go:3516] "Unable to register mirror pod because node is not registered yet" err="node \"ip-172-31-10-147\" not found" node="ip-172-31-10-147"
Sep 23 21:38:01 ip-172-31-10-147 kubelet[13623]: E0923 21:38:01.847142   13623 kubelet.go:3516] "Unable to register mirror pod because node is not registered yet" err="node \"ip-172-31-10-147\" not found" node="ip-172-31-10-147"
Sep 23 21:38:01 ip-172-31-10-147 kubelet[13623]: E0923 21:38:01.946859   13623 kubelet.go:3516] "Unable to register mirror pod because node is not registered yet" err="node \"ip-172-31-10-147\" not found" node="ip-172-31-10-147"
Sep 23 21:38:02 ip-172-31-10-147 kubelet[13623]: E0923 21:38:02.047053   13623 kubelet.go:3516] "Unable to register mirror pod because node is not registered yet" err="node \"ip-172-31-10-147\" not found" node="ip-172-31-10-147"
Sep 23 21:38:02 ip-172-31-10-147 kubelet[13623]: E0923 21:38:02.146582   13623 kubelet.go:3516] "Unable to register mirror pod because node is not registered yet" err="node \"ip-172-31-10-147\" not found" node="ip-172-31-10-147"
Sep 23 21:38:02 ip-172-31-10-147 kubelet[13623]: E0923 21:38:02.246983   13623 kubelet.go:3516] "Unable to register mirror pod because node is not registered yet" err="node \"ip-172-31-10-147\" not found" node="ip-172-31-10-147"
Sep 23 21:38:02 ip-172-31-10-147 kubelet[13623]: E0923 21:38:02.347006   13623 kubelet.go:3516] "Unable to register mirror pod because node is not registered yet" err="node \"ip-172-31-10-147\" not found" node="ip-172-31-10-147"
Sep 23 21:38:02 ip-172-31-10-147 kubelet[13623]: E0923 21:38:02.446621   13623 kubelet.go:3516] "Unable to register mirror pod because node is not registered yet" err="node \"ip-172-31-10-147\" not found" node="ip-172-31-10-147"
Sep 23 21:38:02 ip-172-31-10-147 kubelet[13623]: E0923 21:38:02.547173   13623 kubelet.go:3516] "Unable to register mirror pod because node is not registered yet" err="node \"ip-172-31-10-147\" not found" node="ip-172-31-10-147"
Sep 23 21:38:02 ip-172-31-10-147 kubelet[13623]: E0923 21:38:02.646552   13623 kubelet.go:3516] "Unable to register mirror pod because node is not registered yet" err="node \"ip-172-31-10-147\" not found" node="ip-172-31-10-147"
Sep 23 21:38:02 ip-172-31-10-147 kubelet[13623]: E0923 21:38:02.746951   13623 kubelet.go:3516] "Unable to register mirror pod because node is not registered yet" err="node \"ip-172-31-10-147\" not found" node="ip-172-31-10-147"
Sep 23 21:38:02 ip-172-31-10-147 kubelet[13623]: E0923 21:38:02.846800   13623 kubelet.go:3516] "Unable to register mirror pod because node is not registered yet" err="node \"ip-172-31-10-147\" not found" node="ip-172-31-10-147"
Sep 23 21:38:02 ip-172-31-10-147 kubelet[13623]: E0923 21:38:02.947407   13623 kubelet.go:3516] "Unable to register mirror pod because node is not registered yet" err="node \"ip-172-31-10-147\" not found" node="ip-172-31-10-147"
Sep 23 21:38:03 ip-172-31-10-147 kubelet[13623]: E0923 21:38:03.047233   13623 kubelet.go:3516] "Unable to register mirror pod because node is not registered yet" err="node \"ip-172-31-10-147\" not found" node="ip-172-31-10-147"
Sep 23 21:38:03 ip-172-31-10-147 kubelet[13623]: E0923 21:38:03.147248   13623 kubelet.go:3516] "Unable to register mirror pod because node is not registered yet" err="node \"ip-172-31-10-147\" not found" node="ip-172-31-10-147"
Sep 23 21:38:03 ip-172-31-10-147 kubelet[13623]: E0923 21:38:03.246549   13623 kubelet.go:3516] "Unable to register mirror pod because node is not registered yet" err="node \"ip-172-31-10-147\" not found" node="ip-172-31-10-147"
Sep 23 21:38:03 ip-172-31-10-147 kubelet[13623]: E0923 21:38:03.260264   13623 controller.go:201] "Failed to ensure lease exists, will retry" err="Get \"https://172.31.10.147:6443/apis/coordination.k8s.io/v1/namespaces/kube-node-lease/leases/ip-172-31-10-147?timeout=10s\": context deadline exceeded" interval="7s"
Sep 23 21:38:03 ip-172-31-10-147 kubelet[13623]: E0923 21:38:03.347175   13623 kubelet.go:3516] "Unable to register mirror pod because node is not registered yet" err="node \"ip-172-31-10-147\" not found" node="ip-172-31-10-147"
Sep 23 21:38:03 ip-172-31-10-147 kubelet[13623]: E0923 21:38:03.446589   13623 kubelet.go:3516] "Unable to register mirror pod because node is not registered yet" err="node \"ip-172-31-10-147\" not found" node="ip-172-31-10-147"
Sep 23 21:38:03 ip-172-31-10-147 kubelet[13623]: E0923 21:38:03.547260   13623 kubelet.go:3516] "Unable to register mirror pod because node is not registered yet" err="node \"ip-172-31-10-147\" not found" node="ip-172-31-10-147"
Sep 23 21:38:03 ip-172-31-10-147 kubelet[13623]: E0923 21:38:03.650951   13623 kubelet.go:3516] "Unable to register mirror pod because node is not registered yet" err="node \"ip-172-31-10-147\" not found" node="ip-172-31-10-147"
Sep 23 21:38:03 ip-172-31-10-147 kubelet[13623]: E0923 21:38:03.747309   13623 kubelet.go:3516] "Unable to register mirror pod because node is not registered yet" err="node \"ip-172-31-10-147\" not found" node="ip-172-31-10-147"
Sep 23 21:38:03 ip-172-31-10-147 kubelet[13623]: E0923 21:38:03.846647   13623 kubelet.go:3516] "Unable to register mirror pod because node is not registered yet" err="node \"ip-172-31-10-147\" not found" node="ip-172-31-10-147"
Sep 23 21:38:03 ip-172-31-10-147 kubelet[13623]: E0923 21:38:03.947353   13623 kubelet.go:3516] "Unable to register mirror pod because node is not registered yet" err="node \"ip-172-31-10-147\" not found" node="ip-172-31-10-147"
Sep 23 21:38:04 ip-172-31-10-147 kubelet[13623]: E0923 21:38:04.047581   13623 kubelet.go:3516] "Unable to register mirror pod because node is not registered yet" err="node \"ip-172-31-10-147\" not found" node="ip-172-31-10-147"
Sep 23 21:38:04 ip-172-31-10-147 kubelet[13623]: E0923 21:38:04.147091   13623 kubelet.go:3516] "Unable to register mirror pod because node is not registered yet" err="node \"ip-172-31-10-147\" not found" node="ip-172-31-10-147"
Sep 23 21:38:04 ip-172-31-10-147 kubelet[13623]: E0923 21:38:04.247157   13623 kubelet.go:3516] "Unable to register mirror pod because node is not registered yet" err="node \"ip-172-31-10-147\" not found" node="ip-172-31-10-147"
Sep 23 21:38:04 ip-172-31-10-147 kubelet[13623]: E0923 21:38:04.346599   13623 kubelet.go:3516] "Unable to register mirror pod because node is not registered yet" err="node \"ip-172-31-10-147\" not found" node="ip-172-31-10-147"
Sep 23 21:38:04 ip-172-31-10-147 kubelet[13623]: E0923 21:38:04.447199   13623 kubelet.go:3516] "Unable to register mirror pod because node is not registered yet" err="node \"ip-172-31-10-147\" not found" node="ip-172-31-10-147"
Sep 23 21:38:04 ip-172-31-10-147 kubelet[13623]: E0923 21:38:04.546678   13623 kubelet.go:3516] "Unable to register mirror pod because node is not registered yet" err="node \"ip-172-31-10-147\" not found" node="ip-172-31-10-147"
Sep 23 21:38:04 ip-172-31-10-147 kubelet[13623]: E0923 21:38:04.646843   13623 kubelet.go:3516] "Unable to register mirror pod because node is not registered yet" err="node \"ip-172-31-10-147\" not found" node="ip-172-31-10-147"
Sep 23 21:38:04 ip-172-31-10-147 kubelet[13623]: E0923 21:38:04.746953   13623 kubelet.go:3516] "Unable to register mirror pod because node is not registered yet" err="node \"ip-172-31-10-147\" not found" node="ip-172-31-10-147"
Sep 23 21:38:04 ip-172-31-10-147 kubelet[13623]: E0923 21:38:04.847187   13623 kubelet.go:3516] "Unable to register mirror pod because node is not registered yet" err="node \"ip-172-31-10-147\" not found" node="ip-172-31-10-147"
Sep 23 21:38:04 ip-172-31-10-147 kubelet[13623]: E0923 21:38:04.947533   13623 kubelet.go:3516] "Unable to register mirror pod because node is not registered yet" err="node \"ip-172-31-10-147\" not found" node="ip-172-31-10-147"
Sep 23 21:38:05 ip-172-31-10-147 kubelet[13623]: E0923 21:38:05.047572   13623 kubelet.go:3516] "Unable to register mirror pod because node is not registered yet" err="node \"ip-172-31-10-147\" not found" node="ip-172-31-10-147"
Sep 23 21:38:05 ip-172-31-10-147 kubelet[13623]: E0923 21:38:05.147116   13623 kubelet.go:3516] "Unable to register mirror pod because node is not registered yet" err="node \"ip-172-31-10-147\" not found" node="ip-172-31-10-147"
Sep 23 21:38:05 ip-172-31-10-147 kubelet[13623]: E0923 21:38:05.246793   13623 kubelet.go:3516] "Unable to register mirror pod because node is not registered yet" err="node \"ip-172-31-10-147\" not found" node="ip-172-31-10-147"
Sep 23 21:38:05 ip-172-31-10-147 kubelet[13623]: E0923 21:38:05.347420   13623 kubelet.go:3516] "Unable to register mirror pod because node is not registered yet" err="node \"ip-172-31-10-147\" not found" node="ip-172-31-10-147"
Sep 23 21:38:05 ip-172-31-10-147 kubelet[13623]: E0923 21:38:05.447032   13623 kubelet.go:3516] "Unable to register mirror pod because node is not registered yet" err="node \"ip-172-31-10-147\" not found" node="ip-172-31-10-147"
Sep 23 21:38:05 ip-172-31-10-147 kubelet[13623]: E0923 21:38:05.547366   13623 kubelet.go:3516] "Unable to register mirror pod because node is not registered yet" err="node \"ip-172-31-10-147\" not found" node="ip-172-31-10-147"
Sep 23 21:38:05 ip-172-31-10-147 kubelet[13623]: E0923 21:38:05.647149   13623 kubelet.go:3516] "Unable to register mirror pod because node is not registered yet" err="node \"ip-172-31-10-147\" not found" node="ip-172-31-10-147"
Sep 23 21:38:05 ip-172-31-10-147 kubelet[13623]: E0923 21:38:05.747210   13623 kubelet.go:3516] "Unable to register mirror pod because node is not registered yet" err="node \"ip-172-31-10-147\" not found" node="ip-172-31-10-147"
Sep 23 21:38:05 ip-172-31-10-147 kubelet[13623]: E0923 21:38:05.847092   13623 kubelet.go:3516] "Unable to register mirror pod because node is not registered yet" err="node \"ip-172-31-10-147\" not found" node="ip-172-31-10-147"
Sep 23 21:38:05 ip-172-31-10-147 kubelet[13623]: E0923 21:38:05.946679   13623 kubelet.go:3516] "Unable to register mirror pod because node is not registered yet" err="node \"ip-172-31-10-147\" not found" node="ip-172-31-10-147"
Sep 23 21:38:06 ip-172-31-10-147 kubelet[13623]: E0923 21:38:06.046948   13623 kubelet.go:3516] "Unable to register mirror pod because node is not registered yet" err="node \"ip-172-31-10-147\" not found" node="ip-172-31-10-147"
Sep 23 21:38:06 ip-172-31-10-147 kubelet[13623]: E0923 21:38:06.147336   13623 kubelet.go:3516] "Unable to register mirror pod because node is not registered yet" err="node \"ip-172-31-10-147\" not found" node="ip-172-31-10-147"
Sep 23 21:38:06 ip-172-31-10-147 kubelet[13623]: E0923 21:38:06.247133   13623 kubelet.go:3516] "Unable to register mirror pod because node is not registered yet" err="node \"ip-172-31-10-147\" not found" node="ip-172-31-10-147"
Sep 23 21:38:06 ip-172-31-10-147 kubelet[13623]: E0923 21:38:06.346563   13623 kubelet.go:3516] "Unable to register mirror pod because node is not registered yet" err="node \"ip-172-31-10-147\" not found" node="ip-172-31-10-147"
Sep 23 21:38:06 ip-172-31-10-147 kubelet[13623]: E0923 21:38:06.447385   13623 kubelet.go:3516] "Unable to register mirror pod because node is not registered yet" err="node \"ip-172-31-10-147\" not found" node="ip-172-31-10-147"
Sep 23 21:38:06 ip-172-31-10-147 kubelet[13623]: E0923 21:38:06.547195   13623 kubelet.go:3516] "Unable to register mirror pod because node is not registered yet" err="node \"ip-172-31-10-147\" not found" node="ip-172-31-10-147"
Sep 23 21:38:06 ip-172-31-10-147 kubelet[13623]: E0923 21:38:06.646979   13623 kubelet.go:3516] "Unable to register mirror pod because node is not registered yet" err="node \"ip-172-31-10-147\" not found" node="ip-172-31-10-147"
Sep 23 21:38:06 ip-172-31-10-147 kubelet[13623]: E0923 21:38:06.747306   13623 kubelet.go:3516] "Unable to register mirror pod because node is not registered yet" err="node \"ip-172-31-10-147\" not found" node="ip-172-31-10-147"
Sep 23 21:38:06 ip-172-31-10-147 kubelet[13623]: E0923 21:38:06.846552   13623 kubelet.go:3516] "Unable to register mirror pod because node is not registered yet" err="node \"ip-172-31-10-147\" not found" node="ip-172-31-10-147"
Sep 23 21:38:06 ip-172-31-10-147 kubelet[13623]: E0923 21:38:06.922630   13623 eviction_manager.go:297] "Eviction manager: failed to get summary stats" err="failed to get node info: node \"ip-172-31-10-147\" not found"
Sep 23 21:38:06 ip-172-31-10-147 kubelet[13623]: E0923 21:38:06.947554   13623 kubelet.go:3516] "Unable to register mirror pod because node is not registered yet" err="node \"ip-172-31-10-147\" not found" node="ip-172-31-10-147"
Sep 23 21:38:07 ip-172-31-10-147 kubelet[13623]: I0923 21:38:07.027126   13623 scope.go:122] "RemoveContainer" containerID="b5d75f067285d293d667405f39505cffa244413bf5502ffeb3a0c732a4f69c7c"
Sep 23 21:38:07 ip-172-31-10-147 kubelet[13623]: I0923 21:38:07.031342   13623 scope.go:122] "RemoveContainer" containerID="d79dad6faff160c2a9cb5b99b4ede14a295aa0307942bfa0f1dea206524dd51e"
Sep 23 21:38:07 ip-172-31-10-147 kubelet[13623]: I0923 21:38:07.033914   13623 scope.go:122] "RemoveContainer" containerID="b15c07cde822b6ba2aa862c99c707e6279bd2b7adf0abaa0c2b3aba385f0d072"
Sep 23 21:38:07 ip-172-31-10-147 kubelet[13623]: E0923 21:38:07.046562   13623 kubelet.go:3516] "Unable to register mirror pod because node is not registered yet" err="node \"ip-172-31-10-147\" not found" node="ip-172-31-10-147"
Sep 23 21:38:07 ip-172-31-10-147 kubelet[13623]: E0923 21:38:07.147246   13623 kubelet.go:3516] "Unable to register mirror pod because node is not registered yet" err="node \"ip-172-31-10-147\" not found" node="ip-172-31-10-147"
Sep 23 21:38:07 ip-172-31-10-147 kubelet[13623]: E0923 21:38:07.193063   13623 kubelet.go:3495] "No need to create a mirror pod, since failed to get node info from the cluster" err="node \"ip-172-31-10-147\" not found" node="ip-172-31-10-147"
Sep 23 21:38:07 ip-172-31-10-147 kubelet[13623]: E0923 21:38:07.247483   13623 kubelet.go:3516] "Unable to register mirror pod because node is not registered yet" err="node \"ip-172-31-10-147\" not found" node="ip-172-31-10-147"
Sep 23 21:38:07 ip-172-31-10-147 kubelet[13623]: E0923 21:38:07.346700   13623 kubelet.go:3516] "Unable to register mirror pod because node is not registered yet" err="node \"ip-172-31-10-147\" not found" node="ip-172-31-10-147"
Sep 23 21:38:07 ip-172-31-10-147 kubelet[13623]: E0923 21:38:07.441049   13623 kubelet.go:3495] "No need to create a mirror pod, since failed to get node info from the cluster" err="node \"ip-172-31-10-147\" not found" node="ip-172-31-10-147"
Sep 23 21:38:07 ip-172-31-10-147 kubelet[13623]: E0923 21:38:07.446547   13623 kubelet.go:3516] "Unable to register mirror pod because node is not registered yet" err="node \"ip-172-31-10-147\" not found" node="ip-172-31-10-147"
Sep 23 21:38:07 ip-172-31-10-147 kubelet[13623]: E0923 21:38:07.547542   13623 kubelet.go:3516] "Unable to register mirror pod because node is not registered yet" err="node \"ip-172-31-10-147\" not found" node="ip-172-31-10-147"
Sep 23 21:38:07 ip-172-31-10-147 kubelet[13623]: E0923 21:38:07.556663   13623 kubelet.go:3495] "No need to create a mirror pod, since failed to get node info from the cluster" err="node \"ip-172-31-10-147\" not found" node="ip-172-31-10-147"
Sep 23 21:38:07 ip-172-31-10-147 kubelet[13623]: E0923 21:38:07.563777   13623 kubelet.go:3495] "No need to create a mirror pod, since failed to get node info from the cluster" err="node \"ip-172-31-10-147\" not found" node="ip-172-31-10-147"
Sep 23 21:38:07 ip-172-31-10-147 kubelet[13623]: E0923 21:38:07.647479   13623 kubelet.go:3516] "Unable to register mirror pod because node is not registered yet" err="node \"ip-172-31-10-147\" not found" node="ip-172-31-10-147"
Sep 23 21:38:07 ip-172-31-10-147 kubelet[13623]: E0923 21:38:07.747162   13623 kubelet.go:3516] "Unable to register mirror pod because node is not registered yet" err="node \"ip-172-31-10-147\" not found" node="ip-172-31-10-147"
Sep 23 21:38:07 ip-172-31-10-147 kubelet[13623]: E0923 21:38:07.846636   13623 kubelet.go:3516] "Unable to register mirror pod because node is not registered yet" err="node \"ip-172-31-10-147\" not found" node="ip-172-31-10-147"
Sep 23 21:38:07 ip-172-31-10-147 kubelet[13623]: E0923 21:38:07.947338   13623 kubelet.go:3516] "Unable to register mirror pod because node is not registered yet" err="node \"ip-172-31-10-147\" not found" node="ip-172-31-10-147"
Sep 23 21:38:08 ip-172-31-10-147 kubelet[13623]: E0923 21:38:08.047510   13623 kubelet.go:3516] "Unable to register mirror pod because node is not registered yet" err="node \"ip-172-31-10-147\" not found" node="ip-172-31-10-147"
Sep 23 21:38:08 ip-172-31-10-147 kubelet[13623]: E0923 21:38:08.147111   13623 kubelet.go:3516] "Unable to register mirror pod because node is not registered yet" err="node \"ip-172-31-10-147\" not found" node="ip-172-31-10-147"
Sep 23 21:38:08 ip-172-31-10-147 kubelet[13623]: E0923 21:38:08.193850   13623 kubelet.go:3495] "No need to create a mirror pod, since failed to get node info from the cluster" err="node \"ip-172-31-10-147\" not found" node="ip-172-31-10-147"
Sep 23 21:38:08 ip-172-31-10-147 kubelet[13623]: E0923 21:38:08.194326   13623 kubelet.go:3495] "No need to create a mirror pod, since failed to get node info from the cluster" err="node \"ip-172-31-10-147\" not found" node="ip-172-31-10-147"
Sep 23 21:38:08 ip-172-31-10-147 kubelet[13623]: E0923 21:38:08.194934   13623 kubelet.go:3495] "No need to create a mirror pod, since failed to get node info from the cluster" err="node \"ip-172-31-10-147\" not found" node="ip-172-31-10-147"
Sep 23 21:38:08 ip-172-31-10-147 kubelet[13623]: E0923 21:38:08.246544   13623 kubelet.go:3516] "Unable to register mirror pod because node is not registered yet" err="node \"ip-172-31-10-147\" not found" node="ip-172-31-10-147"
Sep 23 21:38:08 ip-172-31-10-147 kubelet[13623]: E0923 21:38:08.347108   13623 kubelet.go:3516] "Unable to register mirror pod because node is not registered yet" err="node \"ip-172-31-10-147\" not found" node="ip-172-31-10-147"
Sep 23 21:38:08 ip-172-31-10-147 kubelet[13623]: E0923 21:38:08.446567   13623 kubelet.go:3516] "Unable to register mirror pod because node is not registered yet" err="node \"ip-172-31-10-147\" not found" node="ip-172-31-10-147"
Sep 23 21:38:08 ip-172-31-10-147 kubelet[13623]: E0923 21:38:08.547031   13623 kubelet.go:3516] "Unable to register mirror pod because node is not registered yet" err="node \"ip-172-31-10-147\" not found" node="ip-172-31-10-147"
Sep 23 21:38:08 ip-172-31-10-147 kubelet[13623]: E0923 21:38:08.647357   13623 kubelet.go:3516] "Unable to register mirror pod because node is not registered yet" err="node \"ip-172-31-10-147\" not found" node="ip-172-31-10-147"
Sep 23 21:38:08 ip-172-31-10-147 kubelet[13623]: E0923 21:38:08.747358   13623 kubelet.go:3516] "Unable to register mirror pod because node is not registered yet" err="node \"ip-172-31-10-147\" not found" node="ip-172-31-10-147"
Sep 23 21:38:08 ip-172-31-10-147 kubelet[13623]: E0923 21:38:08.847008   13623 kubelet.go:3516] "Unable to register mirror pod because node is not registered yet" err="node \"ip-172-31-10-147\" not found" node="ip-172-31-10-147"
Sep 23 21:38:08 ip-172-31-10-147 kubelet[13623]: E0923 21:38:08.946595   13623 kubelet.go:3516] "Unable to register mirror pod because node is not registered yet" err="node \"ip-172-31-10-147\" not found" node="ip-172-31-10-147"
Sep 23 21:38:09 ip-172-31-10-147 kubelet[13623]: E0923 21:38:09.046942   13623 kubelet.go:3516] "Unable to register mirror pod because node is not registered yet" err="node \"ip-172-31-10-147\" not found" node="ip-172-31-10-147"
Sep 23 21:38:09 ip-172-31-10-147 kubelet[13623]: E0923 21:38:09.147371   13623 kubelet.go:3516] "Unable to register mirror pod because node is not registered yet" err="node \"ip-172-31-10-147\" not found" node="ip-172-31-10-147"
Sep 23 21:38:09 ip-172-31-10-147 kubelet[13623]: E0923 21:38:09.197215   13623 kubelet.go:3495] "No need to create a mirror pod, since failed to get node info from the cluster" err="node \"ip-172-31-10-147\" not found" node="ip-172-31-10-147"
Sep 23 21:38:09 ip-172-31-10-147 kubelet[13623]: E0923 21:38:09.197369   13623 kubelet.go:3495] "No need to create a mirror pod, since failed to get node info from the cluster" err="node \"ip-172-31-10-147\" not found" node="ip-172-31-10-147"
Sep 23 21:38:09 ip-172-31-10-147 kubelet[13623]: E0923 21:38:09.247066   13623 kubelet.go:3516] "Unable to register mirror pod because node is not registered yet" err="node \"ip-172-31-10-147\" not found" node="ip-172-31-10-147"
Sep 23 21:38:09 ip-172-31-10-147 kubelet[13623]: E0923 21:38:09.346568   13623 kubelet.go:3516] "Unable to register mirror pod because node is not registered yet" err="node \"ip-172-31-10-147\" not found" node="ip-172-31-10-147"
Sep 23 21:38:09 ip-172-31-10-147 kubelet[13623]: E0923 21:38:09.447078   13623 kubelet.go:3516] "Unable to register mirror pod because node is not registered yet" err="node \"ip-172-31-10-147\" not found" node="ip-172-31-10-147"
Sep 23 21:38:09 ip-172-31-10-147 kubelet[13623]: E0923 21:38:09.546594   13623 kubelet.go:3516] "Unable to register mirror pod because node is not registered yet" err="node \"ip-172-31-10-147\" not found" node="ip-172-31-10-147"
Sep 23 21:38:09 ip-172-31-10-147 kubelet[13623]: E0923 21:38:09.647184   13623 kubelet.go:3516] "Unable to register mirror pod because node is not registered yet" err="node \"ip-172-31-10-147\" not found" node="ip-172-31-10-147"
Sep 23 21:38:09 ip-172-31-10-147 kubelet[13623]: E0923 21:38:09.747337   13623 kubelet.go:3516] "Unable to register mirror pod because node is not registered yet" err="node \"ip-172-31-10-147\" not found" node="ip-172-31-10-147"
Sep 23 21:38:09 ip-172-31-10-147 kubelet[13623]: E0923 21:38:09.846922   13623 kubelet.go:3516] "Unable to register mirror pod because node is not registered yet" err="node \"ip-172-31-10-147\" not found" node="ip-172-31-10-147"
Sep 23 21:38:09 ip-172-31-10-147 kubelet[13623]: E0923 21:38:09.946671   13623 kubelet.go:3516] "Unable to register mirror pod because node is not registered yet" err="node \"ip-172-31-10-147\" not found" node="ip-172-31-10-147"
Sep 23 21:38:10 ip-172-31-10-147 kubelet[13623]: E0923 21:38:10.047311   13623 kubelet.go:3516] "Unable to register mirror pod because node is not registered yet" err="node \"ip-172-31-10-147\" not found" node="ip-172-31-10-147"
Sep 23 21:38:10 ip-172-31-10-147 kubelet[13623]: E0923 21:38:10.146796   13623 kubelet.go:3516] "Unable to register mirror pod because node is not registered yet" err="node \"ip-172-31-10-147\" not found" node="ip-172-31-10-147"
Sep 23 21:38:10 ip-172-31-10-147 kubelet[13623]: E0923 21:38:10.246960   13623 kubelet.go:3516] "Unable to register mirror pod because node is not registered yet" err="node \"ip-172-31-10-147\" not found" node="ip-172-31-10-147"
Sep 23 21:38:10 ip-172-31-10-147 kubelet[13623]: E0923 21:38:10.346918   13623 kubelet.go:3516] "Unable to register mirror pod because node is not registered yet" err="node \"ip-172-31-10-147\" not found" node="ip-172-31-10-147"
Sep 23 21:38:10 ip-172-31-10-147 kubelet[13623]: E0923 21:38:10.447510   13623 kubelet.go:3516] "Unable to register mirror pod because node is not registered yet" err="node \"ip-172-31-10-147\" not found" node="ip-172-31-10-147"
Sep 23 21:38:10 ip-172-31-10-147 kubelet[13623]: E0923 21:38:10.547185   13623 kubelet.go:3516] "Unable to register mirror pod because node is not registered yet" err="node \"ip-172-31-10-147\" not found" node="ip-172-31-10-147"
Sep 23 21:38:10 ip-172-31-10-147 kubelet[13623]: E0923 21:38:10.647494   13623 kubelet.go:3516] "Unable to register mirror pod because node is not registered yet" err="node \"ip-172-31-10-147\" not found" node="ip-172-31-10-147"
Sep 23 21:38:10 ip-172-31-10-147 kubelet[13623]: E0923 21:38:10.747517   13623 kubelet.go:3516] "Unable to register mirror pod because node is not registered yet" err="node \"ip-172-31-10-147\" not found" node="ip-172-31-10-147"
Sep 23 21:38:10 ip-172-31-10-147 kubelet[13623]: E0923 21:38:10.847100   13623 kubelet.go:3516] "Unable to register mirror pod because node is not registered yet" err="node \"ip-172-31-10-147\" not found" node="ip-172-31-10-147"
Sep 23 21:38:10 ip-172-31-10-147 kubelet[13623]: E0923 21:38:10.946551   13623 kubelet.go:3516] "Unable to register mirror pod because node is not registered yet" err="node \"ip-172-31-10-147\" not found" node="ip-172-31-10-147"
Sep 23 21:38:11 ip-172-31-10-147 kubelet[13623]: E0923 21:38:11.047102   13623 kubelet.go:3516] "Unable to register mirror pod because node is not registered yet" err="node \"ip-172-31-10-147\" not found" node="ip-172-31-10-147"
Sep 23 21:38:11 ip-172-31-10-147 kubelet[13623]: E0923 21:38:11.146818   13623 kubelet.go:3516] "Unable to register mirror pod because node is not registered yet" err="node \"ip-172-31-10-147\" not found" node="ip-172-31-10-147"
Sep 23 21:38:11 ip-172-31-10-147 kubelet[13623]: E0923 21:38:11.247034   13623 kubelet.go:3516] "Unable to register mirror pod because node is not registered yet" err="node \"ip-172-31-10-147\" not found" node="ip-172-31-10-147"
Sep 23 21:38:11 ip-172-31-10-147 kubelet[13623]: E0923 21:38:11.346590   13623 kubelet.go:3516] "Unable to register mirror pod because node is not registered yet" err="node \"ip-172-31-10-147\" not found" node="ip-172-31-10-147"
Sep 23 21:38:11 ip-172-31-10-147 kubelet[13623]: E0923 21:38:11.446661   13623 kubelet.go:3516] "Unable to register mirror pod because node is not registered yet" err="node \"ip-172-31-10-147\" not found" node="ip-172-31-10-147"
Sep 23 21:38:11 ip-172-31-10-147 kubelet[13623]: E0923 21:38:11.547398   13623 kubelet.go:3516] "Unable to register mirror pod because node is not registered yet" err="node \"ip-172-31-10-147\" not found" node="ip-172-31-10-147"
Sep 23 21:38:11 ip-172-31-10-147 kubelet[13623]: E0923 21:38:11.647024   13623 kubelet.go:3516] "Unable to register mirror pod because node is not registered yet" err="node \"ip-172-31-10-147\" not found" node="ip-172-31-10-147"
Sep 23 21:38:11 ip-172-31-10-147 kubelet[13623]: E0923 21:38:11.747220   13623 kubelet.go:3516] "Unable to register mirror pod because node is not registered yet" err="node \"ip-172-31-10-147\" not found" node="ip-172-31-10-147"
Sep 23 21:38:11 ip-172-31-10-147 kubelet[13623]: E0923 21:38:11.846934   13623 kubelet.go:3516] "Unable to register mirror pod because node is not registered yet" err="node \"ip-172-31-10-147\" not found" node="ip-172-31-10-147"
Sep 23 21:38:11 ip-172-31-10-147 kubelet[13623]: E0923 21:38:11.946596   13623 kubelet.go:3516] "Unable to register mirror pod because node is not registered yet" err="node \"ip-172-31-10-147\" not found" node="ip-172-31-10-147"
Sep 23 21:38:12 ip-172-31-10-147 kubelet[13623]: E0923 21:38:12.047525   13623 kubelet.go:3516] "Unable to register mirror pod because node is not registered yet" err="node \"ip-172-31-10-147\" not found" node="ip-172-31-10-147"
Sep 23 21:38:12 ip-172-31-10-147 kubelet[13623]: E0923 21:38:12.146788   13623 kubelet.go:3516] "Unable to register mirror pod because node is not registered yet" err="node \"ip-172-31-10-147\" not found" node="ip-172-31-10-147"
Sep 23 21:38:12 ip-172-31-10-147 kubelet[13623]: E0923 21:38:12.247413   13623 kubelet.go:3516] "Unable to register mirror pod because node is not registered yet" err="node \"ip-172-31-10-147\" not found" node="ip-172-31-10-147"
Sep 23 21:38:12 ip-172-31-10-147 kubelet[13623]: E0923 21:38:12.347091   13623 kubelet.go:3516] "Unable to register mirror pod because node is not registered yet" err="node \"ip-172-31-10-147\" not found" node="ip-172-31-10-147"
Sep 23 21:38:12 ip-172-31-10-147 kubelet[13623]: E0923 21:38:12.447701   13623 kubelet.go:3516] "Unable to register mirror pod because node is not registered yet" err="node \"ip-172-31-10-147\" not found" node="ip-172-31-10-147"
Sep 23 21:38:12 ip-172-31-10-147 kubelet[13623]: E0923 21:38:12.546798   13623 kubelet.go:3516] "Unable to register mirror pod because node is not registered yet" err="node \"ip-172-31-10-147\" not found" node="ip-172-31-10-147"
Sep 23 21:38:12 ip-172-31-10-147 kubelet[13623]: E0923 21:38:12.647802   13623 kubelet.go:3516] "Unable to register mirror pod because node is not registered yet" err="node \"ip-172-31-10-147\" not found" node="ip-172-31-10-147"
Sep 23 21:38:12 ip-172-31-10-147 kubelet[13623]: E0923 21:38:12.747228   13623 kubelet.go:3516] "Unable to register mirror pod because node is not registered yet" err="node \"ip-172-31-10-147\" not found" node="ip-172-31-10-147"
Sep 23 21:38:12 ip-172-31-10-147 kubelet[13623]: E0923 21:38:12.846927   13623 kubelet.go:3516] "Unable to register mirror pod because node is not registered yet" err="node \"ip-172-31-10-147\" not found" node="ip-172-31-10-147"
Sep 23 21:38:12 ip-172-31-10-147 kubelet[13623]: E0923 21:38:12.946855   13623 kubelet.go:3516] "Unable to register mirror pod because node is not registered yet" err="node \"ip-172-31-10-147\" not found" node="ip-172-31-10-147"
Sep 23 21:38:13 ip-172-31-10-147 kubelet[13623]: E0923 21:38:13.047532   13623 kubelet.go:3516] "Unable to register mirror pod because node is not registered yet" err="node \"ip-172-31-10-147\" not found" node="ip-172-31-10-147"
Sep 23 21:38:13 ip-172-31-10-147 kubelet[13623]: E0923 21:38:13.146826   13623 kubelet.go:3516] "Unable to register mirror pod because node is not registered yet" err="node \"ip-172-31-10-147\" not found" node="ip-172-31-10-147"
Sep 23 21:38:13 ip-172-31-10-147 kubelet[13623]: E0923 21:38:13.247200   13623 kubelet.go:3516] "Unable to register mirror pod because node is not registered yet" err="node \"ip-172-31-10-147\" not found" node="ip-172-31-10-147"
Sep 23 21:38:13 ip-172-31-10-147 kubelet[13623]: E0923 21:38:13.346882   13623 kubelet.go:3516] "Unable to register mirror pod because node is not registered yet" err="node \"ip-172-31-10-147\" not found" node="ip-172-31-10-147"
Sep 23 21:38:13 ip-172-31-10-147 kubelet[13623]: E0923 21:38:13.447435   13623 kubelet.go:3516] "Unable to register mirror pod because node is not registered yet" err="node \"ip-172-31-10-147\" not found" node="ip-172-31-10-147"
Sep 23 21:38:13 ip-172-31-10-147 kubelet[13623]: E0923 21:38:13.546981   13623 kubelet.go:3516] "Unable to register mirror pod because node is not registered yet" err="node \"ip-172-31-10-147\" not found" node="ip-172-31-10-147"
Sep 23 21:38:13 ip-172-31-10-147 kubelet[13623]: E0923 21:38:13.647344   13623 kubelet.go:3516] "Unable to register mirror pod because node is not registered yet" err="node \"ip-172-31-10-147\" not found" node="ip-172-31-10-147"
Sep 23 21:38:13 ip-172-31-10-147 kubelet[13623]: E0923 21:38:13.746586   13623 kubelet.go:3516] "Unable to register mirror pod because node is not registered yet" err="node \"ip-172-31-10-147\" not found" node="ip-172-31-10-147"
Sep 23 21:38:13 ip-172-31-10-147 kubelet[13623]: E0923 21:38:13.847385   13623 kubelet.go:3516] "Unable to register mirror pod because node is not registered yet" err="node \"ip-172-31-10-147\" not found" node="ip-172-31-10-147"
Sep 23 21:38:13 ip-172-31-10-147 kubelet[13623]: E0923 21:38:13.947320   13623 kubelet.go:3516] "Unable to register mirror pod because node is not registered yet" err="node \"ip-172-31-10-147\" not found" node="ip-172-31-10-147"
Sep 23 21:38:14 ip-172-31-10-147 kubelet[13623]: E0923 21:38:14.046926   13623 kubelet.go:3516] "Unable to register mirror pod because node is not registered yet" err="node \"ip-172-31-10-147\" not found" node="ip-172-31-10-147"
Sep 23 21:38:14 ip-172-31-10-147 kubelet[13623]: E0923 21:38:14.147447   13623 kubelet.go:3516] "Unable to register mirror pod because node is not registered yet" err="node \"ip-172-31-10-147\" not found" node="ip-172-31-10-147"
Sep 23 21:38:14 ip-172-31-10-147 kubelet[13623]: E0923 21:38:14.247528   13623 kubelet.go:3516] "Unable to register mirror pod because node is not registered yet" err="node \"ip-172-31-10-147\" not found" node="ip-172-31-10-147"
Sep 23 21:38:14 ip-172-31-10-147 kubelet[13623]: E0923 21:38:14.347096   13623 kubelet.go:3516] "Unable to register mirror pod because node is not registered yet" err="node \"ip-172-31-10-147\" not found" node="ip-172-31-10-147"
Sep 23 21:38:14 ip-172-31-10-147 kubelet[13623]: E0923 21:38:14.446539   13623 kubelet.go:3516] "Unable to register mirror pod because node is not registered yet" err="node \"ip-172-31-10-147\" not found" node="ip-172-31-10-147"
Sep 23 21:38:14 ip-172-31-10-147 kubelet[13623]: E0923 21:38:14.547096   13623 kubelet.go:3516] "Unable to register mirror pod because node is not registered yet" err="node \"ip-172-31-10-147\" not found" node="ip-172-31-10-147"
Sep 23 21:38:14 ip-172-31-10-147 kubelet[13623]: E0923 21:38:14.647492   13623 kubelet.go:3516] "Unable to register mirror pod because node is not registered yet" err="node \"ip-172-31-10-147\" not found" node="ip-172-31-10-147"
Sep 23 21:38:14 ip-172-31-10-147 kubelet[13623]: E0923 21:38:14.746949   13623 kubelet.go:3516] "Unable to register mirror pod because node is not registered yet" err="node \"ip-172-31-10-147\" not found" node="ip-172-31-10-147"
Sep 23 21:38:14 ip-172-31-10-147 kubelet[13623]: E0923 21:38:14.847517   13623 kubelet.go:3516] "Unable to register mirror pod because node is not registered yet" err="node \"ip-172-31-10-147\" not found" node="ip-172-31-10-147"
Sep 23 21:38:14 ip-172-31-10-147 kubelet[13623]: E0923 21:38:14.947076   13623 kubelet.go:3516] "Unable to register mirror pod because node is not registered yet" err="node \"ip-172-31-10-147\" not found" node="ip-172-31-10-147"
Sep 23 21:38:15 ip-172-31-10-147 kubelet[13623]: E0923 21:38:15.047003   13623 kubelet.go:3516] "Unable to register mirror pod because node is not registered yet" err="node \"ip-172-31-10-147\" not found" node="ip-172-31-10-147"
Sep 23 21:38:15 ip-172-31-10-147 kubelet[13623]: E0923 21:38:15.146857   13623 kubelet.go:3516] "Unable to register mirror pod because node is not registered yet" err="node \"ip-172-31-10-147\" not found" node="ip-172-31-10-147"
Sep 23 21:38:15 ip-172-31-10-147 kubelet[13623]: E0923 21:38:15.247278   13623 kubelet.go:3516] "Unable to register mirror pod because node is not registered yet" err="node \"ip-172-31-10-147\" not found" node="ip-172-31-10-147"
Sep 23 21:38:15 ip-172-31-10-147 kubelet[13623]: E0923 21:38:15.346849   13623 kubelet.go:3516] "Unable to register mirror pod because node is not registered yet" err="node \"ip-172-31-10-147\" not found" node="ip-172-31-10-147"
Sep 23 21:38:15 ip-172-31-10-147 kubelet[13623]: E0923 21:38:15.447742   13623 kubelet.go:3516] "Unable to register mirror pod because node is not registered yet" err="node \"ip-172-31-10-147\" not found" node="ip-172-31-10-147"
Sep 23 21:38:15 ip-172-31-10-147 kubelet[13623]: E0923 21:38:15.546641   13623 kubelet.go:3516] "Unable to register mirror pod because node is not registered yet" err="node \"ip-172-31-10-147\" not found" node="ip-172-31-10-147"
Sep 23 21:38:15 ip-172-31-10-147 kubelet[13623]: E0923 21:38:15.647245   13623 kubelet.go:3516] "Unable to register mirror pod because node is not registered yet" err="node \"ip-172-31-10-147\" not found" node="ip-172-31-10-147"
Sep 23 21:38:15 ip-172-31-10-147 kubelet[13623]: E0923 21:38:15.747427   13623 kubelet.go:3516] "Unable to register mirror pod because node is not registered yet" err="node \"ip-172-31-10-147\" not found" node="ip-172-31-10-147"
Sep 23 21:38:15 ip-172-31-10-147 kubelet[13623]: E0923 21:38:15.847019   13623 kubelet.go:3516] "Unable to register mirror pod because node is not registered yet" err="node \"ip-172-31-10-147\" not found" node="ip-172-31-10-147"
Sep 23 21:38:15 ip-172-31-10-147 kubelet[13623]: E0923 21:38:15.947167   13623 kubelet.go:3516] "Unable to register mirror pod because node is not registered yet" err="node \"ip-172-31-10-147\" not found" node="ip-172-31-10-147"
Sep 23 21:38:16 ip-172-31-10-147 kubelet[13623]: E0923 21:38:16.047557   13623 kubelet.go:3516] "Unable to register mirror pod because node is not registered yet" err="node \"ip-172-31-10-147\" not found" node="ip-172-31-10-147"
Sep 23 21:38:16 ip-172-31-10-147 kubelet[13623]: E0923 21:38:16.146722   13623 kubelet.go:3516] "Unable to register mirror pod because node is not registered yet" err="node \"ip-172-31-10-147\" not found" node="ip-172-31-10-147"
Sep 23 21:38:16 ip-172-31-10-147 kubelet[13623]: E0923 21:38:16.247060   13623 kubelet.go:3516] "Unable to register mirror pod because node is not registered yet" err="node \"ip-172-31-10-147\" not found" node="ip-172-31-10-147"
Sep 23 21:38:16 ip-172-31-10-147 kubelet[13623]: E0923 21:38:16.346565   13623 kubelet.go:3516] "Unable to register mirror pod because node is not registered yet" err="node \"ip-172-31-10-147\" not found" node="ip-172-31-10-147"
Sep 23 21:38:16 ip-172-31-10-147 kubelet[13623]: E0923 21:38:16.447426   13623 kubelet.go:3516] "Unable to register mirror pod because node is not registered yet" err="node \"ip-172-31-10-147\" not found" node="ip-172-31-10-147"
Sep 23 21:38:16 ip-172-31-10-147 kubelet[13623]: E0923 21:38:16.547045   13623 kubelet.go:3516] "Unable to register mirror pod because node is not registered yet" err="node \"ip-172-31-10-147\" not found" node="ip-172-31-10-147"
Sep 23 21:38:16 ip-172-31-10-147 kubelet[13623]: E0923 21:38:16.647577   13623 kubelet.go:3516] "Unable to register mirror pod because node is not registered yet" err="node \"ip-172-31-10-147\" not found" node="ip-172-31-10-147"
Sep 23 21:38:16 ip-172-31-10-147 kubelet[13623]: E0923 21:38:16.746807   13623 kubelet.go:3516] "Unable to register mirror pod because node is not registered yet" err="node \"ip-172-31-10-147\" not found" node="ip-172-31-10-147"
Sep 23 21:38:16 ip-172-31-10-147 kubelet[13623]: E0923 21:38:16.847366   13623 kubelet.go:3516] "Unable to register mirror pod because node is not registered yet" err="node \"ip-172-31-10-147\" not found" node="ip-172-31-10-147"
Sep 23 21:38:16 ip-172-31-10-147 kubelet[13623]: E0923 21:38:16.923075   13623 eviction_manager.go:297] "Eviction manager: failed to get summary stats" err="failed to get node info: node \"ip-172-31-10-147\" not found"
Sep 23 21:38:16 ip-172-31-10-147 kubelet[13623]: E0923 21:38:16.947743   13623 kubelet.go:3516] "Unable to register mirror pod because node is not registered yet" err="node \"ip-172-31-10-147\" not found" node="ip-172-31-10-147"
Sep 23 21:38:17 ip-172-31-10-147 kubelet[13623]: E0923 21:38:17.036033   13623 kubelet.go:3495] "No need to create a mirror pod, since failed to get node info from the cluster" err="node \"ip-172-31-10-147\" not found" node="ip-172-31-10-147"
Sep 23 21:38:17 ip-172-31-10-147 kubelet[13623]: E0923 21:38:17.037524   13623 kubelet.go:3495] "No need to create a mirror pod, since failed to get node info from the cluster" err="node \"ip-172-31-10-147\" not found" node="ip-172-31-10-147"
Sep 23 21:38:17 ip-172-31-10-147 kubelet[13623]: E0923 21:38:17.039181   13623 kubelet.go:3495] "No need to create a mirror pod, since failed to get node info from the cluster" err="node \"ip-172-31-10-147\" not found" node="ip-172-31-10-147"
Sep 23 21:38:17 ip-172-31-10-147 kubelet[13623]: E0923 21:38:17.047318   13623 kubelet.go:3516] "Unable to register mirror pod because node is not registered yet" err="node \"ip-172-31-10-147\" not found" node="ip-172-31-10-147"
Sep 23 21:38:17 ip-172-31-10-147 kubelet[13623]: E0923 21:38:17.146868   13623 kubelet.go:3516] "Unable to register mirror pod because node is not registered yet" err="node \"ip-172-31-10-147\" not found" node="ip-172-31-10-147"
Sep 23 21:38:17 ip-172-31-10-147 kubelet[13623]: E0923 21:38:17.221795   13623 kubelet.go:3495] "No need to create a mirror pod, since failed to get node info from the cluster" err="node \"ip-172-31-10-147\" not found" node="ip-172-31-10-147"
Sep 23 21:38:17 ip-172-31-10-147 kubelet[13623]: E0923 21:38:17.222235   13623 kubelet.go:3495] "No need to create a mirror pod, since failed to get node info from the cluster" err="node \"ip-172-31-10-147\" not found" node="ip-172-31-10-147"
Sep 23 21:38:17 ip-172-31-10-147 kubelet[13623]: E0923 21:38:17.246729   13623 kubelet.go:3516] "Unable to register mirror pod because node is not registered yet" err="node \"ip-172-31-10-147\" not found" node="ip-172-31-10-147"
Sep 23 21:38:17 ip-172-31-10-147 kubelet[13623]: E0923 21:38:17.347312   13623 kubelet.go:3516] "Unable to register mirror pod because node is not registered yet" err="node \"ip-172-31-10-147\" not found" node="ip-172-31-10-147"
Sep 23 21:38:17 ip-172-31-10-147 kubelet[13623]: E0923 21:38:17.446964   13623 kubelet.go:3516] "Unable to register mirror pod because node is not registered yet" err="node \"ip-172-31-10-147\" not found" node="ip-172-31-10-147"
Sep 23 21:38:17 ip-172-31-10-147 kubelet[13623]: E0923 21:38:17.547173   13623 kubelet.go:3516] "Unable to register mirror pod because node is not registered yet" err="node \"ip-172-31-10-147\" not found" node="ip-172-31-10-147"
Sep 23 21:38:17 ip-172-31-10-147 kubelet[13623]: E0923 21:38:17.646536   13623 kubelet.go:3516] "Unable to register mirror pod because node is not registered yet" err="node \"ip-172-31-10-147\" not found" node="ip-172-31-10-147"
Sep 23 21:38:17 ip-172-31-10-147 kubelet[13623]: E0923 21:38:17.747562   13623 kubelet.go:3516] "Unable to register mirror pod because node is not registered yet" err="node \"ip-172-31-10-147\" not found" node="ip-172-31-10-147"
Sep 23 21:38:17 ip-172-31-10-147 kubelet[13623]: E0923 21:38:17.846788   13623 kubelet.go:3516] "Unable to register mirror pod because node is not registered yet" err="node \"ip-172-31-10-147\" not found" node="ip-172-31-10-147"
Sep 23 21:38:17 ip-172-31-10-147 kubelet[13623]: E0923 21:38:17.947412   13623 kubelet.go:3516] "Unable to register mirror pod because node is not registered yet" err="node \"ip-172-31-10-147\" not found" node="ip-172-31-10-147"
Sep 23 21:38:18 ip-172-31-10-147 kubelet[13623]: E0923 21:38:18.046793   13623 kubelet.go:3516] "Unable to register mirror pod because node is not registered yet" err="node \"ip-172-31-10-147\" not found" node="ip-172-31-10-147"
Sep 23 21:38:18 ip-172-31-10-147 kubelet[13623]: E0923 21:38:18.147585   13623 kubelet.go:3516] "Unable to register mirror pod because node is not registered yet" err="node \"ip-172-31-10-147\" not found" node="ip-172-31-10-147"
Sep 23 21:38:18 ip-172-31-10-147 kubelet[13623]: E0923 21:38:18.225600   13623 kubelet.go:3495] "No need to create a mirror pod, since failed to get node info from the cluster" err="node \"ip-172-31-10-147\" not found" node="ip-172-31-10-147"
Sep 23 21:38:18 ip-172-31-10-147 kubelet[13623]: E0923 21:38:18.247227   13623 kubelet.go:3516] "Unable to register mirror pod because node is not registered yet" err="node \"ip-172-31-10-147\" not found" node="ip-172-31-10-147"
Sep 23 21:38:18 ip-172-31-10-147 kubelet[13623]: E0923 21:38:18.347439   13623 kubelet.go:3516] "Unable to register mirror pod because node is not registered yet" err="node \"ip-172-31-10-147\" not found" node="ip-172-31-10-147"
Sep 23 21:38:18 ip-172-31-10-147 kubelet[13623]: E0923 21:38:18.447028   13623 kubelet.go:3516] "Unable to register mirror pod because node is not registered yet" err="node \"ip-172-31-10-147\" not found" node="ip-172-31-10-147"
Sep 23 21:38:18 ip-172-31-10-147 kubelet[13623]: E0923 21:38:18.546630   13623 kubelet.go:3516] "Unable to register mirror pod because node is not registered yet" err="node \"ip-172-31-10-147\" not found" node="ip-172-31-10-147"
Sep 23 21:38:18 ip-172-31-10-147 kubelet[13623]: E0923 21:38:18.647001   13623 kubelet.go:3516] "Unable to register mirror pod because node is not registered yet" err="node \"ip-172-31-10-147\" not found" node="ip-172-31-10-147"
Sep 23 21:38:18 ip-172-31-10-147 kubelet[13623]: E0923 21:38:18.747100   13623 kubelet.go:3516] "Unable to register mirror pod because node is not registered yet" err="node \"ip-172-31-10-147\" not found" node="ip-172-31-10-147"
Sep 23 21:38:18 ip-172-31-10-147 kubelet[13623]: E0923 21:38:18.846600   13623 kubelet.go:3516] "Unable to register mirror pod because node is not registered yet" err="node \"ip-172-31-10-147\" not found" node="ip-172-31-10-147"
Sep 23 21:38:18 ip-172-31-10-147 kubelet[13623]: E0923 21:38:18.947258   13623 kubelet.go:3516] "Unable to register mirror pod because node is not registered yet" err="node \"ip-172-31-10-147\" not found" node="ip-172-31-10-147"
Sep 23 21:38:19 ip-172-31-10-147 kubelet[13623]: E0923 21:38:19.047341   13623 kubelet.go:3516] "Unable to register mirror pod because node is not registered yet" err="node \"ip-172-31-10-147\" not found" node="ip-172-31-10-147"
Sep 23 21:38:19 ip-172-31-10-147 kubelet[13623]: E0923 21:38:19.078086   13623 kubelet.go:3495] "No need to create a mirror pod, since failed to get node info from the cluster" err="node \"ip-172-31-10-147\" not found" node="ip-172-31-10-147"
Sep 23 21:38:19 ip-172-31-10-147 kubelet[13623]: E0923 21:38:19.147019   13623 kubelet.go:3516] "Unable to register mirror pod because node is not registered yet" err="node \"ip-172-31-10-147\" not found" node="ip-172-31-10-147"
Sep 23 21:38:19 ip-172-31-10-147 kubelet[13623]: E0923 21:38:19.248552   13623 kubelet.go:3516] "Unable to register mirror pod because node is not registered yet" err="node \"ip-172-31-10-147\" not found" node="ip-172-31-10-147"
Sep 23 21:38:19 ip-172-31-10-147 kubelet[13623]: E0923 21:38:19.347378   13623 kubelet.go:3516] "Unable to register mirror pod because node is not registered yet" err="node \"ip-172-31-10-147\" not found" node="ip-172-31-10-147"
Sep 23 21:38:19 ip-172-31-10-147 kubelet[13623]: E0923 21:38:19.446976   13623 kubelet.go:3516] "Unable to register mirror pod because node is not registered yet" err="node \"ip-172-31-10-147\" not found" node="ip-172-31-10-147"
Sep 23 21:38:19 ip-172-31-10-147 kubelet[13623]: E0923 21:38:19.547603   13623 kubelet.go:3516] "Unable to register mirror pod because node is not registered yet" err="node \"ip-172-31-10-147\" not found" node="ip-172-31-10-147"
Sep 23 21:38:19 ip-172-31-10-147 kubelet[13623]: E0923 21:38:19.646963   13623 kubelet.go:3516] "Unable to register mirror pod because node is not registered yet" err="node \"ip-172-31-10-147\" not found" node="ip-172-31-10-147"
Sep 23 21:38:19 ip-172-31-10-147 kubelet[13623]: E0923 21:38:19.747265   13623 kubelet.go:3516] "Unable to register mirror pod because node is not registered yet" err="node \"ip-172-31-10-147\" not found" node="ip-172-31-10-147"
Sep 23 21:38:19 ip-172-31-10-147 kubelet[13623]: E0923 21:38:19.847033   13623 kubelet.go:3516] "Unable to register mirror pod because node is not registered yet" err="node \"ip-172-31-10-147\" not found" node="ip-172-31-10-147"
Sep 23 21:38:19 ip-172-31-10-147 kubelet[13623]: E0923 21:38:19.947264   13623 kubelet.go:3516] "Unable to register mirror pod because node is not registered yet" err="node \"ip-172-31-10-147\" not found" node="ip-172-31-10-147"
Sep 23 21:38:20 ip-172-31-10-147 kubelet[13623]: E0923 21:38:20.047706   13623 kubelet.go:3516] "Unable to register mirror pod because node is not registered yet" err="node \"ip-172-31-10-147\" not found" node="ip-172-31-10-147"
Sep 23 21:38:20 ip-172-31-10-147 kubelet[13623]: E0923 21:38:20.147230   13623 kubelet.go:3516] "Unable to register mirror pod because node is not registered yet" err="node \"ip-172-31-10-147\" not found" node="ip-172-31-10-147"
Sep 23 21:38:20 ip-172-31-10-147 kubelet[13623]: E0923 21:38:20.247497   13623 kubelet.go:3516] "Unable to register mirror pod because node is not registered yet" err="node \"ip-172-31-10-147\" not found" node="ip-172-31-10-147"
Sep 23 21:38:20 ip-172-31-10-147 kubelet[13623]: E0923 21:38:20.261224   13623 controller.go:201] "Failed to ensure lease exists, will retry" err="Get \"https://172.31.10.147:6443/apis/coordination.k8s.io/v1/namespaces/kube-node-lease/leases/ip-172-31-10-147?timeout=10s\": net/http: request canceled (Client.Timeout exceeded while awaiting headers)" interval="7s"
Sep 23 21:38:20 ip-172-31-10-147 kubelet[13623]: E0923 21:38:20.346986   13623 kubelet.go:3516] "Unable to register mirror pod because node is not registered yet" err="node \"ip-172-31-10-147\" not found" node="ip-172-31-10-147"
Sep 23 21:38:20 ip-172-31-10-147 kubelet[13623]: E0923 21:38:20.446596   13623 kubelet.go:3516] "Unable to register mirror pod because node is not registered yet" err="node \"ip-172-31-10-147\" not found" node="ip-172-31-10-147"
Sep 23 21:38:20 ip-172-31-10-147 kubelet[13623]: E0923 21:38:20.547356   13623 kubelet.go:3516] "Unable to register mirror pod because node is not registered yet" err="node \"ip-172-31-10-147\" not found" node="ip-172-31-10-147"
Sep 23 21:38:20 ip-172-31-10-147 kubelet[13623]: E0923 21:38:20.646605   13623 kubelet.go:3516] "Unable to register mirror pod because node is not registered yet" err="node \"ip-172-31-10-147\" not found" node="ip-172-31-10-147"
Sep 23 21:38:20 ip-172-31-10-147 kubelet[13623]: E0923 21:38:20.746880   13623 kubelet.go:3516] "Unable to register mirror pod because node is not registered yet" err="node \"ip-172-31-10-147\" not found" node="ip-172-31-10-147"
Sep 23 21:38:20 ip-172-31-10-147 kubelet[13623]: E0923 21:38:20.847531   13623 kubelet.go:3516] "Unable to register mirror pod because node is not registered yet" err="node \"ip-172-31-10-147\" not found" node="ip-172-31-10-147"
Sep 23 21:38:20 ip-172-31-10-147 kubelet[13623]: E0923 21:38:20.947135   13623 kubelet.go:3516] "Unable to register mirror pod because node is not registered yet" err="node \"ip-172-31-10-147\" not found" node="ip-172-31-10-147"
Sep 23 21:38:21 ip-172-31-10-147 kubelet[13623]: E0923 21:38:21.047310   13623 kubelet.go:3516] "Unable to register mirror pod because node is not registered yet" err="node \"ip-172-31-10-147\" not found" node="ip-172-31-10-147"
Sep 23 21:38:21 ip-172-31-10-147 kubelet[13623]: E0923 21:38:21.146941   13623 kubelet.go:3516] "Unable to register mirror pod because node is not registered yet" err="node \"ip-172-31-10-147\" not found" node="ip-172-31-10-147"
Sep 23 21:38:21 ip-172-31-10-147 kubelet[13623]: E0923 21:38:21.246539   13623 kubelet.go:3516] "Unable to register mirror pod because node is not registered yet" err="node \"ip-172-31-10-147\" not found" node="ip-172-31-10-147"
Sep 23 21:38:21 ip-172-31-10-147 kubelet[13623]: E0923 21:38:21.347026   13623 kubelet.go:3516] "Unable to register mirror pod because node is not registered yet" err="node \"ip-172-31-10-147\" not found" node="ip-172-31-10-147"
Sep 23 21:38:21 ip-172-31-10-147 kubelet[13623]: E0923 21:38:21.446871   13623 kubelet.go:3516] "Unable to register mirror pod because node is not registered yet" err="node \"ip-172-31-10-147\" not found" node="ip-172-31-10-147"
Sep 23 21:38:21 ip-172-31-10-147 kubelet[13623]: E0923 21:38:21.547554   13623 kubelet.go:3516] "Unable to register mirror pod because node is not registered yet" err="node \"ip-172-31-10-147\" not found" node="ip-172-31-10-147"
Sep 23 21:38:21 ip-172-31-10-147 kubelet[13623]: E0923 21:38:21.646754   13623 kubelet.go:3516] "Unable to register mirror pod because node is not registered yet" err="node \"ip-172-31-10-147\" not found" node="ip-172-31-10-147"
Sep 23 21:38:21 ip-172-31-10-147 kubelet[13623]: E0923 21:38:21.747060   13623 kubelet.go:3516] "Unable to register mirror pod because node is not registered yet" err="node \"ip-172-31-10-147\" not found" node="ip-172-31-10-147"
Sep 23 21:38:21 ip-172-31-10-147 kubelet[13623]: E0923 21:38:21.846544   13623 kubelet.go:3516] "Unable to register mirror pod because node is not registered yet" err="node \"ip-172-31-10-147\" not found" node="ip-172-31-10-147"
Sep 23 21:38:21 ip-172-31-10-147 kubelet[13623]: E0923 21:38:21.947186   13623 kubelet.go:3516] "Unable to register mirror pod because node is not registered yet" err="node \"ip-172-31-10-147\" not found" node="ip-172-31-10-147"
Sep 23 21:38:22 ip-172-31-10-147 kubelet[13623]: E0923 21:38:22.046586   13623 kubelet.go:3516] "Unable to register mirror pod because node is not registered yet" err="node \"ip-172-31-10-147\" not found" node="ip-172-31-10-147"
Sep 23 21:38:22 ip-172-31-10-147 kubelet[13623]: E0923 21:38:22.147285   13623 kubelet.go:3516] "Unable to register mirror pod because node is not registered yet" err="node \"ip-172-31-10-147\" not found" node="ip-172-31-10-147"
Sep 23 21:38:22 ip-172-31-10-147 kubelet[13623]: E0923 21:38:22.247408   13623 kubelet.go:3516] "Unable to register mirror pod because node is not registered yet" err="node \"ip-172-31-10-147\" not found" node="ip-172-31-10-147"
Sep 23 21:38:22 ip-172-31-10-147 kubelet[13623]: E0923 21:38:22.346982   13623 kubelet.go:3516] "Unable to register mirror pod because node is not registered yet" err="node \"ip-172-31-10-147\" not found" node="ip-172-31-10-147"
Sep 23 21:38:22 ip-172-31-10-147 kubelet[13623]: E0923 21:38:22.447550   13623 kubelet.go:3516] "Unable to register mirror pod because node is not registered yet" err="node \"ip-172-31-10-147\" not found" node="ip-172-31-10-147"
Sep 23 21:38:22 ip-172-31-10-147 kubelet[13623]: E0923 21:38:22.547124   13623 kubelet.go:3516] "Unable to register mirror pod because node is not registered yet" err="node \"ip-172-31-10-147\" not found" node="ip-172-31-10-147"
Sep 23 21:38:22 ip-172-31-10-147 kubelet[13623]: E0923 21:38:22.647294   13623 kubelet.go:3516] "Unable to register mirror pod because node is not registered yet" err="node \"ip-172-31-10-147\" not found" node="ip-172-31-10-147"
Sep 23 21:38:22 ip-172-31-10-147 kubelet[13623]: E0923 21:38:22.711096   13623 event.go:359] "Server rejected event (will not retry!)" err="Timeout: request did not complete within requested timeout - context deadline exceeded" event="&Event{ObjectMeta:{ip-172-31-10-147.18d810d6dcb6c456  default    0 0001-01-01 00:00:00 +0000 UTC <nil> <nil> map[] map[] [] [] []},InvolvedObject:ObjectReference{Kind:Node,Namespace:,Name:ip-172-31-10-147,UID:,APIVersion:v1,ResourceVersion:,FieldPath:,},Reason:NodeHasSufficientPID,Message:Node ip-172-31-10-147 status is now: NodeHasSufficientPID,Source:EventSource{Component:kubelet,Host:ip-172-31-10-147,},FirstTimestamp:2026-09-23 21:36:06.891783254 +0000 UTC m=+0.412352459,LastTimestamp:2026-09-23 21:36:06.891783254 +0000 UTC m=+0.412352459,Count:1,Type:Normal,EventTime:0001-01-01 00:00:00 +0000 UTC,Series:nil,Action:,Related:nil,ReportingController:kubelet,ReportingInstance:ip-172-31-10-147,}"
Sep 23 21:38:22 ip-172-31-10-147 kubelet[13623]: E0923 21:38:22.747539   13623 kubelet.go:3516] "Unable to register mirror pod because node is not registered yet" err="node \"ip-172-31-10-147\" not found" node="ip-172-31-10-147"
Sep 23 21:38:22 ip-172-31-10-147 kubelet[13623]: E0923 21:38:22.847103   13623 kubelet.go:3516] "Unable to register mirror pod because node is not registered yet" err="node \"ip-172-31-10-147\" not found" node="ip-172-31-10-147"
Sep 23 21:38:22 ip-172-31-10-147 kubelet[13623]: E0923 21:38:22.946717   13623 kubelet.go:3516] "Unable to register mirror pod because node is not registered yet" err="node \"ip-172-31-10-147\" not found" node="ip-172-31-10-147"
Sep 23 21:38:23 ip-172-31-10-147 kubelet[13623]: E0923 21:38:23.047198   13623 kubelet.go:3516] "Unable to register mirror pod because node is not registered yet" err="node \"ip-172-31-10-147\" not found" node="ip-172-31-10-147"
Sep 23 21:38:23 ip-172-31-10-147 kubelet[13623]: E0923 21:38:23.146784   13623 kubelet.go:3516] "Unable to register mirror pod because node is not registered yet" err="node \"ip-172-31-10-147\" not found" node="ip-172-31-10-147"
Sep 23 21:38:23 ip-172-31-10-147 kubelet[13623]: E0923 21:38:23.247149   13623 kubelet.go:3516] "Unable to register mirror pod because node is not registered yet" err="node \"ip-172-31-10-147\" not found" node="ip-172-31-10-147"
Sep 23 21:38:23 ip-172-31-10-147 kubelet[13623]: E0923 21:38:23.346561   13623 kubelet.go:3516] "Unable to register mirror pod because node is not registered yet" err="node \"ip-172-31-10-147\" not found" node="ip-172-31-10-147"
Sep 23 21:38:23 ip-172-31-10-147 kubelet[13623]: E0923 21:38:23.447125   13623 kubelet.go:3516] "Unable to register mirror pod because node is not registered yet" err="node \"ip-172-31-10-147\" not found" node="ip-172-31-10-147"
Sep 23 21:38:23 ip-172-31-10-147 kubelet[13623]: E0923 21:38:23.546576   13623 kubelet.go:3516] "Unable to register mirror pod because node is not registered yet" err="node \"ip-172-31-10-147\" not found" node="ip-172-31-10-147"
Sep 23 21:38:23 ip-172-31-10-147 kubelet[13623]: E0923 21:38:23.647007   13623 kubelet.go:3516] "Unable to register mirror pod because node is not registered yet" err="node \"ip-172-31-10-147\" not found" node="ip-172-31-10-147"
Sep 23 21:38:23 ip-172-31-10-147 kubelet[13623]: E0923 21:38:23.747044   13623 kubelet.go:3516] "Unable to register mirror pod because node is not registered yet" err="node \"ip-172-31-10-147\" not found" node="ip-172-31-10-147"
Sep 23 21:38:23 ip-172-31-10-147 kubelet[13623]: E0923 21:38:23.846768   13623 kubelet.go:3516] "Unable to register mirror pod because node is not registered yet" err="node \"ip-172-31-10-147\" not found" node="ip-172-31-10-147"
Sep 23 21:38:23 ip-172-31-10-147 kubelet[13623]: E0923 21:38:23.947630   13623 kubelet.go:3516] "Unable to register mirror pod because node is not registered yet" err="node \"ip-172-31-10-147\" not found" node="ip-172-31-10-147"
Sep 23 21:38:24 ip-172-31-10-147 kubelet[13623]: E0923 21:38:24.047246   13623 kubelet.go:3516] "Unable to register mirror pod because node is not registered yet" err="node \"ip-172-31-10-147\" not found" node="ip-172-31-10-147"
Sep 23 21:38:24 ip-172-31-10-147 kubelet[13623]: E0923 21:38:24.147573   13623 kubelet.go:3516] "Unable to register mirror pod because node is not registered yet" err="node \"ip-172-31-10-147\" not found" node="ip-172-31-10-147"
Sep 23 21:38:24 ip-172-31-10-147 kubelet[13623]: E0923 21:38:24.247231   13623 kubelet.go:3516] "Unable to register mirror pod because node is not registered yet" err="node \"ip-172-31-10-147\" not found" node="ip-172-31-10-147"
Sep 23 21:38:24 ip-172-31-10-147 kubelet[13623]: E0923 21:38:24.346859   13623 kubelet.go:3516] "Unable to register mirror pod because node is not registered yet" err="node \"ip-172-31-10-147\" not found" node="ip-172-31-10-147"
Sep 23 21:38:24 ip-172-31-10-147 kubelet[13623]: E0923 21:38:24.436360   13623 kubelet_node_status.go:108] "Unable to register node with API server" err="Timeout: request did not complete within requested timeout - context deadline exceeded" node="ip-172-31-10-147"
Sep 23 21:38:24 ip-172-31-10-147 kubelet[13623]: E0923 21:38:24.446536   13623 kubelet.go:3516] "Unable to register mirror pod because node is not registered yet" err="node \"ip-172-31-10-147\" not found" node="ip-172-31-10-147"
Sep 23 21:38:24 ip-172-31-10-147 kubelet[13623]: E0923 21:38:24.547196   13623 kubelet.go:3516] "Unable to register mirror pod because node is not registered yet" err="node \"ip-172-31-10-147\" not found" node="ip-172-31-10-147"
Sep 23 21:38:24 ip-172-31-10-147 kubelet[13623]: E0923 21:38:24.647598   13623 kubelet.go:3516] "Unable to register mirror pod because node is not registered yet" err="node \"ip-172-31-10-147\" not found" node="ip-172-31-10-147"
Sep 23 21:38:24 ip-172-31-10-147 kubelet[13623]: E0923 21:38:24.746739   13623 kubelet.go:3516] "Unable to register mirror pod because node is not registered yet" err="node \"ip-172-31-10-147\" not found" node="ip-172-31-10-147"
Sep 23 21:38:24 ip-172-31-10-147 kubelet[13623]: E0923 21:38:24.847569   13623 kubelet.go:3516] "Unable to register mirror pod because node is not registered yet" err="node \"ip-172-31-10-147\" not found" node="ip-172-31-10-147"
Sep 23 21:38:24 ip-172-31-10-147 kubelet[13623]: E0923 21:38:24.947093   13623 kubelet.go:3516] "Unable to register mirror pod because node is not registered yet" err="node \"ip-172-31-10-147\" not found" node="ip-172-31-10-147"
Sep 23 21:38:25 ip-172-31-10-147 kubelet[13623]: E0923 21:38:25.047694   13623 kubelet.go:3516] "Unable to register mirror pod because node is not registered yet" err="node \"ip-172-31-10-147\" not found" node="ip-172-31-10-147"
Sep 23 21:38:25 ip-172-31-10-147 kubelet[13623]: E0923 21:38:25.147320   13623 kubelet.go:3516] "Unable to register mirror pod because node is not registered yet" err="node \"ip-172-31-10-147\" not found" node="ip-172-31-10-147"
Sep 23 21:38:25 ip-172-31-10-147 kubelet[13623]: E0923 21:38:25.246763   13623 kubelet.go:3516] "Unable to register mirror pod because node is not registered yet" err="node \"ip-172-31-10-147\" not found" node="ip-172-31-10-147"
Sep 23 21:38:25 ip-172-31-10-147 kubelet[13623]: E0923 21:38:25.347378   13623 kubelet.go:3516] "Unable to register mirror pod because node is not registered yet" err="node \"ip-172-31-10-147\" not found" node="ip-172-31-10-147"
Sep 23 21:38:25 ip-172-31-10-147 kubelet[13623]: E0923 21:38:25.447032   13623 kubelet.go:3516] "Unable to register mirror pod because node is not registered yet" err="node \"ip-172-31-10-147\" not found" node="ip-172-31-10-147"
Sep 23 21:38:25 ip-172-31-10-147 kubelet[13623]: E0923 21:38:25.546961   13623 kubelet.go:3516] "Unable to register mirror pod because node is not registered yet" err="node \"ip-172-31-10-147\" not found" node="ip-172-31-10-147"
Sep 23 21:38:25 ip-172-31-10-147 kubelet[13623]: E0923 21:38:25.646531   13623 kubelet.go:3516] "Unable to register mirror pod because node is not registered yet" err="node \"ip-172-31-10-147\" not found" node="ip-172-31-10-147"
Sep 23 21:38:25 ip-172-31-10-147 kubelet[13623]: E0923 21:38:25.746892   13623 kubelet.go:3516] "Unable to register mirror pod because node is not registered yet" err="node \"ip-172-31-10-147\" not found" node="ip-172-31-10-147"
Sep 23 21:38:25 ip-172-31-10-147 kubelet[13623]: E0923 21:38:25.847656   13623 kubelet.go:3516] "Unable to register mirror pod because node is not registered yet" err="node \"ip-172-31-10-147\" not found" node="ip-172-31-10-147"
Sep 23 21:38:25 ip-172-31-10-147 kubelet[13623]: E0923 21:38:25.947417   13623 kubelet.go:3516] "Unable to register mirror pod because node is not registered yet" err="node \"ip-172-31-10-147\" not found" node="ip-172-31-10-147"
Sep 23 21:38:26 ip-172-31-10-147 kubelet[13623]: I0923 21:38:26.039749   13623 kubelet_node_status.go:75] "Attempting to register node" node="ip-172-31-10-147"
Sep 23 21:38:26 ip-172-31-10-147 kubelet[13623]: E0923 21:38:26.046538   13623 kubelet.go:3516] "Unable to register mirror pod because node is not registered yet" err="node \"ip-172-31-10-147\" not found" node="ip-172-31-10-147"
Sep 23 21:38:26 ip-172-31-10-147 kubelet[13623]: E0923 21:38:26.146880   13623 kubelet.go:3516] "Unable to register mirror pod because node is not registered yet" err="node \"ip-172-31-10-147\" not found" node="ip-172-31-10-147"
Sep 23 21:38:26 ip-172-31-10-147 kubelet[13623]: E0923 21:38:26.246628   13623 kubelet.go:3516] "Unable to register mirror pod because node is not registered yet" err="node \"ip-172-31-10-147\" not found" node="ip-172-31-10-147"
Sep 23 21:38:26 ip-172-31-10-147 kubelet[13623]: E0923 21:38:26.347566   13623 kubelet.go:3516] "Unable to register mirror pod because node is not registered yet" err="node \"ip-172-31-10-147\" not found" node="ip-172-31-10-147"
Sep 23 21:38:26 ip-172-31-10-147 kubelet[13623]: E0923 21:38:26.447149   13623 kubelet.go:3516] "Unable to register mirror pod because node is not registered yet" err="node \"ip-172-31-10-147\" not found" node="ip-172-31-10-147"
Sep 23 21:38:26 ip-172-31-10-147 kubelet[13623]: E0923 21:38:26.546645   13623 kubelet.go:3516] "Unable to register mirror pod because node is not registered yet" err="node \"ip-172-31-10-147\" not found" node="ip-172-31-10-147"
Sep 23 21:38:26 ip-172-31-10-147 kubelet[13623]: E0923 21:38:26.647654   13623 kubelet.go:3516] "Unable to register mirror pod because node is not registered yet" err="node \"ip-172-31-10-147\" not found" node="ip-172-31-10-147"
Sep 23 21:38:26 ip-172-31-10-147 kubelet[13623]: E0923 21:38:26.747203   13623 kubelet.go:3516] "Unable to register mirror pod because node is not registered yet" err="node \"ip-172-31-10-147\" not found" node="ip-172-31-10-147"
Sep 23 21:38:26 ip-172-31-10-147 kubelet[13623]: E0923 21:38:26.847086   13623 kubelet.go:3516] "Unable to register mirror pod because node is not registered yet" err="node \"ip-172-31-10-147\" not found" node="ip-172-31-10-147"
Sep 23 21:38:26 ip-172-31-10-147 kubelet[13623]: E0923 21:38:26.923666   13623 eviction_manager.go:297] "Eviction manager: failed to get summary stats" err="failed to get node info: node \"ip-172-31-10-147\" not found"
Sep 23 21:38:26 ip-172-31-10-147 kubelet[13623]: E0923 21:38:26.947508   13623 kubelet.go:3516] "Unable to register mirror pod because node is not registered yet" err="node \"ip-172-31-10-147\" not found" node="ip-172-31-10-147"
Sep 23 21:38:27 ip-172-31-10-147 kubelet[13623]: E0923 21:38:27.047263   13623 kubelet.go:3516] "Unable to register mirror pod because node is not registered yet" err="node \"ip-172-31-10-147\" not found" node="ip-172-31-10-147"
Sep 23 21:38:27 ip-172-31-10-147 kubelet[13623]: E0923 21:38:27.147204   13623 kubelet.go:3516] "Unable to register mirror pod because node is not registered yet" err="node \"ip-172-31-10-147\" not found" node="ip-172-31-10-147"
Sep 23 21:38:27 ip-172-31-10-147 kubelet[13623]: E0923 21:38:27.247152   13623 kubelet.go:3516] "Unable to register mirror pod because node is not registered yet" err="node \"ip-172-31-10-147\" not found" node="ip-172-31-10-147"
Sep 23 21:38:27 ip-172-31-10-147 kubelet[13623]: E0923 21:38:27.347094   13623 kubelet.go:3516] "Unable to register mirror pod because node is not registered yet" err="node \"ip-172-31-10-147\" not found" node="ip-172-31-10-147"
Sep 23 21:38:27 ip-172-31-10-147 kubelet[13623]: E0923 21:38:27.446838   13623 kubelet.go:3516] "Unable to register mirror pod because node is not registered yet" err="node \"ip-172-31-10-147\" not found" node="ip-172-31-10-147"
Sep 23 21:38:27 ip-172-31-10-147 kubelet[13623]: E0923 21:38:27.547561   13623 kubelet.go:3516] "Unable to register mirror pod because node is not registered yet" err="node \"ip-172-31-10-147\" not found" node="ip-172-31-10-147"
Sep 23 21:38:27 ip-172-31-10-147 kubelet[13623]: E0923 21:38:27.647075   13623 kubelet.go:3516] "Unable to register mirror pod because node is not registered yet" err="node \"ip-172-31-10-147\" not found" node="ip-172-31-10-147"
Sep 23 21:38:27 ip-172-31-10-147 kubelet[13623]: E0923 21:38:27.747206   13623 kubelet.go:3516] "Unable to register mirror pod because node is not registered yet" err="node \"ip-172-31-10-147\" not found" node="ip-172-31-10-147"
Sep 23 21:38:27 ip-172-31-10-147 kubelet[13623]: E0923 21:38:27.846633   13623 kubelet.go:3516] "Unable to register mirror pod because node is not registered yet" err="node \"ip-172-31-10-147\" not found" node="ip-172-31-10-147"
Sep 23 21:38:27 ip-172-31-10-147 kubelet[13623]: E0923 21:38:27.947162   13623 kubelet.go:3516] "Unable to register mirror pod because node is not registered yet" err="node \"ip-172-31-10-147\" not found" node="ip-172-31-10-147"
Sep 23 21:38:28 ip-172-31-10-147 kubelet[13623]: E0923 21:38:28.046560   13623 kubelet.go:3516] "Unable to register mirror pod because node is not registered yet" err="node \"ip-172-31-10-147\" not found" node="ip-172-31-10-147"
Sep 23 21:38:28 ip-172-31-10-147 kubelet[13623]: E0923 21:38:28.147374   13623 kubelet.go:3516] "Unable to register mirror pod because node is not registered yet" err="node \"ip-172-31-10-147\" not found" node="ip-172-31-10-147"
Sep 23 21:38:28 ip-172-31-10-147 kubelet[13623]: E0923 21:38:28.246971   13623 kubelet.go:3516] "Unable to register mirror pod because node is not registered yet" err="node \"ip-172-31-10-147\" not found" node="ip-172-31-10-147"
Sep 23 21:38:28 ip-172-31-10-147 kubelet[13623]: E0923 21:38:28.347017   13623 kubelet.go:3516] "Unable to register mirror pod because node is not registered yet" err="node \"ip-172-31-10-147\" not found" node="ip-172-31-10-147"
Sep 23 21:38:28 ip-172-31-10-147 kubelet[13623]: E0923 21:38:28.446914   13623 kubelet.go:3516] "Unable to register mirror pod because node is not registered yet" err="node \"ip-172-31-10-147\" not found" node="ip-172-31-10-147"
Sep 23 21:38:28 ip-172-31-10-147 kubelet[13623]: E0923 21:38:28.547509   13623 kubelet.go:3516] "Unable to register mirror pod because node is not registered yet" err="node \"ip-172-31-10-147\" not found" node="ip-172-31-10-147"
Sep 23 21:38:28 ip-172-31-10-147 kubelet[13623]: E0923 21:38:28.646696   13623 kubelet.go:3516] "Unable to register mirror pod because node is not registered yet" err="node \"ip-172-31-10-147\" not found" node="ip-172-31-10-147"
Sep 23 21:38:28 ip-172-31-10-147 kubelet[13623]: E0923 21:38:28.746877   13623 kubelet.go:3516] "Unable to register mirror pod because node is not registered yet" err="node \"ip-172-31-10-147\" not found" node="ip-172-31-10-147"
Sep 23 21:38:28 ip-172-31-10-147 kubelet[13623]: E0923 21:38:28.847444   13623 kubelet.go:3516] "Unable to register mirror pod because node is not registered yet" err="node \"ip-172-31-10-147\" not found" node="ip-172-31-10-147"
Sep 23 21:38:28 ip-172-31-10-147 kubelet[13623]: E0923 21:38:28.947263   13623 kubelet.go:3516] "Unable to register mirror pod because node is not registered yet" err="node \"ip-172-31-10-147\" not found" node="ip-172-31-10-147"
Sep 23 21:38:29 ip-172-31-10-147 kubelet[13623]: E0923 21:38:29.047077   13623 kubelet.go:3516] "Unable to register mirror pod because node is not registered yet" err="node \"ip-172-31-10-147\" not found" node="ip-172-31-10-147"
Sep 23 21:38:29 ip-172-31-10-147 kubelet[13623]: E0923 21:38:29.147192   13623 kubelet.go:3516] "Unable to register mirror pod because node is not registered yet" err="node \"ip-172-31-10-147\" not found" node="ip-172-31-10-147"
Sep 23 21:38:29 ip-172-31-10-147 kubelet[13623]: E0923 21:38:29.247140   13623 kubelet.go:3516] "Unable to register mirror pod because node is not registered yet" err="node \"ip-172-31-10-147\" not found" node="ip-172-31-10-147"
Sep 23 21:38:29 ip-172-31-10-147 kubelet[13623]: E0923 21:38:29.346553   13623 kubelet.go:3516] "Unable to register mirror pod because node is not registered yet" err="node \"ip-172-31-10-147\" not found" node="ip-172-31-10-147"
Sep 23 21:38:29 ip-172-31-10-147 kubelet[13623]: E0923 21:38:29.447108   13623 kubelet.go:3516] "Unable to register mirror pod because node is not registered yet" err="node \"ip-172-31-10-147\" not found" node="ip-172-31-10-147"
Sep 23 21:38:29 ip-172-31-10-147 kubelet[13623]: E0923 21:38:29.546546   13623 kubelet.go:3516] "Unable to register mirror pod because node is not registered yet" err="node \"ip-172-31-10-147\" not found" node="ip-172-31-10-147"
Sep 23 21:38:29 ip-172-31-10-147 kubelet[13623]: E0923 21:38:29.647022   13623 kubelet.go:3516] "Unable to register mirror pod because node is not registered yet" err="node \"ip-172-31-10-147\" not found" node="ip-172-31-10-147"
Sep 23 21:38:29 ip-172-31-10-147 kubelet[13623]: E0923 21:38:29.747105   13623 kubelet.go:3516] "Unable to register mirror pod because node is not registered yet" err="node \"ip-172-31-10-147\" not found" node="ip-172-31-10-147"
Sep 23 21:38:29 ip-172-31-10-147 kubelet[13623]: E0923 21:38:29.846918   13623 kubelet.go:3516] "Unable to register mirror pod because node is not registered yet" err="node \"ip-172-31-10-147\" not found" node="ip-172-31-10-147"
Sep 23 21:38:29 ip-172-31-10-147 kubelet[13623]: E0923 21:38:29.946541   13623 kubelet.go:3516] "Unable to register mirror pod because node is not registered yet" err="node \"ip-172-31-10-147\" not found" node="ip-172-31-10-147"
Sep 23 21:38:30 ip-172-31-10-147 kubelet[13623]: E0923 21:38:30.046928   13623 kubelet.go:3516] "Unable to register mirror pod because node is not registered yet" err="node \"ip-172-31-10-147\" not found" node="ip-172-31-10-147"
Sep 23 21:38:30 ip-172-31-10-147 kubelet[13623]: E0923 21:38:30.147555   13623 kubelet.go:3516] "Unable to register mirror pod because node is not registered yet" err="node \"ip-172-31-10-147\" not found" node="ip-172-31-10-147"
Sep 23 21:38:30 ip-172-31-10-147 kubelet[13623]: E0923 21:38:30.246955   13623 kubelet.go:3516] "Unable to register mirror pod because node is not registered yet" err="node \"ip-172-31-10-147\" not found" node="ip-172-31-10-147"
Sep 23 21:38:30 ip-172-31-10-147 kubelet[13623]: E0923 21:38:30.346975   13623 kubelet.go:3516] "Unable to register mirror pod because node is not registered yet" err="node \"ip-172-31-10-147\" not found" node="ip-172-31-10-147"
Sep 23 21:38:30 ip-172-31-10-147 kubelet[13623]: E0923 21:38:30.447573   13623 kubelet.go:3516] "Unable to register mirror pod because node is not registered yet" err="node \"ip-172-31-10-147\" not found" node="ip-172-31-10-147"
Sep 23 21:38:30 ip-172-31-10-147 kubelet[13623]: E0923 21:38:30.547090   13623 kubelet.go:3516] "Unable to register mirror pod because node is not registered yet" err="node \"ip-172-31-10-147\" not found" node="ip-172-31-10-147"
Sep 23 21:38:30 ip-172-31-10-147 kubelet[13623]: E0923 21:38:30.647406   13623 kubelet.go:3516] "Unable to register mirror pod because node is not registered yet" err="node \"ip-172-31-10-147\" not found" node="ip-172-31-10-147"
Sep 23 21:38:30 ip-172-31-10-147 kubelet[13623]: E0923 21:38:30.747566   13623 kubelet.go:3516] "Unable to register mirror pod because node is not registered yet" err="node \"ip-172-31-10-147\" not found" node="ip-172-31-10-147"
Sep 23 21:38:30 ip-172-31-10-147 kubelet[13623]: E0923 21:38:30.847521   13623 kubelet.go:3516] "Unable to register mirror pod because node is not registered yet" err="node \"ip-172-31-10-147\" not found" node="ip-172-31-10-147"
Sep 23 21:38:30 ip-172-31-10-147 kubelet[13623]: E0923 21:38:30.947147   13623 kubelet.go:3516] "Unable to register mirror pod because node is not registered yet" err="node \"ip-172-31-10-147\" not found" node="ip-172-31-10-147"
Sep 23 21:38:31 ip-172-31-10-147 kubelet[13623]: E0923 21:38:31.047531   13623 kubelet.go:3516] "Unable to register mirror pod because node is not registered yet" err="node \"ip-172-31-10-147\" not found" node="ip-172-31-10-147"
Sep 23 21:38:31 ip-172-31-10-147 kubelet[13623]: E0923 21:38:31.146896   13623 kubelet.go:3516] "Unable to register mirror pod because node is not registered yet" err="node \"ip-172-31-10-147\" not found" node="ip-172-31-10-147"
Sep 23 21:38:31 ip-172-31-10-147 kubelet[13623]: E0923 21:38:31.247180   13623 kubelet.go:3516] "Unable to register mirror pod because node is not registered yet" err="node \"ip-172-31-10-147\" not found" node="ip-172-31-10-147"
Sep 23 21:38:31 ip-172-31-10-147 kubelet[13623]: E0923 21:38:31.347349   13623 kubelet.go:3516] "Unable to register mirror pod because node is not registered yet" err="node \"ip-172-31-10-147\" not found" node="ip-172-31-10-147"
Sep 23 21:38:31 ip-172-31-10-147 kubelet[13623]: E0923 21:38:31.446959   13623 kubelet.go:3516] "Unable to register mirror pod because node is not registered yet" err="node \"ip-172-31-10-147\" not found" node="ip-172-31-10-147"
Sep 23 21:38:31 ip-172-31-10-147 kubelet[13623]: E0923 21:38:31.547604   13623 kubelet.go:3516] "Unable to register mirror pod because node is not registered yet" err="node \"ip-172-31-10-147\" not found" node="ip-172-31-10-147"
Sep 23 21:38:31 ip-172-31-10-147 kubelet[13623]: E0923 21:38:31.647017   13623 kubelet.go:3516] "Unable to register mirror pod because node is not registered yet" err="node \"ip-172-31-10-147\" not found" node="ip-172-31-10-147"
Sep 23 21:38:31 ip-172-31-10-147 kubelet[13623]: E0923 21:38:31.746580   13623 kubelet.go:3516] "Unable to register mirror pod because node is not registered yet" err="node \"ip-172-31-10-147\" not found" node="ip-172-31-10-147"
Sep 23 21:38:31 ip-172-31-10-147 kubelet[13623]: E0923 21:38:31.847102   13623 kubelet.go:3516] "Unable to register mirror pod because node is not registered yet" err="node \"ip-172-31-10-147\" not found" node="ip-172-31-10-147"
Sep 23 21:38:31 ip-172-31-10-147 kubelet[13623]: E0923 21:38:31.946582   13623 kubelet.go:3516] "Unable to register mirror pod because node is not registered yet" err="node \"ip-172-31-10-147\" not found" node="ip-172-31-10-147"
Sep 23 21:38:32 ip-172-31-10-147 kubelet[13623]: E0923 21:38:32.047310   13623 kubelet.go:3516] "Unable to register mirror pod because node is not registered yet" err="node \"ip-172-31-10-147\" not found" node="ip-172-31-10-147"
Sep 23 21:38:32 ip-172-31-10-147 kubelet[13623]: E0923 21:38:32.146921   13623 kubelet.go:3516] "Unable to register mirror pod because node is not registered yet" err="node \"ip-172-31-10-147\" not found" node="ip-172-31-10-147"
Sep 23 21:38:32 ip-172-31-10-147 kubelet[13623]: E0923 21:38:32.247129   13623 kubelet.go:3516] "Unable to register mirror pod because node is not registered yet" err="node \"ip-172-31-10-147\" not found" node="ip-172-31-10-147"
Sep 23 21:38:32 ip-172-31-10-147 kubelet[13623]: E0923 21:38:32.347213   13623 kubelet.go:3516] "Unable to register mirror pod because node is not registered yet" err="node \"ip-172-31-10-147\" not found" node="ip-172-31-10-147"
Sep 23 21:38:32 ip-172-31-10-147 kubelet[13623]: E0923 21:38:32.447043   13623 kubelet.go:3516] "Unable to register mirror pod because node is not registered yet" err="node \"ip-172-31-10-147\" not found" node="ip-172-31-10-147"
Sep 23 21:38:32 ip-172-31-10-147 kubelet[13623]: E0923 21:38:32.546617   13623 kubelet.go:3516] "Unable to register mirror pod because node is not registered yet" err="node \"ip-172-31-10-147\" not found" node="ip-172-31-10-147"
Sep 23 21:38:32 ip-172-31-10-147 kubelet[13623]: E0923 21:38:32.646984   13623 kubelet.go:3516] "Unable to register mirror pod because node is not registered yet" err="node \"ip-172-31-10-147\" not found" node="ip-172-31-10-147"
Sep 23 21:38:32 ip-172-31-10-147 kubelet[13623]: E0923 21:38:32.747364   13623 kubelet.go:3516] "Unable to register mirror pod because node is not registered yet" err="node \"ip-172-31-10-147\" not found" node="ip-172-31-10-147"
Sep 23 21:38:32 ip-172-31-10-147 kubelet[13623]: E0923 21:38:32.847053   13623 kubelet.go:3516] "Unable to register mirror pod because node is not registered yet" err="node \"ip-172-31-10-147\" not found" node="ip-172-31-10-147"
Sep 23 21:38:32 ip-172-31-10-147 kubelet[13623]: E0923 21:38:32.946911   13623 kubelet.go:3516] "Unable to register mirror pod because node is not registered yet" err="node \"ip-172-31-10-147\" not found" node="ip-172-31-10-147"
Sep 23 21:38:33 ip-172-31-10-147 kubelet[13623]: E0923 21:38:33.047073   13623 kubelet.go:3516] "Unable to register mirror pod because node is not registered yet" err="node \"ip-172-31-10-147\" not found" node="ip-172-31-10-147"
Sep 23 21:38:33 ip-172-31-10-147 kubelet[13623]: E0923 21:38:33.147578   13623 kubelet.go:3516] "Unable to register mirror pod because node is not registered yet" err="node \"ip-172-31-10-147\" not found" node="ip-172-31-10-147"
Sep 23 21:38:33 ip-172-31-10-147 kubelet[13623]: E0923 21:38:33.247007   13623 kubelet.go:3516] "Unable to register mirror pod because node is not registered yet" err="node \"ip-172-31-10-147\" not found" node="ip-172-31-10-147"
Sep 23 21:38:33 ip-172-31-10-147 kubelet[13623]: E0923 21:38:33.346923   13623 kubelet.go:3516] "Unable to register mirror pod because node is not registered yet" err="node \"ip-172-31-10-147\" not found" node="ip-172-31-10-147"
Sep 23 21:38:33 ip-172-31-10-147 kubelet[13623]: E0923 21:38:33.447547   13623 kubelet.go:3516] "Unable to register mirror pod because node is not registered yet" err="node \"ip-172-31-10-147\" not found" node="ip-172-31-10-147"
Sep 23 21:38:33 ip-172-31-10-147 kubelet[13623]: E0923 21:38:33.547067   13623 kubelet.go:3516] "Unable to register mirror pod because node is not registered yet" err="node \"ip-172-31-10-147\" not found" node="ip-172-31-10-147"
Sep 23 21:38:33 ip-172-31-10-147 kubelet[13623]: E0923 21:38:33.646739   13623 kubelet.go:3516] "Unable to register mirror pod because node is not registered yet" err="node \"ip-172-31-10-147\" not found" node="ip-172-31-10-147"
Sep 23 21:38:33 ip-172-31-10-147 kubelet[13623]: E0923 21:38:33.746800   13623 kubelet.go:3516] "Unable to register mirror pod because node is not registered yet" err="node \"ip-172-31-10-147\" not found" node="ip-172-31-10-147"
Sep 23 21:38:33 ip-172-31-10-147 kubelet[13623]: E0923 21:38:33.847422   13623 kubelet.go:3516] "Unable to register mirror pod because node is not registered yet" err="node \"ip-172-31-10-147\" not found" node="ip-172-31-10-147"
Sep 23 21:38:33 ip-172-31-10-147 kubelet[13623]: E0923 21:38:33.947030   13623 kubelet.go:3516] "Unable to register mirror pod because node is not registered yet" err="node \"ip-172-31-10-147\" not found" node="ip-172-31-10-147"
Sep 23 21:38:34 ip-172-31-10-147 kubelet[13623]: E0923 21:38:34.046675   13623 kubelet.go:3516] "Unable to register mirror pod because node is not registered yet" err="node \"ip-172-31-10-147\" not found" node="ip-172-31-10-147"
Sep 23 21:38:34 ip-172-31-10-147 kubelet[13623]: E0923 21:38:34.147312   13623 kubelet.go:3516] "Unable to register mirror pod because node is not registered yet" err="node \"ip-172-31-10-147\" not found" node="ip-172-31-10-147"
Sep 23 21:38:34 ip-172-31-10-147 kubelet[13623]: E0923 21:38:34.247364   13623 kubelet.go:3516] "Unable to register mirror pod because node is not registered yet" err="node \"ip-172-31-10-147\" not found" node="ip-172-31-10-147"
Sep 23 21:38:34 ip-172-31-10-147 kubelet[13623]: E0923 21:38:34.347012   13623 kubelet.go:3516] "Unable to register mirror pod because node is not registered yet" err="node \"ip-172-31-10-147\" not found" node="ip-172-31-10-147"
Sep 23 21:38:34 ip-172-31-10-147 kubelet[13623]: E0923 21:38:34.446552   13623 kubelet.go:3516] "Unable to register mirror pod because node is not registered yet" err="node \"ip-172-31-10-147\" not found" node="ip-172-31-10-147"
Sep 23 21:38:34 ip-172-31-10-147 kubelet[13623]: E0923 21:38:34.547198   13623 kubelet.go:3516] "Unable to register mirror pod because node is not registered yet" err="node \"ip-172-31-10-147\" not found" node="ip-172-31-10-147"
Sep 23 21:38:34 ip-172-31-10-147 kubelet[13623]: E0923 21:38:34.647367   13623 kubelet.go:3516] "Unable to register mirror pod because node is not registered yet" err="node \"ip-172-31-10-147\" not found" node="ip-172-31-10-147"
Sep 23 21:38:34 ip-172-31-10-147 kubelet[13623]: E0923 21:38:34.747351   13623 kubelet.go:3516] "Unable to register mirror pod because node is not registered yet" err="node \"ip-172-31-10-147\" not found" node="ip-172-31-10-147"
Sep 23 21:38:34 ip-172-31-10-147 kubelet[13623]: E0923 21:38:34.846901   13623 kubelet.go:3516] "Unable to register mirror pod because node is not registered yet" err="node \"ip-172-31-10-147\" not found" node="ip-172-31-10-147"
Sep 23 21:38:34 ip-172-31-10-147 kubelet[13623]: E0923 21:38:34.947502   13623 kubelet.go:3516] "Unable to register mirror pod because node is not registered yet" err="node \"ip-172-31-10-147\" not found" node="ip-172-31-10-147"
Sep 23 21:38:35 ip-172-31-10-147 kubelet[13623]: E0923 21:38:35.046985   13623 kubelet.go:3516] "Unable to register mirror pod because node is not registered yet" err="node \"ip-172-31-10-147\" not found" node="ip-172-31-10-147"
Sep 23 21:38:35 ip-172-31-10-147 kubelet[13623]: E0923 21:38:35.147060   13623 kubelet.go:3516] "Unable to register mirror pod because node is not registered yet" err="node \"ip-172-31-10-147\" not found" node="ip-172-31-10-147"
Sep 23 21:38:35 ip-172-31-10-147 kubelet[13623]: E0923 21:38:35.247026   13623 kubelet.go:3516] "Unable to register mirror pod because node is not registered yet" err="node \"ip-172-31-10-147\" not found" node="ip-172-31-10-147"
Sep 23 21:38:35 ip-172-31-10-147 kubelet[13623]: E0923 21:38:35.346872   13623 kubelet.go:3516] "Unable to register mirror pod because node is not registered yet" err="node \"ip-172-31-10-147\" not found" node="ip-172-31-10-147"
Sep 23 21:38:35 ip-172-31-10-147 kubelet[13623]: E0923 21:38:35.447515   13623 kubelet.go:3516] "Unable to register mirror pod because node is not registered yet" err="node \"ip-172-31-10-147\" not found" node="ip-172-31-10-147"
Sep 23 21:38:35 ip-172-31-10-147 kubelet[13623]: E0923 21:38:35.547608   13623 kubelet.go:3516] "Unable to register mirror pod because node is not registered yet" err="node \"ip-172-31-10-147\" not found" node="ip-172-31-10-147"
Sep 23 21:38:35 ip-172-31-10-147 kubelet[13623]: E0923 21:38:35.647246   13623 kubelet.go:3516] "Unable to register mirror pod because node is not registered yet" err="node \"ip-172-31-10-147\" not found" node="ip-172-31-10-147"
Sep 23 21:38:35 ip-172-31-10-147 kubelet[13623]: E0923 21:38:35.747539   13623 kubelet.go:3516] "Unable to register mirror pod because node is not registered yet" err="node \"ip-172-31-10-147\" not found" node="ip-172-31-10-147"
Sep 23 21:38:35 ip-172-31-10-147 kubelet[13623]: E0923 21:38:35.847622   13623 kubelet.go:3516] "Unable to register mirror pod because node is not registered yet" err="node \"ip-172-31-10-147\" not found" node="ip-172-31-10-147"
Sep 23 21:38:35 ip-172-31-10-147 kubelet[13623]: E0923 21:38:35.947662   13623 kubelet.go:3516] "Unable to register mirror pod because node is not registered yet" err="node \"ip-172-31-10-147\" not found" node="ip-172-31-10-147"
Sep 23 21:38:36 ip-172-31-10-147 kubelet[13623]: E0923 21:38:36.046996   13623 kubelet.go:3516] "Unable to register mirror pod because node is not registered yet" err="node \"ip-172-31-10-147\" not found" node="ip-172-31-10-147"
Sep 23 21:38:36 ip-172-31-10-147 kubelet[13623]: E0923 21:38:36.147343   13623 kubelet.go:3516] "Unable to register mirror pod because node is not registered yet" err="node \"ip-172-31-10-147\" not found" node="ip-172-31-10-147"
Sep 23 21:38:36 ip-172-31-10-147 kubelet[13623]: E0923 21:38:36.247560   13623 kubelet.go:3516] "Unable to register mirror pod because node is not registered yet" err="node \"ip-172-31-10-147\" not found" node="ip-172-31-10-147"
Sep 23 21:38:36 ip-172-31-10-147 kubelet[13623]: E0923 21:38:36.347535   13623 kubelet.go:3516] "Unable to register mirror pod because node is not registered yet" err="node \"ip-172-31-10-147\" not found" node="ip-172-31-10-147"
Sep 23 21:38:36 ip-172-31-10-147 kubelet[13623]: E0923 21:38:36.447229   13623 kubelet.go:3516] "Unable to register mirror pod because node is not registered yet" err="node \"ip-172-31-10-147\" not found" node="ip-172-31-10-147"
Sep 23 21:38:36 ip-172-31-10-147 kubelet[13623]: E0923 21:38:36.546883   13623 kubelet.go:3516] "Unable to register mirror pod because node is not registered yet" err="node \"ip-172-31-10-147\" not found" node="ip-172-31-10-147"
Sep 23 21:38:36 ip-172-31-10-147 kubelet[13623]: E0923 21:38:36.647540   13623 kubelet.go:3516] "Unable to register mirror pod because node is not registered yet" err="node \"ip-172-31-10-147\" not found" node="ip-172-31-10-147"
Sep 23 21:38:36 ip-172-31-10-147 kubelet[13623]: E0923 21:38:36.747034   13623 kubelet.go:3516] "Unable to register mirror pod because node is not registered yet" err="node \"ip-172-31-10-147\" not found" node="ip-172-31-10-147"
Sep 23 21:38:36 ip-172-31-10-147 kubelet[13623]: E0923 21:38:36.847243   13623 kubelet.go:3516] "Unable to register mirror pod because node is not registered yet" err="node \"ip-172-31-10-147\" not found" node="ip-172-31-10-147"
Sep 23 21:38:36 ip-172-31-10-147 kubelet[13623]: E0923 21:38:36.924024   13623 eviction_manager.go:297] "Eviction manager: failed to get summary stats" err="failed to get node info: node \"ip-172-31-10-147\" not found"
Sep 23 21:38:36 ip-172-31-10-147 kubelet[13623]: E0923 21:38:36.946722   13623 kubelet.go:3516] "Unable to register mirror pod because node is not registered yet" err="node \"ip-172-31-10-147\" not found" node="ip-172-31-10-147"
Sep 23 21:38:37 ip-172-31-10-147 kubelet[13623]: E0923 21:38:37.046987   13623 kubelet.go:3516] "Unable to register mirror pod because node is not registered yet" err="node \"ip-172-31-10-147\" not found" node="ip-172-31-10-147"
Sep 23 21:38:37 ip-172-31-10-147 kubelet[13623]: E0923 21:38:37.147127   13623 kubelet.go:3516] "Unable to register mirror pod because node is not registered yet" err="node \"ip-172-31-10-147\" not found" node="ip-172-31-10-147"
Sep 23 21:38:37 ip-172-31-10-147 kubelet[13623]: E0923 21:38:37.247538   13623 kubelet.go:3516] "Unable to register mirror pod because node is not registered yet" err="node \"ip-172-31-10-147\" not found" node="ip-172-31-10-147"
Sep 23 21:38:37 ip-172-31-10-147 kubelet[13623]: E0923 21:38:37.262199   13623 controller.go:201] "Failed to ensure lease exists, will retry" err="Get \"https://172.31.10.147:6443/apis/coordination.k8s.io/v1/namespaces/kube-node-lease/leases/ip-172-31-10-147?timeout=10s\": net/http: request canceled (Client.Timeout exceeded while awaiting headers)" interval="7s"
Sep 23 21:38:37 ip-172-31-10-147 kubelet[13623]: E0923 21:38:37.347257   13623 kubelet.go:3516] "Unable to register mirror pod because node is not registered yet" err="node \"ip-172-31-10-147\" not found" node="ip-172-31-10-147"
Sep 23 21:38:37 ip-172-31-10-147 kubelet[13623]: E0923 21:38:37.446858   13623 kubelet.go:3516] "Unable to register mirror pod because node is not registered yet" err="node \"ip-172-31-10-147\" not found" node="ip-172-31-10-147"
Sep 23 21:38:37 ip-172-31-10-147 kubelet[13623]: E0923 21:38:37.546680   13623 kubelet.go:3516] "Unable to register mirror pod because node is not registered yet" err="node \"ip-172-31-10-147\" not found" node="ip-172-31-10-147"
Sep 23 21:38:37 ip-172-31-10-147 kubelet[13623]: E0923 21:38:37.647220   13623 kubelet.go:3516] "Unable to register mirror pod because node is not registered yet" err="node \"ip-172-31-10-147\" not found" node="ip-172-31-10-147"
Sep 23 21:38:37 ip-172-31-10-147 kubelet[13623]: E0923 21:38:37.747005   13623 kubelet.go:3516] "Unable to register mirror pod because node is not registered yet" err="node \"ip-172-31-10-147\" not found" node="ip-172-31-10-147"
Sep 23 21:38:37 ip-172-31-10-147 kubelet[13623]: I0923 21:38:37.815895   13623 kubelet_node_status.go:125] "Node was previously registered" node="ip-172-31-10-147"
Sep 23 21:38:37 ip-172-31-10-147 kubelet[13623]: I0923 21:38:37.816013   13623 kubelet_node_status.go:78] "Successfully registered node" node="ip-172-31-10-147"
Sep 23 21:38:37 ip-172-31-10-147 kubelet[13623]: E0923 21:38:37.816039   13623 kubelet_node_status.go:479] "Error updating node status, will retry" err="error getting node \"ip-172-31-10-147\": node \"ip-172-31-10-147\" not found"
Sep 23 21:38:37 ip-172-31-10-147 kubelet[13623]: I0923 21:38:37.820009   13623 kuberuntime_manager.go:2172] "Updating runtime config through cri with podcidr" CIDR="10.244.0.0/24"
Sep 23 21:38:37 ip-172-31-10-147 kubelet[13623]: I0923 21:38:37.821718   13623 kubelet_network.go:48] "Updating Pod CIDR" originalPodCIDR="" newPodCIDR="10.244.0.0/24"
Sep 23 21:38:37 ip-172-31-10-147 kubelet[13623]: E0923 21:38:37.837517   13623 kubelet_node_status.go:396] "Error getting the current node from lister" err="node \"ip-172-31-10-147\" not found"
Sep 23 21:38:37 ip-172-31-10-147 kubelet[13623]: E0923 21:38:37.847567   13623 kubelet.go:3516] "Unable to register mirror pod because node is not registered yet" err="node \"ip-172-31-10-147\" not found" node="ip-172-31-10-147"
Sep 23 21:38:37 ip-172-31-10-147 kubelet[13623]: E0923 21:38:37.938382   13623 kubelet_node_status.go:390] "Node not becoming ready in time after startup"
Sep 23 21:38:37 ip-172-31-10-147 kubelet[13623]: E0923 21:38:37.946545   13623 kubelet.go:3516] "Unable to register mirror pod because node is not registered yet" err="node \"ip-172-31-10-147\" not found" node="ip-172-31-10-147"
Sep 23 21:38:38 ip-172-31-10-147 kubelet[13623]: E0923 21:38:38.046972   13623 kubelet.go:3516] "Unable to register mirror pod because node is not registered yet" err="node \"ip-172-31-10-147\" not found" node="ip-172-31-10-147"
Sep 23 21:38:38 ip-172-31-10-147 kubelet[13623]: E0923 21:38:38.147063   13623 kubelet.go:3516] "Unable to register mirror pod because node is not registered yet" err="node \"ip-172-31-10-147\" not found" node="ip-172-31-10-147"
Sep 23 21:38:38 ip-172-31-10-147 kubelet[13623]: E0923 21:38:38.247022   13623 kubelet.go:3516] "Unable to register mirror pod because node is not registered yet" err="node \"ip-172-31-10-147\" not found" node="ip-172-31-10-147"
Sep 23 21:38:38 ip-172-31-10-147 kubelet[13623]: E0923 21:38:38.347554   13623 kubelet.go:3516] "Unable to register mirror pod because node is not registered yet" err="node \"ip-172-31-10-147\" not found" node="ip-172-31-10-147"
Sep 23 21:38:38 ip-172-31-10-147 kubelet[13623]: E0923 21:38:38.447257   13623 kubelet.go:3516] "Unable to register mirror pod because node is not registered yet" err="node \"ip-172-31-10-147\" not found" node="ip-172-31-10-147"
Sep 23 21:38:38 ip-172-31-10-147 kubelet[13623]: E0923 21:38:38.547448   13623 kubelet.go:3516] "Unable to register mirror pod because node is not registered yet" err="node \"ip-172-31-10-147\" not found" node="ip-172-31-10-147"
Sep 23 21:38:38 ip-172-31-10-147 kubelet[13623]: E0923 21:38:38.647022   13623 kubelet.go:3516] "Unable to register mirror pod because node is not registered yet" err="node \"ip-172-31-10-147\" not found" node="ip-172-31-10-147"
Sep 23 21:38:38 ip-172-31-10-147 kubelet[13623]: E0923 21:38:38.747051   13623 kubelet.go:3516] "Unable to register mirror pod because node is not registered yet" err="node \"ip-172-31-10-147\" not found" node="ip-172-31-10-147"
Sep 23 21:38:38 ip-172-31-10-147 kubelet[13623]: E0923 21:38:38.840013   13623 kubelet.go:3495] "No need to create a mirror pod, since failed to get node info from the cluster" err="node \"ip-172-31-10-147\" not found" node="ip-172-31-10-147"
Sep 23 21:38:38 ip-172-31-10-147 kubelet[13623]: E0923 21:38:38.847103   13623 kubelet.go:3516] "Unable to register mirror pod because node is not registered yet" err="node \"ip-172-31-10-147\" not found" node="ip-172-31-10-147"
Sep 23 21:38:38 ip-172-31-10-147 kubelet[13623]: I0923 21:38:38.947257   13623 kubelet.go:3499] "Creating a mirror pod for static pod" pod="kube-system/etcd-ip-172-31-10-147"
Sep 23 21:38:39 ip-172-31-10-147 kubelet[13623]: I0923 21:38:39.707531   13623 apiserver.go:51] "Watching apiserver"
Sep 23 21:38:39 ip-172-31-10-147 kubelet[13623]: I0923 21:38:39.750832   13623 desired_state_of_world_populator.go:154] "Finished populating initial desired state of world"
Sep 23 21:38:39 ip-172-31-10-147 kubelet[13623]: I0923 21:38:39.823833   13623 reconciler_common.go:251] "operationExecutor.VerifyControllerAttachedVolume started for volume \"xtables-lock\" (UniqueName: \"kubernetes.io/host-path/4108cfef-39c4-429a-bc6b-55b07910106c-xtables-lock\") pod \"kube-flannel-ds-h47wg\" (UID: \"4108cfef-39c4-429a-bc6b-55b07910106c\") " pod="kube-flannel/kube-flannel-ds-h47wg"
Sep 23 21:38:39 ip-172-31-10-147 kubelet[13623]: I0923 21:38:39.824007   13623 reconciler_common.go:251] "operationExecutor.VerifyControllerAttachedVolume started for volume \"xtables-lock\" (UniqueName: \"kubernetes.io/host-path/9f1dfe00-f19a-402e-b4ec-d505c9ce4bee-xtables-lock\") pod \"kube-proxy-4qjpn\" (UID: \"9f1dfe00-f19a-402e-b4ec-d505c9ce4bee\") " pod="kube-system/kube-proxy-4qjpn"
Sep 23 21:38:39 ip-172-31-10-147 kubelet[13623]: I0923 21:38:39.824108   13623 reconciler_common.go:251] "operationExecutor.VerifyControllerAttachedVolume started for volume \"run\" (UniqueName: \"kubernetes.io/host-path/4108cfef-39c4-429a-bc6b-55b07910106c-run\") pod \"kube-flannel-ds-h47wg\" (UID: \"4108cfef-39c4-429a-bc6b-55b07910106c\") " pod="kube-flannel/kube-flannel-ds-h47wg"
Sep 23 21:38:39 ip-172-31-10-147 kubelet[13623]: I0923 21:38:39.824142   13623 reconciler_common.go:251] "operationExecutor.VerifyControllerAttachedVolume started for volume \"lib-modules\" (UniqueName: \"kubernetes.io/host-path/9f1dfe00-f19a-402e-b4ec-d505c9ce4bee-lib-modules\") pod \"kube-proxy-4qjpn\" (UID: \"9f1dfe00-f19a-402e-b4ec-d505c9ce4bee\") " pod="kube-system/kube-proxy-4qjpn"
Sep 23 21:38:39 ip-172-31-10-147 kubelet[13623]: I0923 21:38:39.824441   13623 reconciler_common.go:251] "operationExecutor.VerifyControllerAttachedVolume started for volume \"cni-plugin\" (UniqueName: \"kubernetes.io/host-path/4108cfef-39c4-429a-bc6b-55b07910106c-cni-plugin\") pod \"kube-flannel-ds-h47wg\" (UID: \"4108cfef-39c4-429a-bc6b-55b07910106c\") " pod="kube-flannel/kube-flannel-ds-h47wg"
Sep 23 21:38:39 ip-172-31-10-147 kubelet[13623]: I0923 21:38:39.824582   13623 reconciler_common.go:251] "operationExecutor.VerifyControllerAttachedVolume started for volume \"cni\" (UniqueName: \"kubernetes.io/host-path/4108cfef-39c4-429a-bc6b-55b07910106c-cni\") pod \"kube-flannel-ds-h47wg\" (UID: \"4108cfef-39c4-429a-bc6b-55b07910106c\") " pod="kube-flannel/kube-flannel-ds-h47wg"
Sep 23 21:38:44 ip-172-31-10-147 kubelet[13623]: E0923 21:38:44.709658   13623 kubelet.go:3501] "Failed creating a mirror pod" err="pods \"etcd-ip-172-31-10-147\" already exists" pod="kube-system/etcd-ip-172-31-10-147"
Sep 23 21:38:44 ip-172-31-10-147 kubelet[13623]: I0923 21:38:44.709707   13623 kubelet.go:3499] "Creating a mirror pod for static pod" pod="kube-system/kube-apiserver-ip-172-31-10-147"
Sep 23 21:38:44 ip-172-31-10-147 kubelet[13623]: E0923 21:38:44.723179   13623 kubelet.go:3501] "Failed creating a mirror pod" err="pods \"kube-apiserver-ip-172-31-10-147\" already exists" pod="kube-system/kube-apiserver-ip-172-31-10-147"
Sep 23 21:38:44 ip-172-31-10-147 kubelet[13623]: I0923 21:38:44.723405   13623 kubelet.go:3499] "Creating a mirror pod for static pod" pod="kube-system/kube-controller-manager-ip-172-31-10-147"
Sep 23 21:38:44 ip-172-31-10-147 kubelet[13623]: E0923 21:38:44.739734   13623 kubelet.go:3501] "Failed creating a mirror pod" err="pods \"kube-controller-manager-ip-172-31-10-147\" already exists" pod="kube-system/kube-controller-manager-ip-172-31-10-147"
Sep 23 21:38:44 ip-172-31-10-147 kubelet[13623]: I0923 21:38:44.739789   13623 kubelet.go:3499] "Creating a mirror pod for static pod" pod="kube-system/kube-scheduler-ip-172-31-10-147"
Sep 23 21:38:44 ip-172-31-10-147 kubelet[13623]: E0923 21:38:44.750671   13623 kubelet.go:3501] "Failed creating a mirror pod" err="pods \"kube-scheduler-ip-172-31-10-147\" already exists" pod="kube-system/kube-scheduler-ip-172-31-10-147"
Sep 23 21:39:18 ip-172-31-10-147 kubelet[13623]: I0923 21:39:18.111662   13623 reconciler_common.go:251] "operationExecutor.VerifyControllerAttachedVolume started for volume \"kube-api-access-db25j\" (UniqueName: \"kubernetes.io/projected/f549dee1-1e99-4fdc-971f-519a2f313e27-kube-api-access-db25j\") pod \"restore-client\" (UID: \"f549dee1-1e99-4fdc-971f-519a2f313e27\") " pod="test-recovery/restore-client"
Sep 23 21:39:20 ip-172-31-10-147 kubelet[13623]: I0923 21:39:20.844488   13623 reconciler_common.go:163] "operationExecutor.UnmountVolume started for volume \"kubernetes.io/projected/f549dee1-1e99-4fdc-971f-519a2f313e27-kube-api-access-db25j\" (UniqueName: \"kubernetes.io/projected/f549dee1-1e99-4fdc-971f-519a2f313e27-kube-api-access-db25j\") pod \"f549dee1-1e99-4fdc-971f-519a2f313e27\" (UID: \"f549dee1-1e99-4fdc-971f-519a2f313e27\") "
Sep 23 21:39:20 ip-172-31-10-147 kubelet[13623]: I0923 21:39:20.853613   13623 operation_generator.go:782] UnmountVolume.TearDown succeeded for volume "kubernetes.io/projected/f549dee1-1e99-4fdc-971f-519a2f313e27-kube-api-access-db25j" pod "f549dee1-1e99-4fdc-971f-519a2f313e27" (UID: "f549dee1-1e99-4fdc-971f-519a2f313e27"). InnerVolumeSpecName "kube-api-access-db25j". PluginName "kubernetes.io/projected", VolumeGIDValue ""
Sep 23 21:39:20 ip-172-31-10-147 kubelet[13623]: I0923 21:39:20.945774   13623 reconciler_common.go:299] "Volume detached for volume \"kube-api-access-db25j\" (UniqueName: \"kubernetes.io/projected/f549dee1-1e99-4fdc-971f-519a2f313e27-kube-api-access-db25j\") on node \"ip-172-31-10-147\" DevicePath \"\""
Sep 23 21:39:21 ip-172-31-10-147 kubelet[13623]: I0923 21:39:21.436010   13623 scope.go:122] "RemoveContainer" containerID="0e1e36d3ec01569582a98ecdabcfef72ac2e6ce83990aa20eaed6aefcc36f5d1"
Sep 23 21:39:22 ip-172-31-10-147 kubelet[13623]: I0923 21:39:22.728138   13623 kubelet_volumes.go:161] "Cleaned up orphaned pod volumes dir" podUID="f549dee1-1e99-4fdc-971f-519a2f313e27" path="/var/lib/kubelet/pods/f549dee1-1e99-4fdc-971f-519a2f313e27/volumes"
Sep 23 21:39:34 ip-172-31-10-147 kubelet[13623]: E0923 21:39:34.105672   13623 file.go:107] "Unable to process watch event" err="can't process config file \"/etc/kubernetes/manifests/sedZqQrFQ\": /etc/kubernetes/manifests/sedZqQrFQ: couldn't parse as pod(Object 'Kind' is missing in 'null'), please check config file"
Sep 23 21:39:34 ip-172-31-10-147 kubelet[13623]: E0923 21:39:34.105785   13623 file.go:107] "Unable to process watch event" err="can't process config file \"/etc/kubernetes/manifests/sedZqQrFQ\": /etc/kubernetes/manifests/sedZqQrFQ: couldn't parse as pod(Object 'Kind' is missing in 'null'), please check config file"
Sep 23 21:39:34 ip-172-31-10-147 kubelet[13623]: I0923 21:39:34.140831   13623 reconciler_common.go:251] "operationExecutor.VerifyControllerAttachedVolume started for volume \"k8s-certs\" (UniqueName: \"kubernetes.io/host-path/95bf2479c2bd621df17e5f623813978b-k8s-certs\") pod \"kube-apiserver-ip-172-31-10-147\" (UID: \"95bf2479c2bd621df17e5f623813978b\") " pod="kube-system/kube-apiserver-ip-172-31-10-147"
Sep 23 21:39:34 ip-172-31-10-147 kubelet[13623]: I0923 21:39:34.140929   13623 reconciler_common.go:251] "operationExecutor.VerifyControllerAttachedVolume started for volume \"usr-share-ca-certificates\" (UniqueName: \"kubernetes.io/host-path/95bf2479c2bd621df17e5f623813978b-usr-share-ca-certificates\") pod \"kube-apiserver-ip-172-31-10-147\" (UID: \"95bf2479c2bd621df17e5f623813978b\") " pod="kube-system/kube-apiserver-ip-172-31-10-147"
Sep 23 21:39:34 ip-172-31-10-147 kubelet[13623]: I0923 21:39:34.140969   13623 reconciler_common.go:251] "operationExecutor.VerifyControllerAttachedVolume started for volume \"usr-local-share-ca-certificates\" (UniqueName: \"kubernetes.io/host-path/95bf2479c2bd621df17e5f623813978b-usr-local-share-ca-certificates\") pod \"kube-apiserver-ip-172-31-10-147\" (UID: \"95bf2479c2bd621df17e5f623813978b\") " pod="kube-system/kube-apiserver-ip-172-31-10-147"
Sep 23 21:39:34 ip-172-31-10-147 kubelet[13623]: I0923 21:39:34.141129   13623 reconciler_common.go:251] "operationExecutor.VerifyControllerAttachedVolume started for volume \"ca-certs\" (UniqueName: \"kubernetes.io/host-path/95bf2479c2bd621df17e5f623813978b-ca-certs\") pod \"kube-apiserver-ip-172-31-10-147\" (UID: \"95bf2479c2bd621df17e5f623813978b\") " pod="kube-system/kube-apiserver-ip-172-31-10-147"
Sep 23 21:39:34 ip-172-31-10-147 kubelet[13623]: I0923 21:39:34.141360   13623 reconciler_common.go:251] "operationExecutor.VerifyControllerAttachedVolume started for volume \"etc-ca-certificates\" (UniqueName: \"kubernetes.io/host-path/95bf2479c2bd621df17e5f623813978b-etc-ca-certificates\") pod \"kube-apiserver-ip-172-31-10-147\" (UID: \"95bf2479c2bd621df17e5f623813978b\") " pod="kube-system/kube-apiserver-ip-172-31-10-147"
Sep 23 21:39:35 ip-172-31-10-147 kubelet[13623]: E0923 21:39:35.497600   13623 controller.go:251] "Failed to update lease" err="Put \"https://172.31.10.147:6443/apis/coordination.k8s.io/v1/namespaces/kube-node-lease/leases/ip-172-31-10-147?timeout=10s\": dial tcp 172.31.10.147:6443: connect: connection refused"
Sep 23 21:39:35 ip-172-31-10-147 kubelet[13623]: E0923 21:39:35.498910   13623 controller.go:251] "Failed to update lease" err="Put \"https://172.31.10.147:6443/apis/coordination.k8s.io/v1/namespaces/kube-node-lease/leases/ip-172-31-10-147?timeout=10s\": dial tcp 172.31.10.147:6443: connect: connection refused"
Sep 23 21:39:35 ip-172-31-10-147 kubelet[13623]: E0923 21:39:35.499368   13623 controller.go:251] "Failed to update lease" err="Put \"https://172.31.10.147:6443/apis/coordination.k8s.io/v1/namespaces/kube-node-lease/leases/ip-172-31-10-147?timeout=10s\": dial tcp 172.31.10.147:6443: connect: connection refused"
Sep 23 21:39:35 ip-172-31-10-147 kubelet[13623]: E0923 21:39:35.499916   13623 controller.go:251] "Failed to update lease" err="Put \"https://172.31.10.147:6443/apis/coordination.k8s.io/v1/namespaces/kube-node-lease/leases/ip-172-31-10-147?timeout=10s\": dial tcp 172.31.10.147:6443: connect: connection refused"
Sep 23 21:39:35 ip-172-31-10-147 kubelet[13623]: E0923 21:39:35.500398   13623 controller.go:251] "Failed to update lease" err="Put \"https://172.31.10.147:6443/apis/coordination.k8s.io/v1/namespaces/kube-node-lease/leases/ip-172-31-10-147?timeout=10s\": dial tcp 172.31.10.147:6443: connect: connection refused"
Sep 23 21:39:35 ip-172-31-10-147 kubelet[13623]: I0923 21:39:35.500502   13623 controller.go:171] "failed to update lease using latest lease, fallback to ensure lease" err="failed 5 attempts to update lease"
Sep 23 21:39:35 ip-172-31-10-147 kubelet[13623]: E0923 21:39:35.500837   13623 controller.go:201] "Failed to ensure lease exists, will retry" err="Get \"https://172.31.10.147:6443/apis/coordination.k8s.io/v1/namespaces/kube-node-lease/leases/ip-172-31-10-147?timeout=10s\": dial tcp 172.31.10.147:6443: connect: connection refused" interval="200ms"
Sep 23 21:39:35 ip-172-31-10-147 kubelet[13623]: E0923 21:39:35.701937   13623 controller.go:201] "Failed to ensure lease exists, will retry" err="Get \"https://172.31.10.147:6443/apis/coordination.k8s.io/v1/namespaces/kube-node-lease/leases/ip-172-31-10-147?timeout=10s\": dial tcp 172.31.10.147:6443: connect: connection refused" interval="400ms"
Sep 23 21:39:36 ip-172-31-10-147 kubelet[13623]: E0923 21:39:36.103370   13623 controller.go:201] "Failed to ensure lease exists, will retry" err="Get \"https://172.31.10.147:6443/apis/coordination.k8s.io/v1/namespaces/kube-node-lease/leases/ip-172-31-10-147?timeout=10s\": dial tcp 172.31.10.147:6443: connect: connection refused" interval="800ms"
Sep 23 21:39:36 ip-172-31-10-147 kubelet[13623]: E0923 21:39:36.906286   13623 controller.go:201] "Failed to ensure lease exists, will retry" err="Get \"https://172.31.10.147:6443/apis/coordination.k8s.io/v1/namespaces/kube-node-lease/leases/ip-172-31-10-147?timeout=10s\": dial tcp 172.31.10.147:6443: connect: connection refused" interval="1.6s"
Sep 23 21:39:38 ip-172-31-10-147 kubelet[13623]: E0923 21:39:38.508103   13623 controller.go:201] "Failed to ensure lease exists, will retry" err="Get \"https://172.31.10.147:6443/apis/coordination.k8s.io/v1/namespaces/kube-node-lease/leases/ip-172-31-10-147?timeout=10s\": dial tcp 172.31.10.147:6443: connect: connection refused" interval="3.2s"
Sep 23 21:39:41 ip-172-31-10-147 kubelet[13623]: E0923 21:39:41.709032   13623 controller.go:201] "Failed to ensure lease exists, will retry" err="Get \"https://172.31.10.147:6443/apis/coordination.k8s.io/v1/namespaces/kube-node-lease/leases/ip-172-31-10-147?timeout=10s\": dial tcp 172.31.10.147:6443: connect: connection refused" interval="6.4s"
Sep 23 21:39:46 ip-172-31-10-147 kubelet[13623]: I0923 21:39:46.538589   13623 scope.go:122] "RemoveContainer" containerID="d79dad6faff160c2a9cb5b99b4ede14a295aa0307942bfa0f1dea206524dd51e"
Sep 23 21:39:46 ip-172-31-10-147 kubelet[13623]: I0923 21:39:46.540243   13623 scope.go:122] "RemoveContainer" containerID="610c8d0983151084677ae35083380188c5614e0135a54f79b33f7b683f6565a0"
Sep 23 21:39:46 ip-172-31-10-147 kubelet[13623]: E0923 21:39:46.540838   13623 pod_workers.go:1338] "Error syncing pod, skipping" err="failed to \"StartContainer\" for \"kube-controller-manager\" with CrashLoopBackOff: \"back-off 10s restarting failed container=kube-controller-manager pod=kube-controller-manager-ip-172-31-10-147_kube-system(ec926ddc197c2b2b715fadb00c990026)\"" pod="kube-system/kube-controller-manager-ip-172-31-10-147" podUID="ec926ddc197c2b2b715fadb00c990026"
Sep 23 21:39:46 ip-172-31-10-147 kubelet[13623]: E0923 21:39:46.541152   13623 status_manager.go:1164] "Failed to get status for pod" err="Get \"https://172.31.10.147:6443/api/v1/namespaces/kube-system/pods/kube-controller-manager-ip-172-31-10-147\": dial tcp 172.31.10.147:6443: connect: connection refused" podUID="ec926ddc197c2b2b715fadb00c990026" pod="kube-system/kube-controller-manager-ip-172-31-10-147"
Sep 23 21:39:46 ip-172-31-10-147 kubelet[13623]: E0923 21:39:46.544266   13623 event.go:368] "Unable to write event (may retry after sleeping)" err="Post \"https://172.31.10.147:6443/api/v1/namespaces/kube-system/events\": dial tcp 172.31.10.147:6443: connect: connection refused" event="&Event{ObjectMeta:{kube-controller-manager-ip-172-31-10-147.18d8110a00cfdb1c  kube-system    0 0001-01-01 00:00:00 +0000 UTC <nil> <nil> map[] map[] [] [] []},InvolvedObject:ObjectReference{Kind:Pod,Namespace:kube-system,Name:kube-controller-manager-ip-172-31-10-147,UID:ec926ddc197c2b2b715fadb00c990026,APIVersion:v1,ResourceVersion:,FieldPath:spec.containers{kube-controller-manager},},Reason:BackOff,Message:Back-off restarting failed container kube-controller-manager in pod kube-controller-manager-ip-172-31-10-147_kube-system(ec926ddc197c2b2b715fadb00c990026),Source:EventSource{Component:kubelet,Host:ip-172-31-10-147,},FirstTimestamp:2026-09-23 21:39:46.540739356 +0000 UTC m=+220.061308571,LastTimestamp:2026-09-23 21:39:46.540739356 +0000 UTC m=+220.061308571,Count:1,Type:Warning,EventTime:0001-01-01 00:00:00 +0000 UTC,Series:nil,Action:,Related:nil,ReportingController:kubelet,ReportingInstance:ip-172-31-10-147,}"
Sep 23 21:39:46 ip-172-31-10-147 kubelet[13623]: I0923 21:39:46.552374   13623 scope.go:122] "RemoveContainer" containerID="e89b393e1507bd5608e042622f53a853ac7e3836ff760bad54b5448e21ae37a4"
Sep 23 21:39:46 ip-172-31-10-147 kubelet[13623]: E0923 21:39:46.552691   13623 pod_workers.go:1338] "Error syncing pod, skipping" err="failed to \"StartContainer\" for \"kube-scheduler\" with CrashLoopBackOff: \"back-off 10s restarting failed container=kube-scheduler pod=kube-scheduler-ip-172-31-10-147_kube-system(b6fbb832ff5a81e885c63fbca0306dce)\"" pod="kube-system/kube-scheduler-ip-172-31-10-147" podUID="b6fbb832ff5a81e885c63fbca0306dce"
Sep 23 21:39:46 ip-172-31-10-147 kubelet[13623]: E0923 21:39:46.553073   13623 status_manager.go:1164] "Failed to get status for pod" err="Get \"https://172.31.10.147:6443/api/v1/namespaces/kube-system/pods/kube-controller-manager-ip-172-31-10-147\": dial tcp 172.31.10.147:6443: connect: connection refused" podUID="ec926ddc197c2b2b715fadb00c990026" pod="kube-system/kube-controller-manager-ip-172-31-10-147"
Sep 23 21:39:46 ip-172-31-10-147 kubelet[13623]: E0923 21:39:46.554059   13623 status_manager.go:1164] "Failed to get status for pod" err="Get \"https://172.31.10.147:6443/api/v1/namespaces/kube-system/pods/kube-scheduler-ip-172-31-10-147\": dial tcp 172.31.10.147:6443: connect: connection refused" podUID="b6fbb832ff5a81e885c63fbca0306dce" pod="kube-system/kube-scheduler-ip-172-31-10-147"
Sep 23 21:39:46 ip-172-31-10-147 kubelet[13623]: I0923 21:39:46.565099   13623 scope.go:122] "RemoveContainer" containerID="b15c07cde822b6ba2aa862c99c707e6279bd2b7adf0abaa0c2b3aba385f0d072"
Sep 23 21:39:46 ip-172-31-10-147 kubelet[13623]: E0923 21:39:46.721092   13623 status_manager.go:1164] "Failed to get status for pod" err="Get \"https://172.31.10.147:6443/api/v1/namespaces/kube-system/pods/kube-controller-manager-ip-172-31-10-147\": dial tcp 172.31.10.147:6443: connect: connection refused" podUID="ec926ddc197c2b2b715fadb00c990026" pod="kube-system/kube-controller-manager-ip-172-31-10-147"
Sep 23 21:39:46 ip-172-31-10-147 kubelet[13623]: E0923 21:39:46.721568   13623 status_manager.go:1164] "Failed to get status for pod" err="Get \"https://172.31.10.147:6443/api/v1/namespaces/kube-system/pods/kube-scheduler-ip-172-31-10-147\": dial tcp 172.31.10.147:6443: connect: connection refused" podUID="b6fbb832ff5a81e885c63fbca0306dce" pod="kube-system/kube-scheduler-ip-172-31-10-147"
Sep 23 21:39:47 ip-172-31-10-147 kubelet[13623]: I0923 21:39:47.559352   13623 scope.go:122] "RemoveContainer" containerID="610c8d0983151084677ae35083380188c5614e0135a54f79b33f7b683f6565a0"
Sep 23 21:39:47 ip-172-31-10-147 kubelet[13623]: E0923 21:39:47.566829   13623 status_manager.go:1164] "Failed to get status for pod" err="Get \"https://172.31.10.147:6443/api/v1/namespaces/kube-system/pods/kube-scheduler-ip-172-31-10-147\": dial tcp 172.31.10.147:6443: connect: connection refused" podUID="b6fbb832ff5a81e885c63fbca0306dce" pod="kube-system/kube-scheduler-ip-172-31-10-147"
Sep 23 21:39:47 ip-172-31-10-147 kubelet[13623]: E0923 21:39:47.567225   13623 pod_workers.go:1338] "Error syncing pod, skipping" err="failed to \"StartContainer\" for \"kube-controller-manager\" with CrashLoopBackOff: \"back-off 10s restarting failed container=kube-controller-manager pod=kube-controller-manager-ip-172-31-10-147_kube-system(ec926ddc197c2b2b715fadb00c990026)\"" pod="kube-system/kube-controller-manager-ip-172-31-10-147" podUID="ec926ddc197c2b2b715fadb00c990026"
Sep 23 21:39:47 ip-172-31-10-147 kubelet[13623]: E0923 21:39:47.567370   13623 status_manager.go:1164] "Failed to get status for pod" err="Get \"https://172.31.10.147:6443/api/v1/namespaces/kube-system/pods/kube-controller-manager-ip-172-31-10-147\": dial tcp 172.31.10.147:6443: connect: connection refused" podUID="ec926ddc197c2b2b715fadb00c990026" pod="kube-system/kube-controller-manager-ip-172-31-10-147"
Sep 23 21:39:47 ip-172-31-10-147 kubelet[13623]: I0923 21:39:47.568603   13623 scope.go:122] "RemoveContainer" containerID="e89b393e1507bd5608e042622f53a853ac7e3836ff760bad54b5448e21ae37a4"
Sep 23 21:39:47 ip-172-31-10-147 kubelet[13623]: E0923 21:39:47.568819   13623 pod_workers.go:1338] "Error syncing pod, skipping" err="failed to \"StartContainer\" for \"kube-scheduler\" with CrashLoopBackOff: \"back-off 10s restarting failed container=kube-scheduler pod=kube-scheduler-ip-172-31-10-147_kube-system(b6fbb832ff5a81e885c63fbca0306dce)\"" pod="kube-system/kube-scheduler-ip-172-31-10-147" podUID="b6fbb832ff5a81e885c63fbca0306dce"
Sep 23 21:39:47 ip-172-31-10-147 kubelet[13623]: E0923 21:39:47.568831   13623 status_manager.go:1164] "Failed to get status for pod" err="Get \"https://172.31.10.147:6443/api/v1/namespaces/kube-system/pods/kube-controller-manager-ip-172-31-10-147\": dial tcp 172.31.10.147:6443: connect: connection refused" podUID="ec926ddc197c2b2b715fadb00c990026" pod="kube-system/kube-controller-manager-ip-172-31-10-147"
Sep 23 21:39:47 ip-172-31-10-147 kubelet[13623]: E0923 21:39:47.569499   13623 status_manager.go:1164] "Failed to get status for pod" err="Get \"https://172.31.10.147:6443/api/v1/namespaces/kube-system/pods/kube-scheduler-ip-172-31-10-147\": dial tcp 172.31.10.147:6443: connect: connection refused" podUID="b6fbb832ff5a81e885c63fbca0306dce" pod="kube-system/kube-scheduler-ip-172-31-10-147"
Sep 23 21:39:48 ip-172-31-10-147 kubelet[13623]: E0923 21:39:48.110254   13623 controller.go:201] "Failed to ensure lease exists, will retry" err="Get \"https://172.31.10.147:6443/apis/coordination.k8s.io/v1/namespaces/kube-node-lease/leases/ip-172-31-10-147?timeout=10s\": dial tcp 172.31.10.147:6443: connect: connection refused" interval="7s"
Sep 23 21:39:48 ip-172-31-10-147 kubelet[13623]: I0923 21:39:48.571263   13623 scope.go:122] "RemoveContainer" containerID="e89b393e1507bd5608e042622f53a853ac7e3836ff760bad54b5448e21ae37a4"
Sep 23 21:39:48 ip-172-31-10-147 kubelet[13623]: E0923 21:39:48.571525   13623 pod_workers.go:1338] "Error syncing pod, skipping" err="failed to \"StartContainer\" for \"kube-scheduler\" with CrashLoopBackOff: \"back-off 10s restarting failed container=kube-scheduler pod=kube-scheduler-ip-172-31-10-147_kube-system(b6fbb832ff5a81e885c63fbca0306dce)\"" pod="kube-system/kube-scheduler-ip-172-31-10-147" podUID="b6fbb832ff5a81e885c63fbca0306dce"
Sep 23 21:39:48 ip-172-31-10-147 kubelet[13623]: E0923 21:39:48.997431   13623 event.go:368] "Unable to write event (may retry after sleeping)" err="Post \"https://172.31.10.147:6443/api/v1/namespaces/kube-system/events\": dial tcp 172.31.10.147:6443: connect: connection refused" event="&Event{ObjectMeta:{kube-controller-manager-ip-172-31-10-147.18d8110a00cfdb1c  kube-system    0 0001-01-01 00:00:00 +0000 UTC <nil> <nil> map[] map[] [] [] []},InvolvedObject:ObjectReference{Kind:Pod,Namespace:kube-system,Name:kube-controller-manager-ip-172-31-10-147,UID:ec926ddc197c2b2b715fadb00c990026,APIVersion:v1,ResourceVersion:,FieldPath:spec.containers{kube-controller-manager},},Reason:BackOff,Message:Back-off restarting failed container kube-controller-manager in pod kube-controller-manager-ip-172-31-10-147_kube-system(ec926ddc197c2b2b715fadb00c990026),Source:EventSource{Component:kubelet,Host:ip-172-31-10-147,},FirstTimestamp:2026-09-23 21:39:46.540739356 +0000 UTC m=+220.061308571,LastTimestamp:2026-09-23 21:39:46.540739356 +0000 UTC m=+220.061308571,Count:1,Type:Warning,EventTime:0001-01-01 00:00:00 +0000 UTC,Series:nil,Action:,Related:nil,ReportingController:kubelet,ReportingInstance:ip-172-31-10-147,}"
Sep 23 21:39:55 ip-172-31-10-147 kubelet[13623]: E0923 21:39:55.111335   13623 controller.go:201] "Failed to ensure lease exists, will retry" err="Get \"https://172.31.10.147:6443/apis/coordination.k8s.io/v1/namespaces/kube-node-lease/leases/ip-172-31-10-147?timeout=10s\": dial tcp 172.31.10.147:6443: connect: connection refused" interval="7s"
Sep 23 21:39:56 ip-172-31-10-147 kubelet[13623]: E0923 21:39:56.719429   13623 status_manager.go:1164] "Failed to get status for pod" err="Get \"https://172.31.10.147:6443/api/v1/namespaces/kube-system/pods/kube-controller-manager-ip-172-31-10-147\": dial tcp 172.31.10.147:6443: connect: connection refused" podUID="ec926ddc197c2b2b715fadb00c990026" pod="kube-system/kube-controller-manager-ip-172-31-10-147"
Sep 23 21:39:56 ip-172-31-10-147 kubelet[13623]: E0923 21:39:56.719726   13623 status_manager.go:1164] "Failed to get status for pod" err="Get \"https://172.31.10.147:6443/api/v1/namespaces/kube-system/pods/kube-scheduler-ip-172-31-10-147\": dial tcp 172.31.10.147:6443: connect: connection refused" podUID="b6fbb832ff5a81e885c63fbca0306dce" pod="kube-system/kube-scheduler-ip-172-31-10-147"
Sep 23 21:39:56 ip-172-31-10-147 kubelet[13623]: I0923 21:39:56.720893   13623 scope.go:122] "RemoveContainer" containerID="610c8d0983151084677ae35083380188c5614e0135a54f79b33f7b683f6565a0"
Sep 23 21:39:56 ip-172-31-10-147 kubelet[13623]: E0923 21:39:56.947169   13623 status_manager.go:1164] "Failed to get status for pod" err="Get \"https://172.31.10.147:6443/api/v1/namespaces/kube-system/pods/kube-controller-manager-ip-172-31-10-147\": dial tcp 172.31.10.147:6443: connect: connection refused" podUID="ec926ddc197c2b2b715fadb00c990026" pod="kube-system/kube-controller-manager-ip-172-31-10-147"
Sep 23 21:39:56 ip-172-31-10-147 kubelet[13623]: E0923 21:39:56.947645   13623 status_manager.go:1164] "Failed to get status for pod" err="Get \"https://172.31.10.147:6443/api/v1/namespaces/kube-system/pods/kube-scheduler-ip-172-31-10-147\": dial tcp 172.31.10.147:6443: connect: connection refused" podUID="b6fbb832ff5a81e885c63fbca0306dce" pod="kube-system/kube-scheduler-ip-172-31-10-147"
Sep 23 21:39:57 ip-172-31-10-147 kubelet[13623]: I0923 21:39:57.719897   13623 scope.go:122] "RemoveContainer" containerID="e89b393e1507bd5608e042622f53a853ac7e3836ff760bad54b5448e21ae37a4"
Sep 23 21:39:57 ip-172-31-10-147 kubelet[13623]: E0923 21:39:57.935385   13623 status_manager.go:1164] "Failed to get status for pod" err="Get \"https://172.31.10.147:6443/api/v1/namespaces/kube-system/pods/kube-controller-manager-ip-172-31-10-147\": dial tcp 172.31.10.147:6443: connect: connection refused" podUID="ec926ddc197c2b2b715fadb00c990026" pod="kube-system/kube-controller-manager-ip-172-31-10-147"
Sep 23 21:39:57 ip-172-31-10-147 kubelet[13623]: E0923 21:39:57.936217   13623 status_manager.go:1164] "Failed to get status for pod" err="Get \"https://172.31.10.147:6443/api/v1/namespaces/kube-system/pods/kube-scheduler-ip-172-31-10-147\": dial tcp 172.31.10.147:6443: connect: connection refused" podUID="b6fbb832ff5a81e885c63fbca0306dce" pod="kube-system/kube-scheduler-ip-172-31-10-147"
Sep 23 21:39:58 ip-172-31-10-147 kubelet[13623]: E0923 21:39:58.999039   13623 event.go:368] "Unable to write event (may retry after sleeping)" err="Post \"https://172.31.10.147:6443/api/v1/namespaces/kube-system/events\": dial tcp 172.31.10.147:6443: connect: connection refused" event="&Event{ObjectMeta:{kube-controller-manager-ip-172-31-10-147.18d8110a00cfdb1c  kube-system    0 0001-01-01 00:00:00 +0000 UTC <nil> <nil> map[] map[] [] [] []},InvolvedObject:ObjectReference{Kind:Pod,Namespace:kube-system,Name:kube-controller-manager-ip-172-31-10-147,UID:ec926ddc197c2b2b715fadb00c990026,APIVersion:v1,ResourceVersion:,FieldPath:spec.containers{kube-controller-manager},},Reason:BackOff,Message:Back-off restarting failed container kube-controller-manager in pod kube-controller-manager-ip-172-31-10-147_kube-system(ec926ddc197c2b2b715fadb00c990026),Source:EventSource{Component:kubelet,Host:ip-172-31-10-147,},FirstTimestamp:2026-09-23 21:39:46.540739356 +0000 UTC m=+220.061308571,LastTimestamp:2026-09-23 21:39:46.540739356 +0000 UTC m=+220.061308571,Count:1,Type:Warning,EventTime:0001-01-01 00:00:00 +0000 UTC,Series:nil,Action:,Related:nil,ReportingController:kubelet,ReportingInstance:ip-172-31-10-147,}"
Sep 23 21:40:02 ip-172-31-10-147 kubelet[13623]: E0923 21:40:02.112524   13623 controller.go:201] "Failed to ensure lease exists, will retry" err="Get \"https://172.31.10.147:6443/apis/coordination.k8s.io/v1/namespaces/kube-node-lease/leases/ip-172-31-10-147?timeout=10s\": dial tcp 172.31.10.147:6443: connect: connection refused" interval="7s"
